{
"type": "FeatureCollection",
"name": "Land Use Classifacation",
"crs": { "type": "name", "properties": { "name": "urn:ogc:def:crs:OGC:1.3:CRS84" } },
"features": [
{ "type": "Feature", "properties": { "osm_id": 489091274, "osm_type": "ways_poly", "opening_hours": null, "landuse": "grass", "denomination": null, "building": null, "leisure": null, "name": null, "historic": null, "amenity": null, "religion": null }, "geometry": { "type": "MultiPolygon", "coordinates": [ [ [ [ 55.3375954, 25.2399953 ], [ 55.3375961, 25.2399492 ], [ 55.3376048, 25.2399195 ], [ 55.3376263, 25.239894 ], [ 55.3376625, 25.2398685 ], [ 55.3376954, 25.23986 ], [ 55.3377269, 25.2398594 ], [ 55.3377584, 25.2398685 ], [ 55.3377859, 25.2398873 ], [ 55.3378067, 25.239911 ], [ 55.3378234, 25.2399431 ], [ 55.3378355, 25.2399795 ], [ 55.3378402, 25.2400299 ], [ 55.3378308, 25.2400778 ], [ 55.3378047, 25.240116 ], [ 55.3377678, 25.2401348 ], [ 55.3377195, 25.2401415 ], [ 55.3376819, 25.2401354 ], [ 55.337643, 25.2401221 ], [ 55.3376142, 25.240093 ], [ 55.3376042, 25.2400687 ], [ 55.3376008, 25.2400359 ], [ 55.3375954, 25.2399953 ] ] ] ] } },
{ "type": "Feature", "properties": { "osm_id": 1267898887, "osm_type": "ways_poly", "opening_hours": null, "landuse": "grass", "denomination": null, "building": null, "leisure": null, "name": null, "historic": null, "amenity": null, "religion": null }, "geometry": { "type": "MultiPolygon", "coordinates": [ [ [ [ 55.3327484, 25.2294307 ], [ 55.3327497, 25.2294252 ], [ 55.332792, 25.2293462 ], [ 55.3327954, 25.2293412 ], [ 55.3328012, 25.2293384 ], [ 55.3328077, 25.2293386 ], [ 55.3328132, 25.2293417 ], [ 55.3328317, 25.2293571 ], [ 55.3328491, 25.2293735 ], [ 55.3328653, 25.2293909 ], [ 55.3328863, 25.2294136 ], [ 55.3328879, 25.2294191 ], [ 55.3328857, 25.2294245 ], [ 55.3328805, 25.2294279 ], [ 55.3328742, 25.2294281 ], [ 55.3328528, 25.2294269 ], [ 55.3328315, 25.2294272 ], [ 55.3328102, 25.2294291 ], [ 55.3327891, 25.2294325 ], [ 55.3327684, 25.2294375 ], [ 55.3327618, 25.2294397 ], [ 55.3327555, 25.2294393 ], [ 55.3327506, 25.2294359 ], [ 55.3327484, 25.2294307 ] ] ] ] } },
{ "type": "Feature", "properties": { "osm_id": 1127466970, "osm_type": "ways_poly", "opening_hours": null, "landuse": null, "denomination": null, "building": "yes", "leisure": null, "name": null, "historic": null, "amenity": "toilets", "religion": null }, "geometry": { "type": "MultiPolygon", "coordinates": [ [ [ [ 55.3263327, 25.2351758 ], [ 55.3263414, 25.235153 ], [ 55.3263857, 25.2351406 ], [ 55.3263998, 25.2351506 ], [ 55.3264155, 25.2351815 ], [ 55.3264484, 25.2351691 ], [ 55.3264678, 25.2351688 ], [ 55.3264773, 25.235188 ], [ 55.3264873, 25.2352082 ], [ 55.3264789, 25.2352298 ], [ 55.3264434, 25.2352428 ], [ 55.3264293, 25.2352428 ], [ 55.3263515, 25.2352149 ], [ 55.3263327, 25.2351758 ] ] ] ] } },
{ "type": "Feature", "properties": { "osm_id": 1265762054, "osm_type": "ways_poly", "opening_hours": null, "landuse": "grass", "denomination": null, "building": null, "leisure": null, "name": null, "historic": null, "amenity": null, "religion": null }, "geometry": { "type": "MultiPolygon", "coordinates": [ [ [ [ 55.3270412, 25.237571 ], [ 55.3270494, 25.2375612 ], [ 55.3270851, 25.2375921 ], [ 55.3270888, 25.2375957 ], [ 55.3270889, 25.2376007 ], [ 55.3270852, 25.2376044 ], [ 55.3270797, 25.2376049 ], [ 55.3270753, 25.2376019 ], [ 55.3270412, 25.237571 ] ] ] ] } },
{ "type": "Feature", "properties": { "osm_id": 1265762055, "osm_type": "ways_poly", "opening_hours": null, "landuse": "grass", "denomination": null, "building": null, "leisure": null, "name": null, "historic": null, "amenity": null, "religion": null }, "geometry": { "type": "MultiPolygon", "coordinates": [ [ [ [ 55.327049, 25.2375265 ], [ 55.3270494, 25.237472 ], [ 55.3270615, 25.2374721 ], [ 55.3270612, 25.2375194 ], [ 55.327049, 25.2375265 ] ] ] ] } },
{ "type": "Feature", "properties": { "osm_id": 1111701297, "osm_type": "ways_poly", "opening_hours": null, "landuse": null, "denomination": null, "building": "yes", "leisure": null, "name": null, "historic": null, "amenity": "toilets", "religion": null }, "geometry": { "type": "MultiPolygon", "coordinates": [ [ [ [ 55.332115, 25.2328754 ], [ 55.3321481, 25.2328502 ], [ 55.3321722, 25.2328508 ], [ 55.332195, 25.2328793 ], [ 55.3321953, 25.2328969 ], [ 55.3321575, 25.2329233 ], [ 55.332138, 25.2329206 ], [ 55.3321166, 25.2328939 ], [ 55.332115, 25.2328754 ] ] ] ] } },
{ "type": "Feature", "properties": { "osm_id": 1264052135, "osm_type": "ways_poly", "opening_hours": null, "landuse": null, "denomination": null, "building": "yes", "leisure": null, "name": null, "historic": null, "amenity": "toilets", "religion": null }, "geometry": { "type": "MultiPolygon", "coordinates": [ [ [ [ 55.3305384, 25.2342362 ], [ 55.3305472, 25.2342192 ], [ 55.3305897, 25.2342171 ], [ 55.3306052, 25.2342329 ], [ 55.3306045, 25.2342687 ], [ 55.330585, 25.2342826 ], [ 55.3305542, 25.2342826 ], [ 55.3305388, 25.2342681 ], [ 55.3305384, 25.2342362 ] ] ] ] } },
{ "type": "Feature", "properties": { "osm_id": 1109984923, "osm_type": "ways_poly", "opening_hours": null, "landuse": null, "denomination": null, "building": "yes", "leisure": null, "name": null, "historic": null, "amenity": "toilets", "religion": null }, "geometry": { "type": "MultiPolygon", "coordinates": [ [ [ [ 55.3294491, 25.2341547 ], [ 55.3294602, 25.2341386 ], [ 55.3295061, 25.2341383 ], [ 55.3295215, 25.2341541 ], [ 55.3295208, 25.2341923 ], [ 55.3295014, 25.2342062 ], [ 55.3294652, 25.2342062 ], [ 55.3294497, 25.2341917 ], [ 55.3294491, 25.2341547 ] ] ] ] } },
{ "type": "Feature", "properties": { "osm_id": 1265762058, "osm_type": "ways_poly", "opening_hours": null, "landuse": "grass", "denomination": null, "building": null, "leisure": null, "name": null, "historic": null, "amenity": null, "religion": null }, "geometry": { "type": "MultiPolygon", "coordinates": [ [ [ [ 55.3265357, 25.2375849 ], [ 55.3265671, 25.2375845 ], [ 55.3265667, 25.2375596 ], [ 55.3266036, 25.2375293 ], [ 55.3266147, 25.2375356 ], [ 55.3265791, 25.2375652 ], [ 55.3265795, 25.2375915 ], [ 55.3265358, 25.2375921 ], [ 55.3265357, 25.2375849 ] ] ] ] } },
{ "type": "Feature", "properties": { "osm_id": 1265762056, "osm_type": "ways_poly", "opening_hours": null, "landuse": "grass", "denomination": null, "building": null, "leisure": null, "name": null, "historic": null, "amenity": null, "religion": null }, "geometry": { "type": "MultiPolygon", "coordinates": [ [ [ [ 55.3267035, 25.2374654 ], [ 55.3267452, 25.2374228 ], [ 55.3267537, 25.2374296 ], [ 55.3267119, 25.2374722 ], [ 55.3267035, 25.2374654 ] ] ] ] } },
{ "type": "Feature", "properties": { "osm_id": 1265762059, "osm_type": "ways_poly", "opening_hours": null, "landuse": "grass", "denomination": null, "building": null, "leisure": null, "name": null, "historic": null, "amenity": null, "religion": null }, "geometry": { "type": "MultiPolygon", "coordinates": [ [ [ [ 55.3265928, 25.237724 ], [ 55.326593, 25.2377188 ], [ 55.3265963, 25.2377145 ], [ 55.3266017, 25.2377127 ], [ 55.3266073, 25.2377138 ], [ 55.3266113, 25.2377175 ], [ 55.3266251, 25.2377472 ], [ 55.3266274, 25.2377521 ], [ 55.3266248, 25.2377569 ], [ 55.326619, 25.2377578 ], [ 55.3266147, 25.2377541 ], [ 55.3265959, 25.2377285 ], [ 55.3265928, 25.237724 ] ] ] ] } },
{ "type": "Feature", "properties": { "osm_id": 213547328, "osm_type": "ways_poly", "opening_hours": null, "landuse": "grass", "denomination": null, "building": null, "leisure": null, "name": null, "historic": null, "amenity": null, "religion": null }, "geometry": { "type": "MultiPolygon", "coordinates": [ [ [ [ 55.3685055, 25.2156141 ], [ 55.3685139, 25.2155657 ], [ 55.3685407, 25.2154536 ], [ 55.3685674, 25.2153784 ], [ 55.3685857, 25.2153032 ], [ 55.3686026, 25.2152051 ], [ 55.3686083, 25.2150969 ], [ 55.3686111, 25.2150153 ], [ 55.3686224, 25.2149669 ], [ 55.3686843, 25.2148726 ], [ 55.3688209, 25.2147414 ], [ 55.3689237, 25.2146739 ], [ 55.3689913, 25.2145796 ], [ 55.3689969, 25.2144994 ], [ 55.3689603, 25.2144357 ], [ 55.3688857, 25.2143618 ], [ 55.3688632, 25.2143261 ], [ 55.3688589, 25.2142904 ], [ 55.3688786, 25.2138343 ], [ 55.3689096, 25.2137655 ], [ 55.3689406, 25.2137222 ], [ 55.3689772, 25.213684 ], [ 55.3690082, 25.2136279 ], [ 55.3690096, 25.2135872 ], [ 55.3690617, 25.2135833 ], [ 55.3690955, 25.2135668 ], [ 55.3691138, 25.2135413 ], [ 55.3692096, 25.2135757 ], [ 55.3692856, 25.213605 ], [ 55.3693264, 25.2136445 ], [ 55.3693307, 25.2136967 ], [ 55.3692884, 25.2140445 ], [ 55.3692983, 25.2142446 ], [ 55.3692941, 25.2143299 ], [ 55.3692884, 25.2144013 ], [ 55.3692589, 25.2146637 ], [ 55.3691927, 25.2147605 ], [ 55.3691209, 25.2148051 ], [ 55.3690673, 25.2148739 ], [ 55.3690279, 25.215 ], [ 55.3690406, 25.2151262 ], [ 55.3690631, 25.2151975 ], [ 55.3690758, 25.2152663 ], [ 55.3689237, 25.2156829 ], [ 55.3688899, 25.2157963 ], [ 55.3688632, 25.2158345 ], [ 55.3688406, 25.2158561 ], [ 55.3687956, 25.215874 ], [ 55.3687308, 25.2158791 ], [ 55.3686745, 25.2158778 ], [ 55.3686195, 25.2158561 ], [ 55.3685843, 25.2158332 ], [ 55.3685463, 25.2158077 ], [ 55.3685168, 25.2157529 ], [ 55.3685069, 25.2156867 ], [ 55.3685055, 25.2156141 ] ] ] ] } },
{ "type": "Feature", "properties": { "osm_id": 500476857, "osm_type": "ways_poly", "opening_hours": null, "landuse": null, "denomination": null, "building": "yes", "leisure": null, "name": null, "historic": null, "amenity": "place_of_worship", "religion": "muslim" }, "geometry": { "type": "MultiPolygon", "coordinates": [ [ [ [ 55.4379917, 25.192037 ], [ 55.4380126, 25.1918855 ], [ 55.4382163, 25.1917588 ], [ 55.4383685, 25.1919592 ], [ 55.4383708, 25.1920244 ], [ 55.4383275, 25.1920746 ], [ 55.4380893, 25.1921886 ], [ 55.4380994, 25.1921144 ], [ 55.4380475, 25.1921086 ], [ 55.4379917, 25.192037 ] ] ] ] } },
{ "type": "Feature", "properties": { "osm_id": 462772436, "osm_type": "ways_poly", "opening_hours": null, "landuse": "forest", "denomination": null, "building": null, "leisure": null, "name": null, "historic": null, "amenity": null, "religion": null }, "geometry": { "type": "MultiPolygon", "coordinates": [ [ [ [ 55.459902, 25.2070134 ], [ 55.4602389, 25.2069463 ], [ 55.4605354, 25.2076779 ], [ 55.4608252, 25.2091228 ], [ 55.4607915, 25.2092691 ], [ 55.4603872, 25.2093118 ], [ 55.4601244, 25.2082632 ], [ 55.4600031, 25.2075072 ], [ 55.459902, 25.2070134 ] ] ] ] } },
{ "type": "Feature", "properties": { "osm_id": 462773182, "osm_type": "ways_poly", "opening_hours": null, "landuse": "forest", "denomination": null, "building": null, "leisure": null, "name": null, "historic": null, "amenity": null, "religion": null }, "geometry": { "type": "MultiPolygon", "coordinates": [ [ [ [ 55.4512456, 25.2286812 ], [ 55.4512757, 25.2283224 ], [ 55.4513654, 25.2272305 ], [ 55.4515531, 25.2262939 ], [ 55.4518965, 25.2250467 ], [ 55.4520283, 25.2250304 ], [ 55.4538814, 25.2249268 ], [ 55.4558827, 25.2249756 ], [ 55.4552156, 25.225384 ], [ 55.4552088, 25.2254998 ], [ 55.4555188, 25.2262923 ], [ 55.455849, 25.2272005 ], [ 55.4564419, 25.2286269 ], [ 55.4566104, 25.2290719 ], [ 55.456543, 25.2292364 ], [ 55.4562533, 25.2294376 ], [ 55.4544609, 25.2296327 ], [ 55.4524798, 25.229907 ], [ 55.4522103, 25.229779 ], [ 55.4516779, 25.229334 ], [ 55.4513275, 25.2289195 ], [ 55.4512456, 25.2286812 ] ] ] ] } },
{ "type": "Feature", "properties": { "osm_id": 462774186, "osm_type": "ways_poly", "opening_hours": null, "landuse": "forest", "denomination": null, "building": null, "leisure": null, "name": null, "historic": null, "amenity": null, "religion": null }, "geometry": { "type": "MultiPolygon", "coordinates": [ [ [ [ 55.4428537, 25.2178286 ], [ 55.4431673, 25.2175642 ], [ 55.4436234, 25.2171386 ], [ 55.4440725, 25.2165776 ], [ 55.4443433, 25.2157845 ], [ 55.4447282, 25.2156685 ], [ 55.4454124, 25.2156169 ], [ 55.4464387, 25.2155975 ], [ 55.4462178, 25.2163133 ], [ 55.4458543, 25.2170548 ], [ 55.4455193, 25.2177963 ], [ 55.4450346, 25.2190859 ], [ 55.444721, 25.2199242 ], [ 55.4444787, 25.2205947 ], [ 55.444215, 25.2207559 ], [ 55.444272, 25.2204335 ], [ 55.4442934, 25.2202466 ], [ 55.4432671, 25.2184218 ], [ 55.4428537, 25.2178286 ] ] ] ] } },
{ "type": "Feature", "properties": { "osm_id": 1134791904, "osm_type": "ways_poly", "opening_hours": null, "landuse": "residential", "denomination": null, "building": null, "leisure": null, "name": "الطوار 4", "historic": null, "amenity": null, "religion": null }, "geometry": { "type": "MultiPolygon", "coordinates": [ [ [ [ 55.3903389, 25.2613042 ], [ 55.3903659, 25.2611442 ], [ 55.3904089, 25.2610605 ], [ 55.3906223, 25.2609207 ], [ 55.3909476, 25.2606666 ], [ 55.3920561, 25.2599267 ], [ 55.3941393, 25.2586512 ], [ 55.395525, 25.2578486 ], [ 55.398198, 25.256252 ], [ 55.4016215, 25.2542449 ], [ 55.4035417, 25.2531785 ], [ 55.4040773, 25.2529715 ], [ 55.4044515, 25.2528584 ], [ 55.4047297, 25.2528549 ], [ 55.4049465, 25.2528908 ], [ 55.4051095, 25.2529563 ], [ 55.4052002, 25.2530774 ], [ 55.4052565, 25.2531659 ], [ 55.4053357, 25.2534109 ], [ 55.4061548, 25.2557865 ], [ 55.4079996, 25.2611496 ], [ 55.4079377, 25.2618399 ], [ 55.407521, 25.2640927 ], [ 55.4070159, 25.265219 ], [ 55.4068238, 25.2654015 ], [ 55.4061128, 25.2658202 ], [ 55.4055072, 25.266183 ], [ 55.4050117, 25.2663985 ], [ 55.4044409, 25.2666079 ], [ 55.40398, 25.2666965 ], [ 55.4034792, 25.2668068 ], [ 55.4030307, 25.2669582 ], [ 55.4025943, 25.267149 ], [ 55.3982533, 25.2696551 ], [ 55.3967345, 25.2704939 ], [ 55.3965699, 25.2705484 ], [ 55.3964628, 25.2705896 ], [ 55.3963722, 25.2706003 ], [ 55.3962886, 25.2705922 ], [ 55.3962077, 25.2705707 ], [ 55.3961389, 25.2705246 ], [ 55.3960662, 25.2704568 ], [ 55.3960182, 25.2703681 ], [ 55.3959423, 25.2701595 ], [ 55.3957296, 25.2696502 ], [ 55.3954679, 25.2691931 ], [ 55.3950193, 25.2684906 ], [ 55.3937243, 25.2665532 ], [ 55.3909526, 25.2624224 ], [ 55.3903686, 25.261476 ], [ 55.3903389, 25.2613042 ] ] ] ] } },
{ "type": "Feature", "properties": { "osm_id": 500727964, "osm_type": "ways_poly", "opening_hours": null, "landuse": null, "denomination": null, "building": "yes", "leisure": null, "name": null, "historic": null, "amenity": "place_of_worship", "religion": "muslim" }, "geometry": { "type": "MultiPolygon", "coordinates": [ [ [ [ 55.4312404, 25.2446389 ], [ 55.4312845, 25.2444773 ], [ 55.4314544, 25.2445153 ], [ 55.4314103, 25.2446768 ], [ 55.4312404, 25.2446389 ] ] ] ] } },
{ "type": "Feature", "properties": { "osm_id": 500744128, "osm_type": "ways_poly", "opening_hours": null, "landuse": null, "denomination": null, "building": "yes", "leisure": null, "name": null, "historic": null, "amenity": "place_of_worship", "religion": "muslim" }, "geometry": { "type": "MultiPolygon", "coordinates": [ [ [ [ 55.4326334, 25.238823 ], [ 55.4326602, 25.2387073 ], [ 55.4327913, 25.2387322 ], [ 55.4327644, 25.2388479 ], [ 55.4326334, 25.238823 ] ] ] ] } },
{ "type": "Feature", "properties": { "osm_id": 500534336, "osm_type": "ways_poly", "opening_hours": null, "landuse": null, "denomination": null, "building": "yes", "leisure": null, "name": null, "historic": null, "amenity": "place_of_worship", "religion": "muslim" }, "geometry": { "type": "MultiPolygon", "coordinates": [ [ [ [ 55.4437191, 25.2457953 ], [ 55.4437546, 25.2456535 ], [ 55.4438344, 25.2456698 ], [ 55.4438538, 25.2455921 ], [ 55.4439812, 25.2456182 ], [ 55.4439609, 25.2456993 ], [ 55.4439899, 25.2457053 ], [ 55.4439554, 25.2458431 ], [ 55.443934, 25.2458387 ], [ 55.4439155, 25.2459127 ], [ 55.44378, 25.245885 ], [ 55.4437984, 25.2458116 ], [ 55.4437191, 25.2457953 ] ] ] ] } },
{ "type": "Feature", "properties": { "osm_id": 499974625, "osm_type": "ways_poly", "opening_hours": null, "landuse": null, "denomination": null, "building": "yes", "leisure": null, "name": null, "historic": null, "amenity": "place_of_worship", "religion": "muslim" }, "geometry": { "type": "MultiPolygon", "coordinates": [ [ [ [ 55.437004, 25.2580193 ], [ 55.437039, 25.2578196 ], [ 55.4371706, 25.2578385 ], [ 55.4371665, 25.2578615 ], [ 55.4372296, 25.2578705 ], [ 55.437203, 25.2580224 ], [ 55.4371643, 25.2580169 ], [ 55.4371599, 25.2580417 ], [ 55.437004, 25.2580193 ] ] ] ] } },
{ "type": "Feature", "properties": { "osm_id": 500271444, "osm_type": "ways_poly", "opening_hours": null, "landuse": null, "denomination": null, "building": "yes", "leisure": null, "name": null, "historic": null, "amenity": "place_of_worship", "religion": "muslim" }, "geometry": { "type": "MultiPolygon", "coordinates": [ [ [ [ 55.4413855, 25.2627754 ], [ 55.4414345, 25.2625587 ], [ 55.4417606, 25.262619 ], [ 55.4416825, 25.2629648 ], [ 55.4415137, 25.2629337 ], [ 55.4415429, 25.2628045 ], [ 55.4413855, 25.2627754 ] ] ] ] } },
{ "type": "Feature", "properties": { "osm_id": 500497671, "osm_type": "ways_poly", "opening_hours": null, "landuse": null, "denomination": "sunni", "building": "mosque", "leisure": null, "name": null, "historic": null, "amenity": "place_of_worship", "religion": "muslim" }, "geometry": { "type": "MultiPolygon", "coordinates": [ [ [ [ 55.4480719, 25.2455969 ], [ 55.4481099, 25.2454497 ], [ 55.4482161, 25.2454721 ], [ 55.4482314, 25.2454129 ], [ 55.4483915, 25.2454467 ], [ 55.4483225, 25.245714 ], [ 55.4481698, 25.2456818 ], [ 55.4481855, 25.2456209 ], [ 55.4480719, 25.2455969 ] ] ] ] } },
{ "type": "Feature", "properties": { "osm_id": 500756235, "osm_type": "ways_poly", "opening_hours": null, "landuse": null, "denomination": "sunni", "building": "mosque", "leisure": null, "name": null, "historic": null, "amenity": "place_of_worship", "religion": "muslim" }, "geometry": { "type": "MultiPolygon", "coordinates": [ [ [ [ 55.4524302, 25.2450921 ], [ 55.4524808, 25.2448408 ], [ 55.452621, 25.2448639 ], [ 55.4526427, 25.2447565 ], [ 55.4527817, 25.2447794 ], [ 55.4526907, 25.2452312 ], [ 55.45254, 25.2452063 ], [ 55.4525587, 25.2451133 ], [ 55.4524302, 25.2450921 ] ] ] ] } },
{ "type": "Feature", "properties": { "osm_id": 500503085, "osm_type": "ways_poly", "opening_hours": null, "landuse": null, "denomination": null, "building": "yes", "leisure": null, "name": null, "historic": null, "amenity": "place_of_worship", "religion": "muslim" }, "geometry": { "type": "MultiPolygon", "coordinates": [ [ [ [ 55.4483807, 25.250914 ], [ 55.4484125, 25.2507635 ], [ 55.4485689, 25.2507905 ], [ 55.4485371, 25.2509411 ], [ 55.4483807, 25.250914 ] ] ] ] } },
{ "type": "Feature", "properties": { "osm_id": 500734657, "osm_type": "ways_poly", "opening_hours": null, "landuse": null, "denomination": null, "building": "yes", "leisure": null, "name": null, "historic": null, "amenity": "place_of_worship", "religion": "muslim" }, "geometry": { "type": "MultiPolygon", "coordinates": [ [ [ [ 55.4490834, 25.2405207 ], [ 55.4491526, 25.2402286 ], [ 55.4494527, 25.2402867 ], [ 55.4493835, 25.2405789 ], [ 55.4490834, 25.2405207 ] ] ] ] } },
{ "type": "Feature", "properties": { "osm_id": 462773183, "osm_type": "ways_poly", "opening_hours": null, "landuse": "forest", "denomination": null, "building": null, "leisure": null, "name": null, "historic": null, "amenity": null, "religion": null }, "geometry": { "type": "MultiPolygon", "coordinates": [ [ [ [ 55.4511991, 25.2292347 ], [ 55.4512201, 25.2289842 ], [ 55.4513679, 25.2290588 ], [ 55.451552, 25.2293141 ], [ 55.4521206, 25.229884 ], [ 55.452452, 25.2300098 ], [ 55.4532374, 25.229884 ], [ 55.454256, 25.2297434 ], [ 55.4545997, 25.229699 ], [ 55.4556592, 25.2295806 ], [ 55.4557819, 25.2295918 ], [ 55.4522704, 25.2301486 ], [ 55.4513345, 25.2293502 ], [ 55.4511991, 25.2292347 ] ] ] ] } },
{ "type": "Feature", "properties": { "osm_id": 204159972, "osm_type": "ways_poly", "opening_hours": null, "landuse": "residential", "denomination": null, "building": null, "leisure": null, "name": null, "historic": null, "amenity": null, "religion": null }, "geometry": { "type": "MultiPolygon", "coordinates": [ [ [ [ 55.4303859, 25.2548383 ], [ 55.430647, 25.2546762 ], [ 55.4309365, 25.2547346 ], [ 55.4308526, 25.2551302 ], [ 55.4305649, 25.2550786 ], [ 55.4303859, 25.2548383 ] ] ] ] } },
{ "type": "Feature", "properties": { "osm_id": 1134486846, "osm_type": "ways_poly", "opening_hours": null, "landuse": "residential", "denomination": null, "building": null, "leisure": null, "name": "المزهر 1", "historic": null, "amenity": null, "religion": null }, "geometry": { "type": "MultiPolygon", "coordinates": [ [ [ [ 55.4258826, 25.2357074 ], [ 55.425917, 25.2355163 ], [ 55.4260251, 25.2353052 ], [ 55.426228, 25.2351605 ], [ 55.4278143, 25.2347895 ], [ 55.4341795, 25.2335853 ], [ 55.4389345, 25.2328366 ], [ 55.4442484, 25.2319989 ], [ 55.4464885, 25.231653 ], [ 55.450905, 25.2309425 ], [ 55.4523446, 25.2385549 ], [ 55.4529344, 25.2418041 ], [ 55.4530579, 25.242462 ], [ 55.4534326, 25.244336 ], [ 55.4546542, 25.2515192 ], [ 55.4549522, 25.2529444 ], [ 55.455223, 25.2544394 ], [ 55.4555148, 25.2561589 ], [ 55.4556937, 25.2570443 ], [ 55.4557025, 25.2571354 ], [ 55.455678, 25.2572183 ], [ 55.4556089, 25.2573278 ], [ 55.4555341, 25.2574199 ], [ 55.455429, 25.2574912 ], [ 55.4552732, 25.2575401 ], [ 55.4538061, 25.2577178 ], [ 55.4527319, 25.2577778 ], [ 55.4462267, 25.2579647 ], [ 55.443553, 25.2580312 ], [ 55.4425241, 25.2580541 ], [ 55.4412004, 25.2580952 ], [ 55.4404867, 25.2580624 ], [ 55.4398679, 25.2579584 ], [ 55.4392155, 25.2577755 ], [ 55.4387137, 25.2575651 ], [ 55.4383381, 25.2573805 ], [ 55.4382639, 25.2573014 ], [ 55.4381806, 25.2571784 ], [ 55.4381479, 25.2570675 ], [ 55.4381314, 25.2569246 ], [ 55.4379683, 25.2567513 ], [ 55.4377986, 25.2566766 ], [ 55.4376418, 25.2567054 ], [ 55.4374674, 25.2567488 ], [ 55.4373454, 25.2567392 ], [ 55.4372022, 25.2566748 ], [ 55.4364085, 25.2563123 ], [ 55.4356582, 25.2561111 ], [ 55.4339632, 25.2558488 ], [ 55.4327426, 25.2556507 ], [ 55.4304852, 25.2552441 ], [ 55.4301992, 25.2551282 ], [ 55.4301, 25.2550046 ], [ 55.4300856, 25.2548769 ], [ 55.4301094, 25.2546846 ], [ 55.4300526, 25.2545651 ], [ 55.430375, 25.2529599 ], [ 55.4308989, 25.2503643 ], [ 55.4311914, 25.2483559 ], [ 55.4311795, 25.2477276 ], [ 55.431197, 25.2476546 ], [ 55.4312507, 25.2475844 ], [ 55.4313149, 25.2474846 ], [ 55.4313075, 25.2473091 ], [ 55.4311754, 25.247154 ], [ 55.4310708, 25.2470547 ], [ 55.4310278, 25.2469079 ], [ 55.430979, 25.2466396 ], [ 55.4307633, 25.2460974 ], [ 55.4305004, 25.2455725 ], [ 55.4301723, 25.2450559 ], [ 55.429168, 25.2435427 ], [ 55.4283909, 25.2423714 ], [ 55.4275598, 25.2411276 ], [ 55.4269865, 25.2402657 ], [ 55.4266672, 25.2397548 ], [ 55.4265048, 25.2393652 ], [ 55.4263553, 25.2387425 ], [ 55.4261647, 25.2377576 ], [ 55.4259474, 25.2362933 ], [ 55.4258826, 25.2357074 ] ] ] ] } },
{ "type": "Feature", "properties": { "osm_id": 477087272, "osm_type": "ways_poly", "opening_hours": null, "landuse": "industrial", "denomination": null, "building": null, "leisure": null, "name": null, "historic": null, "amenity": null, "religion": null }, "geometry": { "type": "MultiPolygon", "coordinates": [ [ [ [ 55.4493789, 25.191452 ], [ 55.4499708, 25.1911773 ], [ 55.4504302, 25.1919766 ], [ 55.4499317, 25.1922106 ], [ 55.4498238, 25.1922613 ], [ 55.4497188, 25.1920593 ], [ 55.4494289, 25.1915414 ], [ 55.4493789, 25.191452 ] ] ] ] } },
{ "type": "Feature", "properties": { "osm_id": 462774193, "osm_type": "ways_poly", "opening_hours": null, "landuse": "forest", "denomination": null, "building": null, "leisure": null, "name": null, "historic": null, "amenity": null, "religion": null }, "geometry": { "type": "MultiPolygon", "coordinates": [ [ [ [ 55.4473208, 25.2294933 ], [ 55.4473425, 25.2283582 ], [ 55.4473641, 25.2268708 ], [ 55.4473857, 25.2256495 ], [ 55.447416, 25.2251407 ], [ 55.4475946, 25.2250548 ], [ 55.4484545, 25.2250545 ], [ 55.4494194, 25.2250545 ], [ 55.4504925, 25.2249958 ], [ 55.4514471, 25.224986 ], [ 55.4510183, 25.2266446 ], [ 55.4509097, 25.2271621 ], [ 55.4508661, 25.2276965 ], [ 55.4507886, 25.228895 ], [ 55.4507798, 25.229 ], [ 55.4503332, 25.2292538 ], [ 55.4496939, 25.2295524 ], [ 55.4494959, 25.229877 ], [ 55.4493267, 25.2302203 ], [ 55.4489564, 25.2304954 ], [ 55.4474506, 25.2307498 ], [ 55.4473252, 25.2307381 ], [ 55.4473208, 25.2294933 ] ] ] ] } },
{ "type": "Feature", "properties": { "osm_id": 462773184, "osm_type": "ways_poly", "opening_hours": null, "landuse": "forest", "denomination": null, "building": null, "leisure": null, "name": null, "historic": null, "amenity": null, "religion": null }, "geometry": { "type": "MultiPolygon", "coordinates": [ [ [ [ 55.4451266, 25.2104817 ], [ 55.4456927, 25.2102866 ], [ 55.4461576, 25.2101891 ], [ 55.4467641, 25.212018 ], [ 55.4467391, 25.2122078 ], [ 55.4467814, 25.2122497 ], [ 55.4469977, 25.2122182 ], [ 55.4471442, 25.212203 ], [ 55.4472464, 25.2123776 ], [ 55.4472512, 25.2125052 ], [ 55.4472168, 25.2125822 ], [ 55.4471763, 25.2126839 ], [ 55.4471789, 25.2127663 ], [ 55.4472237, 25.2128809 ], [ 55.447259, 25.2130565 ], [ 55.4473141, 25.2131521 ], [ 55.4473594, 25.2132452 ], [ 55.4473895, 25.213345 ], [ 55.4472787, 25.2134062 ], [ 55.4471311, 25.2134757 ], [ 55.4470238, 25.2135221 ], [ 55.4469184, 25.213565 ], [ 55.446827, 25.2135933 ], [ 55.4467118, 25.2133795 ], [ 55.4466739, 25.2133098 ], [ 55.4466226, 25.213219 ], [ 55.4451266, 25.2104817 ] ] ] ] } },
{ "type": "Feature", "properties": { "osm_id": 366770334, "osm_type": "ways_poly", "opening_hours": null, "landuse": "recreation_ground", "denomination": null, "building": null, "leisure": null, "name": null, "historic": null, "amenity": null, "religion": null }, "geometry": { "type": "MultiPolygon", "coordinates": [ [ [ [ 55.4650245, 25.223544 ], [ 55.466446, 25.2231169 ], [ 55.466784, 25.2246456 ], [ 55.4652819, 25.2248785 ], [ 55.4650245, 25.223544 ] ] ] ] } },
{ "type": "Feature", "properties": { "osm_id": 489091250, "osm_type": "ways_poly", "opening_hours": null, "landuse": "grass", "denomination": null, "building": null, "leisure": null, "name": null, "historic": null, "amenity": null, "religion": null }, "geometry": { "type": "MultiPolygon", "coordinates": [ [ [ [ 55.3397754, 25.2397125 ], [ 55.3398303, 25.239707 ], [ 55.3398391, 25.2397799 ], [ 55.3397842, 25.2397853 ], [ 55.3397754, 25.2397125 ] ] ] ] } },
{ "type": "Feature", "properties": { "osm_id": 488231353, "osm_type": "ways_poly", "opening_hours": null, "landuse": "grass", "denomination": null, "building": null, "leisure": null, "name": null, "historic": null, "amenity": null, "religion": null }, "geometry": { "type": "MultiPolygon", "coordinates": [ [ [ [ 55.3335275, 25.2462723 ], [ 55.3336619, 25.246138 ], [ 55.3337118, 25.2461789 ], [ 55.3335775, 25.2463131 ], [ 55.3335275, 25.2462723 ] ] ] ] } },
{ "type": "Feature", "properties": { "osm_id": 488231386, "osm_type": "ways_poly", "opening_hours": null, "landuse": "grass", "denomination": null, "building": null, "leisure": null, "name": null, "historic": null, "amenity": null, "religion": null }, "geometry": { "type": "MultiPolygon", "coordinates": [ [ [ [ 55.3362894, 25.2456909 ], [ 55.3363981, 25.2454846 ], [ 55.3364598, 25.2455112 ], [ 55.3363511, 25.2457176 ], [ 55.3362894, 25.2456909 ] ] ] ] } },
{ "type": "Feature", "properties": { "osm_id": 488231387, "osm_type": "ways_poly", "opening_hours": null, "landuse": "grass", "denomination": null, "building": null, "leisure": null, "name": null, "historic": null, "amenity": null, "religion": null }, "geometry": { "type": "MultiPolygon", "coordinates": [ [ [ [ 55.3364611, 25.2453401 ], [ 55.3365067, 25.2452539 ], [ 55.3365684, 25.2452805 ], [ 55.3365228, 25.2453668 ], [ 55.3364611, 25.2453401 ] ] ] ] } },
{ "type": "Feature", "properties": { "osm_id": 488231393, "osm_type": "ways_poly", "opening_hours": null, "landuse": "grass", "denomination": null, "building": null, "leisure": null, "name": null, "historic": null, "amenity": null, "religion": null }, "geometry": { "type": "MultiPolygon", "coordinates": [ [ [ [ 55.3384773, 25.2431036 ], [ 55.3385185, 25.2430357 ], [ 55.33856, 25.2430551 ], [ 55.3385189, 25.243123 ], [ 55.3384773, 25.2431036 ] ] ] ] } },
{ "type": "Feature", "properties": { "osm_id": 1257836252, "osm_type": "ways_poly", "opening_hours": null, "landuse": null, "denomination": null, "building": "mosque", "leisure": null, "name": null, "historic": null, "amenity": "place_of_worship", "religion": "muslim" }, "geometry": { "type": "MultiPolygon", "coordinates": [ [ [ [ 55.4500576, 25.2200405 ], [ 55.4500616, 25.2200212 ], [ 55.4500921, 25.2200264 ], [ 55.4501035, 25.2199715 ], [ 55.4501847, 25.2199853 ], [ 55.4501941, 25.2199399 ], [ 55.4503097, 25.2199595 ], [ 55.4503011, 25.2200008 ], [ 55.450288, 25.2199986 ], [ 55.4502812, 25.2200315 ], [ 55.450293, 25.2200335 ], [ 55.4502812, 25.2200907 ], [ 55.4502667, 25.2200882 ], [ 55.4502572, 25.2201337 ], [ 55.4502716, 25.2201361 ], [ 55.4502629, 25.2201779 ], [ 55.4501458, 25.220158 ], [ 55.4501553, 25.2201123 ], [ 55.4500727, 25.2200983 ], [ 55.4500838, 25.2200449 ], [ 55.4500576, 25.2200405 ] ] ] ] } },
{ "type": "Feature", "properties": { "osm_id": 462774194, "osm_type": "ways_poly", "opening_hours": null, "landuse": "forest", "denomination": null, "building": null, "leisure": null, "name": null, "historic": null, "amenity": null, "religion": null }, "geometry": { "type": "MultiPolygon", "coordinates": [ [ [ [ 55.4443932, 25.2218327 ], [ 55.4444632, 25.2218318 ], [ 55.4448946, 25.2220894 ], [ 55.4453364, 25.2223314 ], [ 55.4458479, 25.2226116 ], [ 55.4473131, 25.2234729 ], [ 55.4495891, 25.2243768 ], [ 55.4507478, 25.2241936 ], [ 55.4507401, 25.2245955 ], [ 55.450739, 25.2247626 ], [ 55.4507482, 25.2249173 ], [ 55.4500159, 25.2249285 ], [ 55.4484896, 25.2249489 ], [ 55.44733, 25.2249137 ], [ 55.4469406, 25.2245183 ], [ 55.4465684, 25.2239625 ], [ 55.4460492, 25.2232579 ], [ 55.4453785, 25.2226786 ], [ 55.4447078, 25.2221893 ], [ 55.4444699, 25.2219583 ], [ 55.4443932, 25.2218327 ] ] ] ] } },
{ "type": "Feature", "properties": { "osm_id": 1363059193, "osm_type": "ways_poly", "opening_hours": null, "landuse": "grass", "denomination": null, "building": null, "leisure": null, "name": null, "historic": null, "amenity": null, "religion": null }, "geometry": { "type": "MultiPolygon", "coordinates": [ [ [ [ 55.3800276, 25.2579202 ], [ 55.3800356, 25.2578765 ], [ 55.3800532, 25.2578352 ], [ 55.3800796, 25.2577979 ], [ 55.3801137, 25.2577662 ], [ 55.3801543, 25.2577413 ], [ 55.3801952, 25.2577255 ], [ 55.3802365, 25.2577184 ], [ 55.3802807, 25.2577181 ], [ 55.3803271, 25.2577215 ], [ 55.3803683, 25.2577364 ], [ 55.3804115, 25.257752 ], [ 55.3804621, 25.2577673 ], [ 55.3805182, 25.257771 ], [ 55.380574, 25.2577656 ], [ 55.3806224, 25.2577532 ], [ 55.3806679, 25.257734 ], [ 55.382461, 25.2567322 ], [ 55.3824902, 25.2567127 ], [ 55.3825215, 25.2566874 ], [ 55.3825407, 25.2566642 ], [ 55.3826905, 25.2564302 ], [ 55.382712, 25.2563938 ], [ 55.3827375, 25.2563583 ], [ 55.3827705, 25.2563284 ], [ 55.3828098, 25.2563051 ], [ 55.3828583, 25.2563041 ], [ 55.3829592, 25.2562442 ], [ 55.3829653, 25.2562209 ], [ 55.3829861, 25.2562096 ], [ 55.3830161, 25.2562114 ], [ 55.3830384, 25.256216 ], [ 55.3830633, 25.2562234 ], [ 55.3830843, 25.2562376 ], [ 55.3830993, 25.256257 ], [ 55.3831068, 25.2562797 ], [ 55.3831035, 25.2563182 ], [ 55.3830932, 25.2563558 ], [ 55.3830677, 25.2563928 ], [ 55.3830351, 25.2564257 ], [ 55.3829963, 25.2564525 ], [ 55.3825819, 25.256719 ], [ 55.3824076, 25.2568275 ], [ 55.3821903, 25.2569634 ], [ 55.3806526, 25.2578831 ], [ 55.3805544, 25.257938 ], [ 55.3804669, 25.257984 ], [ 55.3802874, 25.2580696 ], [ 55.3802709, 25.2580482 ], [ 55.3801521, 25.2580664 ], [ 55.3801159, 25.2580579 ], [ 55.3800765, 25.2580372 ], [ 55.3800546, 25.2580166 ], [ 55.3800387, 25.2579919 ], [ 55.3800295, 25.2579645 ], [ 55.3800276, 25.2579202 ] ] ] ] } },
{ "type": "Feature", "properties": { "osm_id": 499951888, "osm_type": "ways_poly", "opening_hours": null, "landuse": null, "denomination": null, "building": "yes", "leisure": null, "name": null, "historic": null, "amenity": "place_of_worship", "religion": "muslim" }, "geometry": { "type": "MultiPolygon", "coordinates": [ [ [ [ 55.3881494, 25.2290183 ], [ 55.3881974, 25.2287998 ], [ 55.3882913, 25.2287609 ], [ 55.3883056, 25.2287537 ], [ 55.3883582, 25.2287326 ], [ 55.3884295, 25.2287012 ], [ 55.3884433, 25.2287312 ], [ 55.3885867, 25.2290322 ], [ 55.3884503, 25.2290894 ], [ 55.3884309, 25.2290524 ], [ 55.3882994, 25.2290209 ], [ 55.3882885, 25.2290506 ], [ 55.3881494, 25.2290183 ] ] ] ] } },
{ "type": "Feature", "properties": { "osm_id": 502911280, "osm_type": "ways_poly", "opening_hours": null, "landuse": null, "denomination": null, "building": "yes", "leisure": null, "name": null, "historic": null, "amenity": "place_of_worship", "religion": "muslim" }, "geometry": { "type": "MultiPolygon", "coordinates": [ [ [ [ 55.4622109, 25.248904 ], [ 55.4622684, 25.2486607 ], [ 55.4624178, 25.2486889 ], [ 55.4624024, 25.2487494 ], [ 55.4624506, 25.2487584 ], [ 55.4624084, 25.2489413 ], [ 55.4622109, 25.248904 ] ] ] ] } },
{ "type": "Feature", "properties": { "osm_id": 462772437, "osm_type": "ways_poly", "opening_hours": null, "landuse": "forest", "denomination": null, "building": null, "leisure": null, "name": null, "historic": null, "amenity": null, "religion": null }, "geometry": { "type": "MultiPolygon", "coordinates": [ [ [ [ 55.4604141, 25.2094276 ], [ 55.4608252, 25.2093667 ], [ 55.461061, 25.2104031 ], [ 55.4605893, 25.2104153 ], [ 55.4604141, 25.2094276 ] ] ] ] } },
{ "type": "Feature", "properties": { "osm_id": 530975837, "osm_type": "ways_poly", "opening_hours": null, "landuse": "industrial", "denomination": null, "building": null, "leisure": null, "name": null, "historic": null, "amenity": null, "religion": null }, "geometry": { "type": "MultiPolygon", "coordinates": [ [ [ [ 55.3332095, 25.2070112 ], [ 55.3341569, 25.2062249 ], [ 55.3341919, 25.2062835 ], [ 55.3342374, 25.2063632 ], [ 55.3344386, 25.2065622 ], [ 55.3346826, 25.2069068 ], [ 55.3347021, 25.2069321 ], [ 55.3344244, 25.2071218 ], [ 55.3341817, 25.2072968 ], [ 55.3341318, 25.2073328 ], [ 55.3340721, 25.2072577 ], [ 55.3340156, 25.2072985 ], [ 55.3338014, 25.2074533 ], [ 55.3337583, 25.2073974 ], [ 55.3335957, 25.207265 ], [ 55.3333985, 25.2071252 ], [ 55.3332095, 25.2070112 ] ] ] ] } },
{ "type": "Feature", "properties": { "osm_id": 530975842, "osm_type": "ways_poly", "opening_hours": null, "landuse": "industrial", "denomination": null, "building": null, "leisure": null, "name": null, "historic": null, "amenity": null, "religion": null }, "geometry": { "type": "MultiPolygon", "coordinates": [ [ [ [ 55.3340439, 25.2079724 ], [ 55.3343428, 25.2077481 ], [ 55.3344887, 25.2076521 ], [ 55.3346913, 25.207894 ], [ 55.3349535, 25.208249 ], [ 55.3346351, 25.2085677 ], [ 55.334051, 25.2080926 ], [ 55.3340439, 25.2079724 ] ] ] ] } },
{ "type": "Feature", "properties": { "osm_id": 488231342, "osm_type": "ways_poly", "opening_hours": null, "landuse": "grass", "denomination": null, "building": null, "leisure": null, "name": null, "historic": null, "amenity": null, "religion": null }, "geometry": { "type": "MultiPolygon", "coordinates": [ [ [ [ 55.3381492, 25.2411455 ], [ 55.3381505, 25.2410897 ], [ 55.3383424, 25.2410935 ], [ 55.3383411, 25.2411493 ], [ 55.3381492, 25.2411455 ] ] ] ] } },
{ "type": "Feature", "properties": { "osm_id": 488231376, "osm_type": "ways_poly", "opening_hours": null, "landuse": "grass", "denomination": null, "building": null, "leisure": null, "name": null, "historic": null, "amenity": null, "religion": null }, "geometry": { "type": "MultiPolygon", "coordinates": [ [ [ [ 55.3346827, 25.2489007 ], [ 55.3346834, 25.2488387 ], [ 55.3347714, 25.2488396 ], [ 55.3347707, 25.2489015 ], [ 55.3346827, 25.2489007 ] ] ] ] } },
{ "type": "Feature", "properties": { "osm_id": 488231392, "osm_type": "ways_poly", "opening_hours": null, "landuse": "grass", "denomination": null, "building": null, "leisure": null, "name": null, "historic": null, "amenity": null, "religion": null }, "geometry": { "type": "MultiPolygon", "coordinates": [ [ [ [ 55.3383835, 25.2432503 ], [ 55.3384246, 25.2431825 ], [ 55.3384662, 25.2432019 ], [ 55.338425, 25.2432698 ], [ 55.3383835, 25.2432503 ] ] ] ] } },
{ "type": "Feature", "properties": { "osm_id": 319460977, "osm_type": "ways_poly", "opening_hours": null, "landuse": null, "denomination": null, "building": "yes", "leisure": null, "name": null, "historic": null, "amenity": "place_of_worship", "religion": "muslim" }, "geometry": { "type": "MultiPolygon", "coordinates": [ [ [ [ 55.4185916, 25.2170401 ], [ 55.4186365, 25.2168559 ], [ 55.4189878, 25.2169252 ], [ 55.4190158, 25.2169776 ], [ 55.4190674, 25.2170207 ], [ 55.419037, 25.2170195 ], [ 55.4190146, 25.2170912 ], [ 55.419, 25.2171056 ], [ 55.4189934, 25.2171426 ], [ 55.4189882, 25.2171713 ], [ 55.4189802, 25.2172191 ], [ 55.4188006, 25.2171879 ], [ 55.418819, 25.2170996 ], [ 55.4185917, 25.2170589 ], [ 55.4185916, 25.2170401 ] ] ] ] } },
{ "type": "Feature", "properties": { "osm_id": 503407205, "osm_type": "ways_poly", "opening_hours": null, "landuse": null, "denomination": null, "building": "yes", "leisure": null, "name": "Sheikh Hamdan Bin Rashid Masjid", "historic": null, "amenity": "place_of_worship", "religion": "muslim" }, "geometry": { "type": "MultiPolygon", "coordinates": [ [ [ [ 55.3511415, 25.238158 ], [ 55.3512232, 25.2378445 ], [ 55.3514743, 25.2378988 ], [ 55.3514805, 25.2378389 ], [ 55.3515282, 25.2378417 ], [ 55.351536, 25.2377804 ], [ 55.3516916, 25.2377818 ], [ 55.35167, 25.2383002 ], [ 55.3513865, 25.2382932 ], [ 55.3513927, 25.2382068 ], [ 55.3511415, 25.238158 ] ] ] ] } },
{ "type": "Feature", "properties": { "osm_id": 575687532, "osm_type": "ways_poly", "opening_hours": null, "landuse": "grass", "denomination": null, "building": null, "leisure": null, "name": null, "historic": null, "amenity": null, "religion": null }, "geometry": { "type": "MultiPolygon", "coordinates": [ [ [ [ 55.3542493, 25.2453693 ], [ 55.3542551, 25.2452858 ], [ 55.3543012, 25.2451728 ], [ 55.3543801, 25.2450753 ], [ 55.3544628, 25.2450214 ], [ 55.3545936, 25.2449779 ], [ 55.3547513, 25.2449727 ], [ 55.3548801, 25.2449953 ], [ 55.3548743, 25.2450145 ], [ 55.3548282, 25.245044 ], [ 55.3547974, 25.2450945 ], [ 55.3548147, 25.2451449 ], [ 55.3548397, 25.2452023 ], [ 55.3548455, 25.2452371 ], [ 55.3548301, 25.2452771 ], [ 55.3547936, 25.245305 ], [ 55.354782, 25.2453206 ], [ 55.3548051, 25.245378 ], [ 55.354809, 25.2454719 ], [ 55.3547686, 25.2456024 ], [ 55.3547243, 25.2457207 ], [ 55.3546993, 25.2457798 ], [ 55.3547282, 25.2458164 ], [ 55.3546993, 25.2459677 ], [ 55.3546147, 25.246006 ], [ 55.354557, 25.2459555 ], [ 55.354457, 25.2458042 ], [ 55.3543455, 25.245625 ], [ 55.3542743, 25.2454998 ], [ 55.3542493, 25.2453693 ] ] ] ] } },
{ "type": "Feature", "properties": { "osm_id": 1134811878, "osm_type": "ways_poly", "opening_hours": null, "landuse": "residential", "denomination": null, "building": null, "leisure": null, "name": "الطوار 1", "historic": null, "amenity": null, "religion": null }, "geometry": { "type": "MultiPolygon", "coordinates": [ [ [ [ 55.3494317, 25.2744914 ], [ 55.3502377, 25.2736903 ], [ 55.3514758, 25.2724968 ], [ 55.3528931, 25.2710903 ], [ 55.3536122, 25.2703679 ], [ 55.3542098, 25.2697563 ], [ 55.3547057, 25.2693117 ], [ 55.3551963, 25.2689671 ], [ 55.3555783, 25.2687412 ], [ 55.3562559, 25.2684351 ], [ 55.357339, 25.2681581 ], [ 55.3581795, 25.2680777 ], [ 55.361296, 25.2679826 ], [ 55.3620884, 25.2679399 ], [ 55.3631631, 25.2677966 ], [ 55.3639059, 25.2676279 ], [ 55.3646498, 25.2674126 ], [ 55.3652106, 25.2672207 ], [ 55.3659638, 25.266908 ], [ 55.3665006, 25.2666258 ], [ 55.3675577, 25.2660096 ], [ 55.3692831, 25.264995 ], [ 55.3706524, 25.2641992 ], [ 55.3727767, 25.2629747 ], [ 55.3738463, 25.262338 ], [ 55.3753659, 25.2644773 ], [ 55.3764506, 25.2660831 ], [ 55.3769783, 25.2668959 ], [ 55.3772753, 25.2673231 ], [ 55.3772997, 25.2674238 ], [ 55.3773, 25.2675288 ], [ 55.3772481, 25.2677868 ], [ 55.3771787, 25.2680195 ], [ 55.3771182, 25.2681619 ], [ 55.377026, 25.2682416 ], [ 55.3768019, 25.2683834 ], [ 55.3737467, 25.2701907 ], [ 55.3719342, 25.2712437 ], [ 55.3686179, 25.273184 ], [ 55.3628499, 25.2765538 ], [ 55.3586589, 25.2789624 ], [ 55.3561564, 25.2804084 ], [ 55.3560216, 25.2804076 ], [ 55.3559351, 25.280397 ], [ 55.3558257, 25.2803641 ], [ 55.3557503, 25.2803133 ], [ 55.3556581, 25.2802243 ], [ 55.3494317, 25.2744914 ] ] ] ] } },
{ "type": "Feature", "properties": { "osm_id": 500734656, "osm_type": "ways_poly", "opening_hours": null, "landuse": null, "denomination": null, "building": "yes", "leisure": null, "name": null, "historic": null, "amenity": "place_of_worship", "religion": "muslim" }, "geometry": { "type": "MultiPolygon", "coordinates": [ [ [ [ 55.4475981, 25.2368585 ], [ 55.4476379, 25.2366755 ], [ 55.4476648, 25.2366803 ], [ 55.4476782, 25.2366188 ], [ 55.4478341, 25.2366466 ], [ 55.4477689, 25.2369463 ], [ 55.4476196, 25.2369197 ], [ 55.4476316, 25.2368644 ], [ 55.4475981, 25.2368585 ] ] ] ] } },
{ "type": "Feature", "properties": { "osm_id": 501003921, "osm_type": "ways_poly", "opening_hours": null, "landuse": null, "denomination": null, "building": "yes", "leisure": null, "name": null, "historic": null, "amenity": "place_of_worship", "religion": "muslim" }, "geometry": { "type": "MultiPolygon", "coordinates": [ [ [ [ 55.4111044, 25.2414228 ], [ 55.4111357, 25.2412928 ], [ 55.4112028, 25.241306 ], [ 55.4112193, 25.2412374 ], [ 55.4113301, 25.2412592 ], [ 55.4112823, 25.2414578 ], [ 55.4111044, 25.2414228 ] ] ] ] } },
{ "type": "Feature", "properties": { "osm_id": 489091251, "osm_type": "ways_poly", "opening_hours": null, "landuse": "grass", "denomination": null, "building": null, "leisure": null, "name": null, "historic": null, "amenity": null, "religion": null }, "geometry": { "type": "MultiPolygon", "coordinates": [ [ [ [ 55.3397793, 25.2398479 ], [ 55.3398387, 25.2398436 ], [ 55.3398473, 25.2399398 ], [ 55.3397879, 25.2399441 ], [ 55.3397793, 25.2398479 ] ] ] ] } },
{ "type": "Feature", "properties": { "osm_id": 489091266, "osm_type": "ways_poly", "opening_hours": null, "landuse": "grass", "denomination": null, "building": null, "leisure": null, "name": null, "historic": null, "amenity": null, "religion": null }, "geometry": { "type": "MultiPolygon", "coordinates": [ [ [ [ 55.3382426, 25.236647 ], [ 55.3383094, 25.2366313 ], [ 55.3383578, 25.2368002 ], [ 55.338291, 25.2368159 ], [ 55.3382426, 25.236647 ] ] ] ] } },
{ "type": "Feature", "properties": { "osm_id": 489091278, "osm_type": "ways_poly", "opening_hours": null, "landuse": "grass", "denomination": null, "building": null, "leisure": null, "name": null, "historic": null, "amenity": null, "religion": null }, "geometry": { "type": "MultiPolygon", "coordinates": [ [ [ [ 55.3374119, 25.2371077 ], [ 55.3374197, 25.2370246 ], [ 55.3374625, 25.237028 ], [ 55.3374547, 25.237111 ], [ 55.3374119, 25.2371077 ] ] ] ] } },
{ "type": "Feature", "properties": { "osm_id": 488231346, "osm_type": "ways_poly", "opening_hours": null, "landuse": "grass", "denomination": null, "building": null, "leisure": null, "name": null, "historic": null, "amenity": null, "religion": null }, "geometry": { "type": "MultiPolygon", "coordinates": [ [ [ [ 55.3376699, 25.2433212 ], [ 55.3376806, 25.2432927 ], [ 55.3377141, 25.2433031 ], [ 55.3377034, 25.2433316 ], [ 55.3376699, 25.2433212 ] ] ] ] } },
{ "type": "Feature", "properties": { "osm_id": 488231394, "osm_type": "ways_poly", "opening_hours": null, "landuse": "grass", "denomination": null, "building": null, "leisure": null, "name": null, "historic": null, "amenity": null, "religion": null }, "geometry": { "type": "MultiPolygon", "coordinates": [ [ [ [ 55.3387053, 25.2426887 ], [ 55.3387465, 25.2426209 ], [ 55.338788, 25.2426403 ], [ 55.3387469, 25.2427081 ], [ 55.3387053, 25.2426887 ] ] ] ] } },
{ "type": "Feature", "properties": { "osm_id": 192528430, "osm_type": "ways_poly", "opening_hours": null, "landuse": null, "denomination": null, "building": "yes", "leisure": null, "name": null, "historic": null, "amenity": "place_of_worship", "religion": "muslim" }, "geometry": { "type": "MultiPolygon", "coordinates": [ [ [ [ 55.3772637, 25.2028847 ], [ 55.3772865, 25.2027827 ], [ 55.3773336, 25.2027913 ], [ 55.3773507, 25.2027149 ], [ 55.3773723, 25.2027188 ], [ 55.3773879, 25.2026491 ], [ 55.3775579, 25.2026802 ], [ 55.3775432, 25.2027458 ], [ 55.377597, 25.2027556 ], [ 55.3775811, 25.202827 ], [ 55.3776475, 25.2028392 ], [ 55.3776239, 25.2029451 ], [ 55.37756, 25.2029334 ], [ 55.3775409, 25.2030189 ], [ 55.3774609, 25.2030043 ], [ 55.3774499, 25.2030536 ], [ 55.3773221, 25.2030302 ], [ 55.3773352, 25.2029716 ], [ 55.3773005, 25.2029652 ], [ 55.3773164, 25.2028944 ], [ 55.3772637, 25.2028847 ] ] ] ] } },
{ "type": "Feature", "properties": { "osm_id": 223639337, "osm_type": "ways_poly", "opening_hours": null, "landuse": null, "denomination": null, "building": null, "leisure": null, "name": null, "historic": null, "amenity": "place_of_worship", "religion": "muslim" }, "geometry": { "type": "MultiPolygon", "coordinates": [ [ [ [ 55.3770294, 25.2025967 ], [ 55.377514, 25.2024836 ], [ 55.3778976, 25.2023999 ], [ 55.3780379, 25.2029244 ], [ 55.3774452, 25.2031004 ], [ 55.3771032, 25.2029281 ], [ 55.3770294, 25.2025967 ] ] ] ] } },
{ "type": "Feature", "properties": { "osm_id": 694659550, "osm_type": "ways_poly", "opening_hours": null, "landuse": "grass", "denomination": null, "building": null, "leisure": null, "name": null, "historic": null, "amenity": null, "religion": null }, "geometry": { "type": "MultiPolygon", "coordinates": [ [ [ [ 55.3435361, 25.2025424 ], [ 55.3435753, 25.2024685 ], [ 55.3436978, 25.2023179 ], [ 55.3438548, 25.2022228 ], [ 55.3440118, 25.2021659 ], [ 55.3440275, 25.2021986 ], [ 55.3438784, 25.2022569 ], [ 55.3437292, 25.2023478 ], [ 55.3436162, 25.202477 ], [ 55.3435722, 25.202558 ], [ 55.3435361, 25.2025424 ] ] ] ] } },
{ "type": "Feature", "properties": { "osm_id": 694659551, "osm_type": "ways_poly", "opening_hours": null, "landuse": "grass", "denomination": null, "building": null, "leisure": null, "name": null, "historic": null, "amenity": null, "religion": null }, "geometry": { "type": "MultiPolygon", "coordinates": [ [ [ [ 55.3434605, 25.2028272 ], [ 55.3434746, 25.2027064 ], [ 55.3435044, 25.2026098 ], [ 55.3435453, 25.202624 ], [ 55.3435139, 25.2027206 ], [ 55.3435013, 25.20283 ], [ 55.3435029, 25.2029536 ], [ 55.3435264, 25.2030616 ], [ 55.3435704, 25.2032436 ], [ 55.3435249, 25.203255 ], [ 55.3434872, 25.2030687 ], [ 55.3434652, 25.2029522 ], [ 55.3434605, 25.2028272 ] ] ] ] } },
{ "type": "Feature", "properties": { "osm_id": 244497634, "osm_type": "ways_poly", "opening_hours": null, "landuse": null, "denomination": null, "building": "mosque", "leisure": null, "name": null, "historic": null, "amenity": "place_of_worship", "religion": "muslim" }, "geometry": { "type": "MultiPolygon", "coordinates": [ [ [ [ 55.3831924, 25.2635218 ], [ 55.3832405, 25.2632862 ], [ 55.3832836, 25.2632934 ], [ 55.3832919, 25.2632525 ], [ 55.3834446, 25.263278 ], [ 55.3834514, 25.2632444 ], [ 55.3837129, 25.263288 ], [ 55.3836869, 25.2634153 ], [ 55.3836021, 25.2634011 ], [ 55.3835729, 25.2635442 ], [ 55.3836504, 25.2635571 ], [ 55.3836244, 25.2636845 ], [ 55.3834991, 25.2636635 ], [ 55.3834963, 25.263677 ], [ 55.3834107, 25.2636627 ], [ 55.3834134, 25.2636493 ], [ 55.3833935, 25.2636459 ], [ 55.3834041, 25.2635937 ], [ 55.383221, 25.2635632 ], [ 55.3832282, 25.2635278 ], [ 55.3831924, 25.2635218 ] ] ] ] } },
{ "type": "Feature", "properties": { "osm_id": 1426381802, "osm_type": "ways_poly", "opening_hours": null, "landuse": "grass", "denomination": null, "building": null, "leisure": null, "name": null, "historic": null, "amenity": null, "religion": null }, "geometry": { "type": "MultiPolygon", "coordinates": [ [ [ [ 55.3856708, 25.2546025 ], [ 55.385745, 25.2545539 ], [ 55.3857685, 25.2545337 ], [ 55.3857899, 25.2545088 ], [ 55.3858035, 25.2544798 ], [ 55.3858085, 25.2544501 ], [ 55.3858059, 25.2544202 ], [ 55.385796, 25.2543916 ], [ 55.3857867, 25.2543757 ], [ 55.3857752, 25.2543611 ], [ 55.3859135, 25.2542291 ], [ 55.3858427, 25.2541628 ], [ 55.3861711, 25.2539826 ], [ 55.3861995, 25.2539969 ], [ 55.3857404, 25.2546857 ], [ 55.3856708, 25.2546025 ] ] ] ] } },
{ "type": "Feature", "properties": { "osm_id": 1154380547, "osm_type": "ways_poly", "opening_hours": null, "landuse": "residential", "denomination": null, "building": null, "leisure": null, "name": "بر دبي", "historic": null, "amenity": null, "religion": null }, "geometry": { "type": "MultiPolygon", "coordinates": [ [ [ [ 55.254581, 25.2645962 ], [ 55.2545869, 25.2644048 ], [ 55.254705, 25.2642176 ], [ 55.2547639, 25.2642181 ], [ 55.2548927, 25.2640245 ], [ 55.255215, 25.2635706 ], [ 55.2553891, 25.2633215 ], [ 55.2555191, 25.2632603 ], [ 55.2569181, 25.2629872 ], [ 55.259215, 25.2625388 ], [ 55.2591419, 25.2621827 ], [ 55.2606286, 25.2619019 ], [ 55.2607066, 25.2622481 ], [ 55.2620772, 25.2619869 ], [ 55.2636067, 25.2616958 ], [ 55.264992, 25.2614322 ], [ 55.2683464, 25.2607675 ], [ 55.2688989, 25.2603981 ], [ 55.2693038, 25.2600386 ], [ 55.2696471, 25.2597338 ], [ 55.2698449, 25.2595166 ], [ 55.2702481, 25.2590737 ], [ 55.2707601, 25.2585114 ], [ 55.2713564, 25.257843 ], [ 55.2719299, 25.2572239 ], [ 55.2727291, 25.256338 ], [ 55.2741749, 25.2546472 ], [ 55.2751349, 25.2535701 ], [ 55.2753141, 25.2533645 ], [ 55.2756933, 25.2530138 ], [ 55.2752287, 25.2526552 ], [ 55.2750739, 25.2528952 ], [ 55.2750461, 25.2528665 ], [ 55.2747411, 25.2525508 ], [ 55.2745026, 25.252304 ], [ 55.2741051, 25.2526944 ], [ 55.2739951, 25.2526216 ], [ 55.2739603, 25.2526556 ], [ 55.273909, 25.2526228 ], [ 55.2738715, 25.2525719 ], [ 55.2739039, 25.2525537 ], [ 55.2738446, 25.252506 ], [ 55.2739412, 25.2524166 ], [ 55.2739013, 25.252379 ], [ 55.274687, 25.2515324 ], [ 55.2747246, 25.2515494 ], [ 55.2747728, 25.2515106 ], [ 55.2747889, 25.2514475 ], [ 55.2743259, 25.2510906 ], [ 55.2734286, 25.2520545 ], [ 55.2733177, 25.2519688 ], [ 55.2728953, 25.2516224 ], [ 55.2728391, 25.251678 ], [ 55.2728716, 25.2517106 ], [ 55.2728557, 25.2517586 ], [ 55.2728306, 25.2517953 ], [ 55.2727747, 25.2518381 ], [ 55.2727235, 25.2518514 ], [ 55.2726457, 25.2518466 ], [ 55.2725602, 25.251872 ], [ 55.2725116, 25.2519072 ], [ 55.2724393, 25.2519675 ], [ 55.2709962, 25.2533118 ], [ 55.2709559, 25.2532778 ], [ 55.2709532, 25.2532439 ], [ 55.2709079, 25.2532111 ], [ 55.2704412, 25.2536526 ], [ 55.2704788, 25.2536817 ], [ 55.2705097, 25.2536716 ], [ 55.2705344, 25.2536852 ], [ 55.2705631, 25.2536983 ], [ 55.2704198, 25.2538224 ], [ 55.2703929, 25.2537982 ], [ 55.2703983, 25.2537691 ], [ 55.2703632, 25.2537387 ], [ 55.2698162, 25.25425 ], [ 55.2696212, 25.2544223 ], [ 55.2693469, 25.2546763 ], [ 55.2693683, 25.2547006 ], [ 55.2694005, 25.2547006 ], [ 55.2694354, 25.2547346 ], [ 55.269363, 25.2548146 ], [ 55.2694059, 25.2548655 ], [ 55.2693761, 25.2548959 ], [ 55.2693147, 25.2548486 ], [ 55.2690599, 25.2550839 ], [ 55.2691082, 25.2551324 ], [ 55.2690757, 25.2551627 ], [ 55.2690277, 25.2551178 ], [ 55.2688158, 25.2553119 ], [ 55.2687887, 25.2552961 ], [ 55.2687941, 25.2552428 ], [ 55.2686495, 25.2551227 ], [ 55.26862, 25.25513 ], [ 55.2685783, 25.2550965 ], [ 55.2685974, 25.2550773 ], [ 55.269202, 25.2545162 ], [ 55.2692286, 25.2545417 ], [ 55.2692671, 25.2545091 ], [ 55.2696526, 25.2541523 ], [ 55.2696256, 25.2541269 ], [ 55.2697597, 25.2540104 ], [ 55.2697868, 25.2540286 ], [ 55.2702016, 25.2536312 ], [ 55.2701818, 25.2536142 ], [ 55.2703105, 25.2534909 ], [ 55.2703344, 25.2535084 ], [ 55.2718153, 25.2520799 ], [ 55.2722332, 25.2516912 ], [ 55.2722093, 25.2516589 ], [ 55.2721922, 25.25163 ], [ 55.272197, 25.2515872 ], [ 55.2722329, 25.2515542 ], [ 55.2722893, 25.2515494 ], [ 55.2723394, 25.2515654 ], [ 55.272507, 25.2514014 ], [ 55.271675, 25.250561 ], [ 55.2707585, 25.2495577 ], [ 55.2704033, 25.2498064 ], [ 55.2690485, 25.2507882 ], [ 55.2673626, 25.2520494 ], [ 55.2668061, 25.2524635 ], [ 55.2664952, 25.2526888 ], [ 55.2660487, 25.2530099 ], [ 55.2660235, 25.2529839 ], [ 55.2660613, 25.2529211 ], [ 55.2660002, 25.2528628 ], [ 55.2659233, 25.2528709 ], [ 55.2656706, 25.252571 ], [ 55.2637871, 25.2505152 ], [ 55.2638143, 25.2504474 ], [ 55.2637645, 25.2503963 ], [ 55.2637244, 25.2503899 ], [ 55.2637079, 25.2503595 ], [ 55.2647834, 25.2495307 ], [ 55.2663679, 25.248345 ], [ 55.2674627, 25.2475263 ], [ 55.2682705, 25.2468745 ], [ 55.2677073, 25.2462757 ], [ 55.2671808, 25.2457131 ], [ 55.2666219, 25.2451158 ], [ 55.2664426, 25.2450728 ], [ 55.2662944, 25.2449163 ], [ 55.2656169, 25.2453261 ], [ 55.2661011, 25.2459976 ], [ 55.2657822, 25.2461832 ], [ 55.2652663, 25.2454981 ], [ 55.2608279, 25.2481227 ], [ 55.2607233, 25.2479699 ], [ 55.260568, 25.247959 ], [ 55.2604256, 25.2479238 ], [ 55.2603317, 25.2478874 ], [ 55.2602197, 25.247704 ], [ 55.2608734, 25.247333 ], [ 55.2617135, 25.2468359 ], [ 55.2627181, 25.2462304 ], [ 55.2643403, 25.2452858 ], [ 55.2647232, 25.2450671 ], [ 55.2647174, 25.2450284 ], [ 55.2647048, 25.2449577 ], [ 55.2644442, 25.2440718 ], [ 55.2644541, 25.24404 ], [ 55.2645207, 25.2440215 ], [ 55.2648441, 25.2439315 ], [ 55.2654967, 25.2437731 ], [ 55.265574, 25.2437235 ], [ 55.2655888, 25.2436686 ], [ 55.2656374, 25.243318 ], [ 55.2656615, 25.2432573 ], [ 55.2657044, 25.2432331 ], [ 55.26575, 25.2432331 ], [ 55.2657876, 25.2432743 ], [ 55.2657983, 25.2433083 ], [ 55.2657329, 25.2436107 ], [ 55.2657308, 25.243707 ], [ 55.2657921, 25.243805 ], [ 55.2658665, 25.2439082 ], [ 55.2666043, 25.2441147 ], [ 55.2668555, 25.2440625 ], [ 55.2672106, 25.2439467 ], [ 55.2677373, 25.2436747 ], [ 55.2679931, 25.2435524 ], [ 55.2682939, 25.2434486 ], [ 55.2685856, 25.2433734 ], [ 55.2688599, 25.2433289 ], [ 55.2691326, 25.2432633 ], [ 55.2694712, 25.2431407 ], [ 55.2698313, 25.2429513 ], [ 55.2708017, 25.2423612 ], [ 55.2709329, 25.2422813 ], [ 55.269803, 25.2407676 ], [ 55.2697402, 25.240671 ], [ 55.2696097, 25.2404701 ], [ 55.2700853, 25.2402067 ], [ 55.2705855, 25.2399452 ], [ 55.2716982, 25.2393635 ], [ 55.2726031, 25.2388696 ], [ 55.2737275, 25.2382535 ], [ 55.274258, 25.2379668 ], [ 55.2760427, 25.2369343 ], [ 55.2774777, 25.2359335 ], [ 55.2787506, 25.2349942 ], [ 55.2798775, 25.2343744 ], [ 55.2830467, 25.2326001 ], [ 55.2835484, 25.2323229 ], [ 55.2846278, 25.2317982 ], [ 55.2853849, 25.2314997 ], [ 55.286128, 25.2312067 ], [ 55.2870152, 25.2308613 ], [ 55.2882588, 25.2303851 ], [ 55.2885065, 25.2302878 ], [ 55.2886841, 25.230218 ], [ 55.2888533, 25.2301477 ], [ 55.2898851, 25.2297189 ], [ 55.2902683, 25.2298118 ], [ 55.2937229, 25.2306491 ], [ 55.2947745, 25.2308951 ], [ 55.296249, 25.2311915 ], [ 55.297915, 25.2315711 ], [ 55.2992358, 25.2318706 ], [ 55.3002943, 25.2321506 ], [ 55.301155, 25.2323416 ], [ 55.3016334, 25.2324615 ], [ 55.3025578, 25.2325905 ], [ 55.3035866, 25.2326571 ], [ 55.3070325, 25.2326568 ], [ 55.3088544, 25.2328706 ], [ 55.3102955, 25.2321462 ], [ 55.3115358, 25.2314361 ], [ 55.3134493, 25.2303776 ], [ 55.3153509, 25.2294287 ], [ 55.3156084, 25.2293027 ], [ 55.3175148, 25.2282037 ], [ 55.3185301, 25.227665 ], [ 55.3198515, 25.226969 ], [ 55.3211461, 25.2263598 ], [ 55.3218034, 25.2261143 ], [ 55.3221995, 25.2260024 ], [ 55.3227366, 25.2258626 ], [ 55.3232499, 25.2257542 ], [ 55.3240985, 25.2256308 ], [ 55.3249833, 25.2255594 ], [ 55.3254595, 25.2255521 ], [ 55.3262085, 25.2255802 ], [ 55.3269831, 25.2256738 ], [ 55.3285103, 25.2259835 ], [ 55.3293021, 25.2262626 ], [ 55.3297115, 25.2264238 ], [ 55.3301786, 25.2266535 ], [ 55.3318345, 25.2276115 ], [ 55.3328809, 25.2283594 ], [ 55.3338216, 25.2291255 ], [ 55.3352292, 25.2304686 ], [ 55.3362385, 25.2314876 ], [ 55.3365276, 25.2317794 ], [ 55.3363714, 25.2319016 ], [ 55.3362529, 25.2319943 ], [ 55.3361858, 25.2320468 ], [ 55.3367106, 25.2326496 ], [ 55.3368873, 25.2328525 ], [ 55.3366745, 25.2330082 ], [ 55.3363911, 25.2332155 ], [ 55.3362996, 25.2331041 ], [ 55.3362601, 25.2331258 ], [ 55.3360638, 25.2328398 ], [ 55.3359713, 25.2327051 ], [ 55.3358503, 25.2325287 ], [ 55.3357288, 25.2323517 ], [ 55.3356195, 25.2324152 ], [ 55.3355511, 25.2324116 ], [ 55.3354948, 25.232431 ], [ 55.335409, 25.2324661 ], [ 55.3354237, 25.2324989 ], [ 55.3353232, 25.2325414 ], [ 55.3352284, 25.2325915 ], [ 55.3351867, 25.2326135 ], [ 55.3351314, 25.2326542 ], [ 55.3350979, 25.2326869 ], [ 55.3350844, 25.2327355 ], [ 55.3350684, 25.2327731 ], [ 55.3350534, 25.2327849 ], [ 55.3350277, 25.2328091 ], [ 55.3349879, 25.2328228 ], [ 55.3349329, 25.2328289 ], [ 55.3348967, 25.2328337 ], [ 55.3348672, 25.2328592 ], [ 55.3348149, 25.2329199 ], [ 55.3347277, 25.2329926 ], [ 55.3346477, 25.2330686 ], [ 55.3345574, 25.2332183 ], [ 55.3345487, 25.2332399 ], [ 55.3345232, 25.2332648 ], [ 55.3345061, 25.2332735 ], [ 55.334487, 25.2332775 ], [ 55.3344658, 25.2332762 ], [ 55.3344516, 25.2332749 ], [ 55.3344367, 25.2332747 ], [ 55.3344221, 25.233277 ], [ 55.3344082, 25.2332818 ], [ 55.3343953, 25.2332874 ], [ 55.3342989, 25.2333341 ], [ 55.3342054, 25.2333843 ], [ 55.3341145, 25.2334383 ], [ 55.3340264, 25.2334959 ], [ 55.3339413, 25.2335571 ], [ 55.3338593, 25.2336217 ], [ 55.3338086, 25.2336576 ], [ 55.3337821, 25.2336742 ], [ 55.3337549, 25.2336899 ], [ 55.3336986, 25.2337182 ], [ 55.33364, 25.2337424 ], [ 55.3335556, 25.2337783 ], [ 55.333478, 25.2338198 ], [ 55.3334051, 25.2338679 ], [ 55.3333376, 25.233922 ], [ 55.3332652, 25.2339827 ], [ 55.3331597, 25.2340641 ], [ 55.3319073, 25.2350175 ], [ 55.3317681, 25.2351368 ], [ 55.3316325, 25.2352594 ], [ 55.3315005, 25.2353853 ], [ 55.3313809, 25.2355057 ], [ 55.3312583, 25.2356238 ], [ 55.3311315, 25.2357378 ], [ 55.3310584, 25.235801 ], [ 55.3309871, 25.2358658 ], [ 55.3309191, 25.2359334 ], [ 55.3308546, 25.2360037 ], [ 55.3307915, 25.2360802 ], [ 55.330703, 25.2361887 ], [ 55.3306291, 25.2362708 ], [ 55.3305461, 25.236347 ], [ 55.3304342, 25.2364453 ], [ 55.3303215, 25.2365448 ], [ 55.3301876, 25.2366746 ], [ 55.3300613, 25.2368104 ], [ 55.3300307, 25.2368425 ], [ 55.3300187, 25.236855 ], [ 55.3299283, 25.2369495 ], [ 55.3298367, 25.2370397 ], [ 55.3297444, 25.2371162 ], [ 55.3296556, 25.2371908 ], [ 55.3295454, 25.2372839 ], [ 55.329439, 25.2373806 ], [ 55.3294052, 25.2374088 ], [ 55.3293632, 25.2374376 ], [ 55.3293194, 25.2374616 ], [ 55.3292763, 25.2374961 ], [ 55.3292411, 25.2375376 ], [ 55.3292098, 25.237599 ], [ 55.3292049, 25.2376148 ], [ 55.3291996, 25.237636 ], [ 55.3291972, 25.2376521 ], [ 55.3291903, 25.2376672 ], [ 55.3291792, 25.2376801 ], [ 55.3291648, 25.2376899 ], [ 55.3291474, 25.2376936 ], [ 55.329145, 25.2377712 ], [ 55.3291474, 25.2378489 ], [ 55.3291523, 25.237909 ], [ 55.3291622, 25.2379832 ], [ 55.3291705, 25.2380396 ], [ 55.3291792, 25.238039 ], [ 55.3291857, 25.2380775 ], [ 55.3291853, 25.2381164 ], [ 55.3291779, 25.2381548 ], [ 55.3291638, 25.2381916 ], [ 55.329206, 25.2382116 ], [ 55.3291855, 25.2382426 ], [ 55.3291605, 25.2382709 ], [ 55.3291316, 25.238296 ], [ 55.3290993, 25.2383173 ], [ 55.3290641, 25.2383346 ], [ 55.3290267, 25.2383474 ], [ 55.3289902, 25.238354 ], [ 55.328953, 25.2383562 ], [ 55.3289159, 25.2383541 ], [ 55.3288794, 25.2383476 ], [ 55.3288441, 25.2383368 ], [ 55.3288103, 25.2383217 ], [ 55.3288356, 25.2382824 ], [ 55.3288135, 25.2382708 ], [ 55.3288167, 25.2382658 ], [ 55.3287833, 25.2382448 ], [ 55.328748, 25.2382264 ], [ 55.3287147, 25.2382123 ], [ 55.3286802, 25.2382009 ], [ 55.3286467, 25.2381927 ], [ 55.3286122, 25.2381907 ], [ 55.3285778, 25.238195 ], [ 55.3285603, 25.2381997 ], [ 55.3285449, 25.2382055 ], [ 55.3282614, 25.2383375 ], [ 55.3281833, 25.2383817 ], [ 55.3281108, 25.2384334 ], [ 55.328045, 25.2384918 ], [ 55.3279871, 25.2385567 ], [ 55.3279279, 25.2386322 ], [ 55.3278778, 25.238713 ], [ 55.3278374, 25.2387981 ], [ 55.3278071, 25.2388866 ], [ 55.3277874, 25.2389776 ], [ 55.3277787, 25.2390699 ], [ 55.3277811, 25.2391625 ], [ 55.3277912, 25.2392374 ], [ 55.3278013, 25.2392842 ], [ 55.3278411, 25.2393952 ], [ 55.3278854, 25.2395168 ], [ 55.3279516, 25.2397222 ], [ 55.3279638, 25.2397601 ], [ 55.3280054, 25.2398498 ], [ 55.3280216, 25.2399075 ], [ 55.3280278, 25.2399667 ], [ 55.3280238, 25.2400261 ], [ 55.3280097, 25.2400843 ], [ 55.327986, 25.2401398 ], [ 55.327954, 25.24019 ], [ 55.327914, 25.2402353 ], [ 55.327867, 25.2402746 ], [ 55.327814, 25.2403072 ], [ 55.3277562, 25.2403322 ], [ 55.3276949, 25.240349 ], [ 55.3276761, 25.2403606 ], [ 55.3276612, 25.2403763 ], [ 55.3276514, 25.2403949 ], [ 55.3276474, 25.2404152 ], [ 55.3276448, 25.2404483 ], [ 55.3276368, 25.2404806 ], [ 55.3276234, 25.2405115 ], [ 55.3276051, 25.2405402 ], [ 55.3275823, 25.2405661 ], [ 55.3275345, 25.2406275 ], [ 55.3274912, 25.2406916 ], [ 55.3274524, 25.2407579 ], [ 55.3273668, 25.2409264 ], [ 55.32731, 25.2410241 ], [ 55.3272482, 25.2411192 ], [ 55.327151, 25.2412834 ], [ 55.3270579, 25.2414496 ], [ 55.326969, 25.2416176 ], [ 55.3268843, 25.2417874 ], [ 55.3268039, 25.2419589 ], [ 55.3267708, 25.2420455 ], [ 55.3267426, 25.2421334 ], [ 55.3267192, 25.2422225 ], [ 55.3267007, 25.2423126 ], [ 55.3266871, 25.2424033 ], [ 55.326667, 25.2425295 ], [ 55.3266487, 25.2426277 ], [ 55.3266348, 25.2427266 ], [ 55.3266256, 25.2428229 ], [ 55.3266207, 25.2429195 ], [ 55.3266564, 25.2429547 ], [ 55.3266839, 25.2429954 ], [ 55.3267023, 25.2430401 ], [ 55.3267109, 25.2430872 ], [ 55.3267094, 25.2431349 ], [ 55.3266978, 25.2431815 ], [ 55.3266774, 25.243224 ], [ 55.3266485, 25.2432623 ], [ 55.3266123, 25.243295 ], [ 55.32657, 25.2433212 ], [ 55.3265231, 25.2433397 ], [ 55.3264731, 25.2433501 ], [ 55.3264397, 25.2433923 ], [ 55.3264118, 25.2434377 ], [ 55.3263898, 25.2434857 ], [ 55.32638, 25.2435327 ], [ 55.3263739, 25.2435914 ], [ 55.3263759, 25.2436208 ], [ 55.3263746, 25.2436503 ], [ 55.3263684, 25.2436871 ], [ 55.3263572, 25.2437229 ], [ 55.3263411, 25.2437571 ], [ 55.3263129, 25.2438135 ], [ 55.3262866, 25.2438708 ], [ 55.3262578, 25.2439469 ], [ 55.3262307, 25.2440235 ], [ 55.3261969, 25.2441285 ], [ 55.3261456, 25.2443166 ], [ 55.3261052, 25.2445068 ], [ 55.3260883, 25.2446081 ], [ 55.3260746, 25.2447098 ], [ 55.326061, 25.2448482 ], [ 55.326051, 25.2451222 ], [ 55.3260873, 25.2451579 ], [ 55.3261156, 25.2451988 ], [ 55.3261356, 25.2452435 ], [ 55.3261465, 25.2452907 ], [ 55.3261481, 25.2453389 ], [ 55.3261402, 25.2453866 ], [ 55.3261232, 25.2454324 ], [ 55.3260975, 25.2454746 ], [ 55.326064, 25.2455122 ], [ 55.3260237, 25.2455438 ], [ 55.3259779, 25.2455685 ], [ 55.325928, 25.2455855 ], [ 55.3258756, 25.2455943 ], [ 55.3258552, 25.2456399 ], [ 55.3258377, 25.2456854 ], [ 55.325824, 25.2457308 ], [ 55.3258057, 25.2457749 ], [ 55.3257832, 25.2458174 ], [ 55.3257443, 25.2458847 ], [ 55.3256439, 25.2460507 ], [ 55.3255384, 25.246214 ], [ 55.3254774, 25.2462965 ], [ 55.3253985, 25.2463961 ], [ 55.3253158, 25.246493 ], [ 55.3251985, 25.2466367 ], [ 55.3251512, 25.2466954 ], [ 55.3251044, 25.2467565 ], [ 55.3250707, 25.2468006 ], [ 55.3250397, 25.2468463 ], [ 55.3250138, 25.2468945 ], [ 55.3249919, 25.246925 ], [ 55.324962, 25.2469583 ], [ 55.3249514, 25.2469684 ], [ 55.3249096, 25.2470182 ], [ 55.32488, 25.2470594 ], [ 55.3248468, 25.2471388 ], [ 55.324821, 25.2472438 ], [ 55.3248294, 25.2472916 ], [ 55.3249843, 25.2474184 ], [ 55.3248484, 25.2475556 ], [ 55.3246997, 25.247702 ], [ 55.324648, 25.2477568 ], [ 55.3243429, 25.2480507 ], [ 55.3241279, 25.2480482 ], [ 55.324075, 25.2480509 ], [ 55.3239727, 25.2480496 ], [ 55.3234208, 25.2485175 ], [ 55.3233846, 25.2485433 ], [ 55.3233459, 25.2485658 ], [ 55.3233052, 25.248587 ], [ 55.3232621, 25.2486128 ], [ 55.3226832, 25.2490816 ], [ 55.3226376, 25.249124 ], [ 55.3226054, 25.249161 ], [ 55.3225634, 25.2491988 ], [ 55.3225163, 25.2492314 ], [ 55.3224546, 25.2492762 ], [ 55.3224716, 25.2493103 ], [ 55.3224812, 25.2493466 ], [ 55.3224832, 25.2493839 ], [ 55.3224774, 25.2494209 ], [ 55.3224641, 25.2494562 ], [ 55.3224437, 25.2494887 ], [ 55.3224169, 25.2495171 ], [ 55.3223847, 25.2495405 ], [ 55.3223482, 25.249558 ], [ 55.3223088, 25.2495691 ], [ 55.3222678, 25.2495732 ], [ 55.3222266, 25.2495704 ], [ 55.3221784, 25.2496102 ], [ 55.3221244, 25.2496434 ], [ 55.3220657, 25.2496692 ], [ 55.3219348, 25.2497303 ], [ 55.3218081, 25.2497957 ], [ 55.3217177, 25.2498391 ], [ 55.3215652, 25.2499415 ], [ 55.3214494, 25.2500217 ], [ 55.3210752, 25.2503036 ], [ 55.3210775, 25.250324 ], [ 55.3210741, 25.2503442 ], [ 55.3210654, 25.2503631 ], [ 55.3210518, 25.2503794 ], [ 55.3207272, 25.2507761 ], [ 55.3208144, 25.2508976 ], [ 55.3208025, 25.2510255 ], [ 55.3205325, 25.2512274 ], [ 55.3203182, 25.2513876 ], [ 55.320219, 25.251447 ], [ 55.32016, 25.251447 ], [ 55.3201063, 25.2514325 ], [ 55.3200802, 25.2514414 ], [ 55.3200274, 25.2514017 ], [ 55.3199937, 25.25135 ], [ 55.3199668, 25.2513723 ], [ 55.319928, 25.2513924 ], [ 55.3198797, 25.2513937 ], [ 55.3198327, 25.2514082 ], [ 55.3198113, 25.2514288 ], [ 55.3197831, 25.2514786 ], [ 55.3191838, 25.2516635 ], [ 55.3189407, 25.2519388 ], [ 55.3187291, 25.2521438 ], [ 55.3184515, 25.2525744 ], [ 55.3184786, 25.2526554 ], [ 55.3181254, 25.2527711 ], [ 55.3181444, 25.2528384 ], [ 55.3178735, 25.2529322 ], [ 55.3177166, 25.2528898 ], [ 55.3172309, 25.2530521 ], [ 55.316414, 25.2536836 ], [ 55.3158767, 25.2540945 ], [ 55.3156079, 25.2543052 ], [ 55.3153162, 25.2545349 ], [ 55.3148707, 25.2548707 ], [ 55.31442, 25.2551999 ], [ 55.3144572, 25.2553255 ], [ 55.3143357, 25.2554202 ], [ 55.3138618, 25.2557783 ], [ 55.3136419, 25.2559474 ], [ 55.3131945, 25.2562821 ], [ 55.3131142, 25.2563423 ], [ 55.3128101, 25.2565681 ], [ 55.3128201, 25.2565824 ], [ 55.3127874, 25.2566067 ], [ 55.3127409, 25.2566406 ], [ 55.3127297, 25.2566272 ], [ 55.3127009, 25.256651 ], [ 55.3126054, 25.256838 ], [ 55.3124633, 25.256969 ], [ 55.3122783, 25.2570836 ], [ 55.3121199, 25.2572577 ], [ 55.3121353, 25.2572649 ], [ 55.3120999, 25.257332 ], [ 55.3119563, 25.2575075 ], [ 55.3118842, 25.2575605 ], [ 55.3119589, 25.2575706 ], [ 55.3119199, 25.2577444 ], [ 55.3117281, 25.2577128 ], [ 55.3117057, 25.2577488 ], [ 55.3116622, 25.2578052 ], [ 55.3115284, 25.2580005 ], [ 55.3114665, 25.2580642 ], [ 55.3114364, 25.2580976 ], [ 55.3113955, 25.2581298 ], [ 55.3113345, 25.2581861 ], [ 55.3112494, 25.2582524 ], [ 55.3111471, 25.258358 ], [ 55.3111854, 25.2583641 ], [ 55.3111855, 25.2583809 ], [ 55.3111355, 25.2583716 ], [ 55.3111236, 25.2583871 ], [ 55.3111841, 25.2583997 ], [ 55.3111806, 25.2584411 ], [ 55.3110945, 25.2584321 ], [ 55.3110564, 25.2584885 ], [ 55.3110273, 25.2585378 ], [ 55.3109707, 25.2586095 ], [ 55.3108953, 25.2586903 ], [ 55.3108112, 25.2587654 ], [ 55.3107649, 25.2588027 ], [ 55.310644, 25.2589036 ], [ 55.3105521, 25.2589957 ], [ 55.3104878, 25.2590843 ], [ 55.3104416, 25.2591562 ], [ 55.3103501, 25.2592842 ], [ 55.3103209, 25.2593184 ], [ 55.3103725, 25.2593242 ], [ 55.3103667, 25.2593706 ], [ 55.3102647, 25.2593589 ], [ 55.3100597, 25.259549 ], [ 55.3099902, 25.2596474 ], [ 55.3097785, 25.2600943 ], [ 55.3097201, 25.26009 ], [ 55.3096793, 25.2601594 ], [ 55.3094433, 25.2605301 ], [ 55.3093591, 25.2606805 ], [ 55.3093971, 25.2607083 ], [ 55.3092413, 25.2609445 ], [ 55.3092051, 25.2609385 ], [ 55.3090228, 25.2611731 ], [ 55.3091706, 25.2612708 ], [ 55.3090683, 25.2614133 ], [ 55.3091059, 25.2614412 ], [ 55.3090625, 25.2614923 ], [ 55.3089443, 25.2614239 ], [ 55.3089336, 25.2614393 ], [ 55.3088645, 25.2614011 ], [ 55.3088276, 25.2614533 ], [ 55.3088719, 25.2615437 ], [ 55.3088551, 25.261554 ], [ 55.3088422, 25.2615588 ], [ 55.3087813, 25.2615849 ], [ 55.3088357, 25.2616892 ], [ 55.3087438, 25.2617965 ], [ 55.3087766, 25.2618178 ], [ 55.3087183, 25.2618899 ], [ 55.3087505, 25.2619172 ], [ 55.3086781, 25.2620003 ], [ 55.3085829, 25.2619481 ], [ 55.3084917, 25.2618881 ], [ 55.3084608, 25.2619409 ], [ 55.3084856, 25.2619651 ], [ 55.3083855, 25.2620682 ], [ 55.3084006, 25.2620944 ], [ 55.3084271, 25.2620869 ], [ 55.3084581, 25.2621528 ], [ 55.3084712, 25.2621504 ], [ 55.3085619, 25.2623246 ], [ 55.3084694, 25.2623656 ], [ 55.3084629, 25.2623531 ], [ 55.3083423, 25.2624009 ], [ 55.3083256, 25.2623677 ], [ 55.3081053, 25.2624544 ], [ 55.3080766, 25.2623964 ], [ 55.3079766, 25.2624368 ], [ 55.3080336, 25.2625751 ], [ 55.3077563, 25.262665 ], [ 55.3077673, 25.2626856 ], [ 55.3077195, 25.262711 ], [ 55.3076798, 25.262667 ], [ 55.307666, 25.2626813 ], [ 55.3075958, 25.2627541 ], [ 55.3076313, 25.262822 ], [ 55.3076106, 25.2628372 ], [ 55.3076843, 25.2629609 ], [ 55.3076796, 25.2629736 ], [ 55.3077205, 25.2630597 ], [ 55.3074704, 25.2631883 ], [ 55.307453, 25.2631495 ], [ 55.3073269, 25.2631871 ], [ 55.3072508, 25.2630882 ], [ 55.3072314, 25.2631037 ], [ 55.3072639, 25.2631846 ], [ 55.3069884, 25.2632996 ], [ 55.306972, 25.2632688 ], [ 55.3067921, 25.2633485 ], [ 55.3068113, 25.2633781 ], [ 55.3066764, 25.2634463 ], [ 55.306682, 25.2637024 ], [ 55.306355, 25.2636968 ], [ 55.3063552, 25.2639001 ], [ 55.3062483, 25.2639316 ], [ 55.3062385, 25.2639063 ], [ 55.3060035, 25.264003 ], [ 55.3060243, 25.2640729 ], [ 55.3060355, 25.2640696 ], [ 55.3060811, 25.2641769 ], [ 55.3057917, 25.2643015 ], [ 55.3057193, 25.2641891 ], [ 55.3054482, 25.264298 ], [ 55.30542, 25.2642405 ], [ 55.3052443, 25.2643104 ], [ 55.3052595, 25.2643413 ], [ 55.305234, 25.2643558 ], [ 55.3052659, 25.2644211 ], [ 55.3049692, 25.2645512 ], [ 55.3049045, 25.2644413 ], [ 55.3048137, 25.2644805 ], [ 55.3048287, 25.2645872 ], [ 55.3047945, 25.2645928 ], [ 55.3048387, 25.2647669 ], [ 55.3045485, 25.2648532 ], [ 55.3044181, 25.264864 ], [ 55.304414, 25.2648752 ], [ 55.3043899, 25.2648751 ], [ 55.3043848, 25.2649185 ], [ 55.3043315, 25.2649122 ], [ 55.3043227, 25.26495 ], [ 55.3042382, 25.2649431 ], [ 55.3042413, 25.2649062 ], [ 55.3042095, 25.2649021 ], [ 55.3042075, 25.2648787 ], [ 55.304131, 25.2648677 ], [ 55.3041285, 25.2648509 ], [ 55.3041098, 25.2648504 ], [ 55.3040964, 25.2648016 ], [ 55.3040603, 25.2647952 ], [ 55.3040512, 25.2647749 ], [ 55.3038136, 25.2648428 ], [ 55.3038671, 25.2649859 ], [ 55.3038295, 25.2649962 ], [ 55.3038422, 25.2650492 ], [ 55.3038321, 25.2650512 ], [ 55.3038315, 25.2650626 ], [ 55.30379, 25.2650698 ], [ 55.3037913, 25.2650915 ], [ 55.3036258, 25.2651329 ], [ 55.3035877, 25.2650738 ], [ 55.3035465, 25.2649941 ], [ 55.3035197, 25.2650017 ], [ 55.3035091, 25.2649777 ], [ 55.3034851, 25.2649806 ], [ 55.3034635, 25.2649457 ], [ 55.3033915, 25.2649607 ], [ 55.3033911, 25.2650371 ], [ 55.3033733, 25.2650365 ], [ 55.3033785, 25.2651566 ], [ 55.303374, 25.2651875 ], [ 55.3033095, 25.2651899 ], [ 55.3033039, 25.2651995 ], [ 55.3032512, 25.2652018 ], [ 55.3032517, 25.2651616 ], [ 55.3031762, 25.265166 ], [ 55.3030143, 25.2652184 ], [ 55.3030065, 25.265181 ], [ 55.3029925, 25.2651839 ], [ 55.3029831, 25.265163 ], [ 55.3028919, 25.2651878 ], [ 55.3028738, 25.2651223 ], [ 55.3028842, 25.2651169 ], [ 55.3028664, 25.2650586 ], [ 55.3027481, 25.2650812 ], [ 55.3027462, 25.2651315 ], [ 55.3028075, 25.2651392 ], [ 55.3027955, 25.2652744 ], [ 55.3027768, 25.2652728 ], [ 55.3027657, 25.2653575 ], [ 55.3027032, 25.2653517 ], [ 55.3026981, 25.2653903 ], [ 55.3025832, 25.2653869 ], [ 55.3025764, 25.2654221 ], [ 55.3025276, 25.2654178 ], [ 55.3025288, 25.2654043 ], [ 55.3024188, 25.2653937 ], [ 55.3024181, 25.2653707 ], [ 55.3022882, 25.2654745 ], [ 55.302257, 25.2654435 ], [ 55.3022275, 25.2654674 ], [ 55.3021296, 25.2653713 ], [ 55.3021577, 25.2653452 ], [ 55.3021, 25.2652879 ], [ 55.3020055, 25.2653042 ], [ 55.301992, 25.2654771 ], [ 55.3018398, 25.2654647 ], [ 55.3018368, 25.2655421 ], [ 55.3016051, 25.2655249 ], [ 55.3016098, 25.2654601 ], [ 55.3015482, 25.265457 ], [ 55.3015428, 25.2654389 ], [ 55.30141, 25.2654698 ], [ 55.3014033, 25.2654465 ], [ 55.3013007, 25.2654657 ], [ 55.3012953, 25.2654444 ], [ 55.3012554, 25.265452 ], [ 55.3012316, 25.2653667 ], [ 55.3010226, 25.2653984 ], [ 55.3008702, 25.2654215 ], [ 55.3005883, 25.2654508 ], [ 55.3002852, 25.2654837 ], [ 55.300064, 25.2655036 ], [ 55.2996424, 25.2655097 ], [ 55.2990254, 25.2655198 ], [ 55.2985434, 25.2655277 ], [ 55.2982321, 25.2655231 ], [ 55.2977695, 25.265501 ], [ 55.297411, 25.2654629 ], [ 55.2970643, 25.2654128 ], [ 55.2965221, 25.2653408 ], [ 55.2961979, 25.265295 ], [ 55.296217, 25.2651348 ], [ 55.2962049, 25.2651328 ], [ 55.2958904, 25.2650757 ], [ 55.2957706, 25.2650471 ], [ 55.2956566, 25.2650544 ], [ 55.2955942, 25.2650445 ], [ 55.2953354, 25.2650034 ], [ 55.2952216, 25.2649838 ], [ 55.2949575, 25.2649158 ], [ 55.2947514, 25.2648628 ], [ 55.2942836, 25.2647982 ], [ 55.2941181, 25.2647754 ], [ 55.293901, 25.2647415 ], [ 55.2935016, 25.2647126 ], [ 55.2933842, 25.2646877 ], [ 55.2933419, 25.2646867 ], [ 55.2931385, 25.2646961 ], [ 55.293021, 25.2646957 ], [ 55.2928956, 25.2647074 ], [ 55.2926876, 25.264714 ], [ 55.2926774, 25.2647143 ], [ 55.2924146, 25.2647227 ], [ 55.2922233, 25.2647288 ], [ 55.2920782, 25.2647412 ], [ 55.2919131, 25.2647717 ], [ 55.2917487, 25.2648206 ], [ 55.291568, 25.2648912 ], [ 55.291379, 25.264988 ], [ 55.2911585, 25.2651102 ], [ 55.2911275, 25.2650791 ], [ 55.2910061, 25.2651672 ], [ 55.2909902, 25.26518 ], [ 55.2909728, 25.2651983 ], [ 55.2908662, 25.2652827 ], [ 55.2908963, 25.2653173 ], [ 55.290766, 25.2654436 ], [ 55.290656, 25.2655646 ], [ 55.2905616, 25.2656889 ], [ 55.2904871, 25.2658109 ], [ 55.2904696, 25.2658039 ], [ 55.2903823, 25.2659654 ], [ 55.290331, 25.2660752 ], [ 55.2902842, 25.2661877 ], [ 55.2901991, 25.2665061 ], [ 55.2902083, 25.2665553 ], [ 55.2902083, 25.2666036 ], [ 55.2902022, 25.2666811 ], [ 55.2902003, 25.266751 ], [ 55.2902093, 25.266901 ], [ 55.2902432, 25.26711 ], [ 55.2902702, 25.2672326 ], [ 55.2902931, 25.2673462 ], [ 55.2903173, 25.2674159 ], [ 55.2903318, 25.2674917 ], [ 55.2904087, 25.2676698 ], [ 55.2904841, 25.2678341 ], [ 55.2905492, 25.2679897 ], [ 55.290589, 25.2680849 ], [ 55.2906317, 25.2681645 ], [ 55.2907181, 25.2683059 ], [ 55.2908044, 25.2684533 ], [ 55.2909181, 25.2686259 ], [ 55.2911056, 25.2689175 ], [ 55.2913335, 25.2691949 ], [ 55.2914857, 25.2693427 ], [ 55.2916544, 25.2694749 ], [ 55.2918874, 25.2696604 ], [ 55.2921103, 25.2698416 ], [ 55.2923516, 25.2700384 ], [ 55.2926902, 25.2703113 ], [ 55.2928736, 25.2704369 ], [ 55.2931108, 25.2705755 ], [ 55.2932909, 25.2706576 ], [ 55.2935436, 25.2707484 ], [ 55.2936514, 25.2707902 ], [ 55.2937522, 25.270846 ], [ 55.2938086, 25.2708806 ], [ 55.2939533, 25.271014 ], [ 55.2940046, 25.2709757 ], [ 55.2940469, 25.2709253 ], [ 55.2941149, 25.2710057 ], [ 55.2941356, 25.2710542 ], [ 55.2941174, 25.2711166 ], [ 55.2940833, 25.2711668 ], [ 55.2942259, 25.2713731 ], [ 55.2942918, 25.2714842 ], [ 55.2943224, 25.2715475 ], [ 55.2943812, 25.2716175 ], [ 55.2944044, 25.2716953 ], [ 55.2944377, 25.2718216 ], [ 55.2944471, 25.2718875 ], [ 55.2944427, 25.271962 ], [ 55.2944346, 25.272007 ], [ 55.2944206, 25.2721423 ], [ 55.2943895, 25.2722836 ], [ 55.2942848, 25.2725037 ], [ 55.2942247, 25.2726465 ], [ 55.2941363, 25.2728226 ], [ 55.2940915, 25.2730459 ], [ 55.2940585, 25.2731312 ], [ 55.2941031, 25.273184 ], [ 55.2941312, 25.2732263 ], [ 55.2941366, 25.2732696 ], [ 55.2940439, 25.2736214 ], [ 55.2939609, 25.2740154 ], [ 55.2938557, 25.2744618 ], [ 55.294033, 25.2745392 ], [ 55.2941062, 25.274677 ], [ 55.2939098, 25.2751326 ], [ 55.2938391, 25.2752967 ], [ 55.2936673, 25.2753734 ], [ 55.2936254, 25.2753576 ], [ 55.2935543, 25.2755528 ], [ 55.2935615, 25.2756167 ], [ 55.2936839, 25.2756568 ], [ 55.2933365, 25.2767131 ], [ 55.293215, 25.2766624 ], [ 55.293027, 25.2772152 ], [ 55.2926502, 25.2785027 ], [ 55.2926306, 25.2785655 ], [ 55.2925202, 25.2788738 ], [ 55.2924595, 25.279047 ], [ 55.2922095, 25.2798868 ], [ 55.2919423, 25.2807703 ], [ 55.2918904, 25.280948 ], [ 55.2918301, 25.281126 ], [ 55.2917568, 25.2812899 ], [ 55.2916722, 25.2814565 ], [ 55.2914158, 25.2819442 ], [ 55.2912677, 25.2822227 ], [ 55.2911027, 25.2825163 ], [ 55.2904879, 25.2836201 ], [ 55.290357, 25.2838554 ], [ 55.2902364, 25.2841113 ], [ 55.290134, 25.284313 ], [ 55.2894579, 25.2850684 ], [ 55.2887686, 25.2858396 ], [ 55.2884166, 25.286236 ], [ 55.287862, 25.2868606 ], [ 55.2878164, 25.2869067 ], [ 55.2877038, 25.2869794 ], [ 55.2873797, 25.2871883 ], [ 55.2867836, 25.2875564 ], [ 55.2865938, 25.2876735 ], [ 55.2856571, 25.2882975 ], [ 55.2855339, 25.2883569 ], [ 55.2853972, 25.2884116 ], [ 55.2852094, 25.2884698 ], [ 55.2850431, 25.2885038 ], [ 55.2847802, 25.2885388 ], [ 55.2844395, 25.2885558 ], [ 55.2841767, 25.2885291 ], [ 55.2839111, 25.2884758 ], [ 55.2836349, 25.2883642 ], [ 55.2833506, 25.2882357 ], [ 55.2823367, 25.2877652 ], [ 55.2816553, 25.2874383 ], [ 55.2791824, 25.2863052 ], [ 55.278601, 25.2860435 ], [ 55.2777743, 25.2856714 ], [ 55.2763334, 25.2849942 ], [ 55.2756229, 25.2844776 ], [ 55.2749034, 25.2839 ], [ 55.2746252, 25.2836969 ], [ 55.2743889, 25.2835195 ], [ 55.2741491, 25.283343 ], [ 55.2739533, 25.2831987 ], [ 55.2738743, 25.2831402 ], [ 55.2735559, 25.2828952 ], [ 55.2732368, 25.2826663 ], [ 55.2728169, 25.2823639 ], [ 55.2726809, 25.2822648 ], [ 55.2722907, 25.2819592 ], [ 55.2721329, 25.281837 ], [ 55.2717081, 25.281498 ], [ 55.2713087, 25.2812125 ], [ 55.2709753, 25.2809689 ], [ 55.2708236, 25.2808581 ], [ 55.2704005, 25.280536 ], [ 55.2701567, 25.2803546 ], [ 55.2699418, 25.2801925 ], [ 55.2698413, 25.2801191 ], [ 55.2696428, 25.2799742 ], [ 55.269432, 25.2798203 ], [ 55.2693081, 25.2797298 ], [ 55.2692661, 25.2797031 ], [ 55.2692394, 25.279707 ], [ 55.2691898, 25.279707 ], [ 55.2691631, 25.2797031 ], [ 55.2691376, 25.2796937 ], [ 55.2691174, 25.2796841 ], [ 55.2690601, 25.2796421 ], [ 55.2690487, 25.2796268 ], [ 55.269022, 25.2795773 ], [ 55.2690149, 25.2795536 ], [ 55.2690105, 25.2795391 ], [ 55.2690105, 25.2794933 ], [ 55.2690218, 25.2794479 ], [ 55.2690601, 25.2793903 ], [ 55.2691021, 25.279356 ], [ 55.2691593, 25.2793293 ], [ 55.2692127, 25.2793217 ], [ 55.2692831, 25.2793158 ], [ 55.2693741, 25.2793568 ], [ 55.2694322, 25.2794396 ], [ 55.2694526, 25.2795088 ], [ 55.2694357, 25.2795898 ], [ 55.2706762, 25.2804998 ], [ 55.2720969, 25.2815348 ], [ 55.2723775, 25.281502 ], [ 55.2725832, 25.2815299 ], [ 55.2727429, 25.2815515 ], [ 55.2730242, 25.2816997 ], [ 55.27322, 25.2818209 ], [ 55.2735097, 25.2819883 ], [ 55.2738745, 25.2820934 ], [ 55.2739504, 25.2821153 ], [ 55.2740161, 25.2821261 ], [ 55.2740408, 25.2821787 ], [ 55.2740269, 25.2822483 ], [ 55.2739039, 25.2822963 ], [ 55.273873, 25.2823506 ], [ 55.2738902, 25.2824492 ], [ 55.2739195, 25.2825249 ], [ 55.2739911, 25.2826176 ], [ 55.2740579, 25.2827373 ], [ 55.2739891, 25.2827626 ], [ 55.2739794, 25.282798 ], [ 55.2740104, 25.2828541 ], [ 55.2740131, 25.282921 ], [ 55.273979, 25.2829996 ], [ 55.2745261, 25.2834119 ], [ 55.2748115, 25.2836211 ], [ 55.2761138, 25.2845719 ], [ 55.2762176, 25.2846542 ], [ 55.2763924, 25.2847913 ], [ 55.2764921, 25.2848598 ], [ 55.278997, 25.2860208 ], [ 55.2814476, 25.2871553 ], [ 55.2817294, 25.2872872 ], [ 55.2834474, 25.2881046 ], [ 55.2835663, 25.2880509 ], [ 55.2837032, 25.2879745 ], [ 55.2838279, 25.2879049 ], [ 55.2839427, 25.2878526 ], [ 55.2841828, 25.287799 ], [ 55.2844589, 25.2877457 ], [ 55.2848522, 25.28768 ], [ 55.2850756, 25.2876686 ], [ 55.2852823, 25.2875888 ], [ 55.2854375, 25.2874954 ], [ 55.285626, 25.2873617 ], [ 55.285755, 25.2872395 ], [ 55.2859059, 25.2870757 ], [ 55.2860611, 25.2869592 ], [ 55.2863659, 25.286767 ], [ 55.2865272, 25.2866616 ], [ 55.2866473, 25.2865828 ], [ 55.2867433, 25.2865074 ], [ 55.2868219, 25.2864514 ], [ 55.2868561, 25.2864129 ], [ 55.286929, 25.2862632 ], [ 55.287059, 25.2860891 ], [ 55.2872751, 25.2859177 ], [ 55.2874975, 25.2857822 ], [ 55.2876756, 25.2856987 ], [ 55.2878382, 25.285693 ], [ 55.2879865, 25.2857307 ], [ 55.2880997, 25.2858112 ], [ 55.2881641, 25.2858721 ], [ 55.2882164, 25.2859335 ], [ 55.2882741, 25.2859977 ], [ 55.2883186, 25.2859885 ], [ 55.2884191, 25.285995 ], [ 55.2885228, 25.2858854 ], [ 55.2891638, 25.2851686 ], [ 55.2899388, 25.284301 ], [ 55.2900567, 25.2841587 ], [ 55.2902989, 25.2836973 ], [ 55.2906996, 25.2829159 ], [ 55.2908757, 25.2825628 ], [ 55.2911092, 25.2820732 ], [ 55.2905156, 25.2816355 ], [ 55.2906837, 25.2814514 ], [ 55.2906065, 25.2813967 ], [ 55.2906531, 25.281338 ], [ 55.2905726, 25.2812838 ], [ 55.2905185, 25.2813412 ], [ 55.2904841, 25.2813147 ], [ 55.2908158, 25.2809604 ], [ 55.2907801, 25.2809367 ], [ 55.2905295, 25.2812182 ], [ 55.2905004, 25.281198 ], [ 55.2907497, 25.280913 ], [ 55.2906914, 25.2808693 ], [ 55.2904362, 25.2811534 ], [ 55.2904034, 25.2811306 ], [ 55.2906354, 25.2808748 ], [ 55.2904959, 25.280766 ], [ 55.2900219, 25.2812824 ], [ 55.2899647, 25.2812366 ], [ 55.2902033, 25.2809799 ], [ 55.2904584, 25.2807053 ], [ 55.2901249, 25.2804432 ], [ 55.2896368, 25.2809924 ], [ 55.2895857, 25.2809607 ], [ 55.2899996, 25.2804945 ], [ 55.2899616, 25.2804663 ], [ 55.2895297, 25.2801454 ], [ 55.2888434, 25.2809035 ], [ 55.2887897, 25.2808628 ], [ 55.2891896, 25.2804106 ], [ 55.2894462, 25.2801189 ], [ 55.289526, 25.2800198 ], [ 55.2895187, 25.2799979 ], [ 55.2894475, 25.2799294 ], [ 55.2893614, 25.2798467 ], [ 55.2893577, 25.2797995 ], [ 55.2893714, 25.2797564 ], [ 55.2892098, 25.2796395 ], [ 55.2894183, 25.2794091 ], [ 55.2872068, 25.2777903 ], [ 55.2851479, 25.276277 ], [ 55.2837202, 25.2752298 ], [ 55.2832722, 25.2749055 ], [ 55.2827161, 25.2745031 ], [ 55.2815659, 25.2736496 ], [ 55.2791182, 25.2718542 ], [ 55.2748204, 25.2687018 ], [ 55.2744986, 25.2658952 ], [ 55.274909, 25.2654275 ], [ 55.2754249, 25.2648469 ], [ 55.277269, 25.2661607 ], [ 55.2773735, 25.2662393 ], [ 55.2794506, 25.2678031 ], [ 55.2825035, 25.2700448 ], [ 55.2868607, 25.2732442 ], [ 55.2880206, 25.271927 ], [ 55.2882473, 25.2717897 ], [ 55.2857119, 25.268339 ], [ 55.2841967, 25.266372 ], [ 55.2832232, 25.2649399 ], [ 55.2833027, 25.2648906 ], [ 55.2851616, 25.2650699 ], [ 55.2854421, 25.2648957 ], [ 55.2831471, 25.2617734 ], [ 55.2825716, 25.2621187 ], [ 55.2835483, 25.2634335 ], [ 55.2834013, 25.263522 ], [ 55.2819648, 25.263253 ], [ 55.2788105, 25.2589886 ], [ 55.2785954, 25.2590707 ], [ 55.2785058, 25.2588831 ], [ 55.2728368, 25.2588865 ], [ 55.2717852, 25.2600385 ], [ 55.2716725, 25.2601601 ], [ 55.271688, 25.2602486 ], [ 55.2717442, 25.2603015 ], [ 55.2719478, 25.2603885 ], [ 55.272511, 25.2605522 ], [ 55.2726741, 25.2606118 ], [ 55.2729553, 25.2607024 ], [ 55.273511, 25.2608694 ], [ 55.2736566, 25.2609096 ], [ 55.273778, 25.2609068 ], [ 55.2746623, 25.2609176 ], [ 55.2768538, 25.2609104 ], [ 55.2768535, 25.2610075 ], [ 55.2768525, 25.2610679 ], [ 55.276852, 25.261097 ], [ 55.2768492, 25.2611816 ], [ 55.276475, 25.2612285 ], [ 55.2762375, 25.2612678 ], [ 55.275809, 25.261336 ], [ 55.2757827, 25.261333 ], [ 55.2753194, 25.2613819 ], [ 55.2748684, 25.26138 ], [ 55.2744784, 25.2613445 ], [ 55.2741079, 25.2612734 ], [ 55.2738083, 25.2612073 ], [ 55.273501, 25.2611414 ], [ 55.2731015, 25.2610015 ], [ 55.2726937, 25.2608499 ], [ 55.2725311, 25.2607416 ], [ 55.2723308, 25.2606774 ], [ 55.2719945, 25.2605944 ], [ 55.2718381, 25.2605922 ], [ 55.2717404, 25.2605862 ], [ 55.2716514, 25.2605807 ], [ 55.271417, 25.260584 ], [ 55.2712786, 25.2606025 ], [ 55.2709427, 25.2609764 ], [ 55.2704401, 25.2615463 ], [ 55.2702856, 25.2617235 ], [ 55.2702227, 25.2619186 ], [ 55.2702212, 25.2619924 ], [ 55.270197, 25.2620069 ], [ 55.2703874, 25.2627728 ], [ 55.2704902, 25.2631881 ], [ 55.2705251, 25.2632897 ], [ 55.2705009, 25.2632994 ], [ 55.2707952, 25.2644132 ], [ 55.2707576, 25.2644229 ], [ 55.2708738, 25.2648736 ], [ 55.2708971, 25.2648668 ], [ 55.2709167, 25.2649537 ], [ 55.2708971, 25.2650026 ], [ 55.2709676, 25.2653272 ], [ 55.2710044, 25.2653228 ], [ 55.2710186, 25.2653878 ], [ 55.2709971, 25.2654679 ], [ 55.2711412, 25.2660384 ], [ 55.2711554, 25.2661543 ], [ 55.2712543, 25.2665283 ], [ 55.2712967, 25.266686 ], [ 55.2713236, 25.2668946 ], [ 55.2713343, 25.2670984 ], [ 55.2713236, 25.2673046 ], [ 55.2712833, 25.2675253 ], [ 55.2711653, 25.2682214 ], [ 55.271084, 25.2686492 ], [ 55.2710661, 25.2687648 ], [ 55.2710392, 25.2690777 ], [ 55.2710287, 25.2691855 ], [ 55.2709883, 25.2692644 ], [ 55.2706601, 25.2697779 ], [ 55.2700761, 25.2708297 ], [ 55.2695306, 25.2716955 ], [ 55.268941, 25.2724057 ], [ 55.2679405, 25.2736062 ], [ 55.2672813, 25.2744127 ], [ 55.2667278, 25.2750939 ], [ 55.2666218, 25.2757429 ], [ 55.2665413, 25.2763541 ], [ 55.2663992, 25.2774528 ], [ 55.266316, 25.2780931 ], [ 55.2662516, 25.2786291 ], [ 55.266198, 25.2789929 ], [ 55.2661578, 25.2793422 ], [ 55.2662535, 25.2803033 ], [ 55.2663428, 25.2812 ], [ 55.2663951, 25.2816136 ], [ 55.266468, 25.2817121 ], [ 55.2665338, 25.281801 ], [ 55.2665892, 25.2818759 ], [ 55.2665969, 25.281977 ], [ 55.2665045, 25.2820752 ], [ 55.2663504, 25.2821854 ], [ 55.2660672, 25.2823879 ], [ 55.2655596, 25.2827037 ], [ 55.2653316, 25.2828031 ], [ 55.2648006, 25.2829753 ], [ 55.2644063, 25.2830675 ], [ 55.2639235, 25.2831257 ], [ 55.2633897, 25.2831329 ], [ 55.2629612, 25.2830961 ], [ 55.2625133, 25.2830233 ], [ 55.2621182, 25.2829192 ], [ 55.2617825, 25.2827991 ], [ 55.2614411, 25.2826348 ], [ 55.2611154, 25.2824584 ], [ 55.2607853, 25.2822401 ], [ 55.2602424, 25.2817728 ], [ 55.2601309, 25.2816413 ], [ 55.2596302, 25.2808566 ], [ 55.259292, 25.2809861 ], [ 55.2592457, 25.2809793 ], [ 55.2592008, 25.280957 ], [ 55.2591679, 25.2809138 ], [ 55.2591659, 25.2808551 ], [ 55.2591901, 25.2808066 ], [ 55.2598631, 25.2805423 ], [ 55.2597882, 25.2802973 ], [ 55.2597399, 25.2801032 ], [ 55.2597024, 25.2798995 ], [ 55.2596829, 25.2796841 ], [ 55.2596943, 25.2794921 ], [ 55.2597231, 25.2792985 ], [ 55.2597768, 25.2791045 ], [ 55.2598391, 25.2789706 ], [ 55.2599055, 25.2788547 ], [ 55.2602361, 25.278454 ], [ 55.2600779, 25.2783473 ], [ 55.2603079, 25.2780664 ], [ 55.2592412, 25.2773662 ], [ 55.2592242, 25.2772079 ], [ 55.2591659, 25.2765816 ], [ 55.2590854, 25.2758855 ], [ 55.2590224, 25.2752268 ], [ 55.2589507, 25.2744768 ], [ 55.2588246, 25.2732204 ], [ 55.2587656, 25.2727305 ], [ 55.2587824, 25.2726548 ], [ 55.2588139, 25.2725801 ], [ 55.2588682, 25.2725263 ], [ 55.2589433, 25.272485 ], [ 55.2590308, 25.272463 ], [ 55.2591836, 25.2725033 ], [ 55.2592637, 25.2725607 ], [ 55.2593133, 25.2726398 ], [ 55.2596098, 25.2737954 ], [ 55.2600911, 25.2737117 ], [ 55.2603711, 25.2736538 ], [ 55.2606496, 25.2735987 ], [ 55.2608552, 25.2735536 ], [ 55.2608712, 25.2735504 ], [ 55.2608872, 25.2735472 ], [ 55.2609192, 25.2735407 ], [ 55.2617181, 25.2733832 ], [ 55.2620388, 25.273317 ], [ 55.2621768, 25.2732795 ], [ 55.2615319, 25.270407 ], [ 55.260845, 25.2673474 ], [ 55.2597553, 25.2675925 ], [ 55.2596093, 25.2676221 ], [ 55.259467, 25.26811 ], [ 55.2589968, 25.2682055 ], [ 55.2588017, 25.2674123 ], [ 55.2585538, 25.2674663 ], [ 55.2587443, 25.2682493 ], [ 55.2582878, 25.268346 ], [ 55.2580177, 25.267187 ], [ 55.2576806, 25.2672556 ], [ 55.2579509, 25.2684099 ], [ 55.2560336, 25.2687855 ], [ 55.2563309, 25.2700134 ], [ 55.256571, 25.2710054 ], [ 55.2569038, 25.2723071 ], [ 55.2567931, 25.2723411 ], [ 55.2567401, 25.2723422 ], [ 55.2566256, 25.2723718 ], [ 55.2566397, 25.2724143 ], [ 55.2568073, 25.2738017 ], [ 55.2568998, 25.2749026 ], [ 55.2569572, 25.2752489 ], [ 55.2571063, 25.2767466 ], [ 55.2571624, 25.2773134 ], [ 55.2572594, 25.2784143 ], [ 55.2572967, 25.2787055 ], [ 55.2573324, 25.2789572 ], [ 55.2573469, 25.2793036 ], [ 55.2573887, 25.2796457 ], [ 55.2574115, 25.2799323 ], [ 55.2574299, 25.2800229 ], [ 55.2574822, 25.2805245 ], [ 55.2575411, 25.2812564 ], [ 55.2576301, 25.2818577 ], [ 55.2576465, 25.2822283 ], [ 55.2576337, 25.282466 ], [ 55.2576719, 25.2824801 ], [ 55.2576724, 25.2825357 ], [ 55.2576417, 25.282546 ], [ 55.2576444, 25.2826624 ], [ 55.2576656, 25.2827137 ], [ 55.2576842, 25.2827723 ], [ 55.2577142, 25.2828201 ], [ 55.2577647, 25.2828607 ], [ 55.2577946, 25.2829195 ], [ 55.2577853, 25.2830001 ], [ 55.2577544, 25.2830529 ], [ 55.2577122, 25.2830888 ], [ 55.2576344, 25.2831082 ], [ 55.2575666, 25.2831038 ], [ 55.2574949, 25.2830597 ], [ 55.2574459, 25.2829898 ], [ 55.2574359, 25.2829142 ], [ 55.2574674, 25.2828201 ], [ 55.2574642, 25.2826232 ], [ 55.2574454, 25.2820169 ], [ 55.2573478, 25.2809735 ], [ 55.2572819, 25.2804119 ], [ 55.2572677, 25.2801355 ], [ 55.2572274, 25.2799021 ], [ 55.2571672, 25.2793271 ], [ 55.2571579, 25.2791838 ], [ 55.2571572, 25.2791727 ], [ 55.257165, 25.2789754 ], [ 55.2571438, 25.278837 ], [ 55.2571032, 25.278737 ], [ 55.2570353, 25.2779432 ], [ 55.2570075, 25.2776146 ], [ 55.2569515, 25.2771773 ], [ 55.2569727, 25.277086 ], [ 55.2569718, 25.2770034 ], [ 55.2569423, 25.2769083 ], [ 55.2569142, 25.2766962 ], [ 55.256845, 25.2762693 ], [ 55.2566741, 25.2748079 ], [ 55.2565199, 25.2732355 ], [ 55.2564346, 25.2723652 ], [ 55.2562692, 25.2716458 ], [ 55.2560745, 25.270856 ], [ 55.2559076, 25.2701827 ], [ 55.2557547, 25.2695071 ], [ 55.2554352, 25.2681765 ], [ 55.2551374, 25.2669284 ], [ 55.2549059, 25.2659579 ], [ 55.254581, 25.2645962 ] ] ] ] } },
{ "type": "Feature", "properties": { "osm_id": 91409624, "osm_type": "ways_poly", "opening_hours": null, "landuse": "residential", "denomination": null, "building": null, "leisure": null, "name": "Dubai Creek Golf And Yacht Club Residences", "historic": null, "amenity": null, "religion": null }, "geometry": { "type": "MultiPolygon", "coordinates": [ [ [ [ 55.333791, 25.2470714 ], [ 55.3341095, 25.24646 ], [ 55.3353078, 25.2453113 ], [ 55.3354393, 25.2454205 ], [ 55.3357223, 25.2451328 ], [ 55.3361128, 25.2454663 ], [ 55.335939, 25.2458262 ], [ 55.3357413, 25.2460491 ], [ 55.3352606, 25.2464581 ], [ 55.3350176, 25.2468507 ], [ 55.3349118, 25.2475444 ], [ 55.3349647, 25.2480993 ], [ 55.3346291, 25.2480164 ], [ 55.334444, 25.2479112 ], [ 55.3341267, 25.247318 ], [ 55.333791, 25.2470714 ] ] ] ] } },
{ "type": "Feature", "properties": { "osm_id": 488231348, "osm_type": "ways_poly", "opening_hours": null, "landuse": "grass", "denomination": null, "building": null, "leisure": null, "name": null, "historic": null, "amenity": null, "religion": null }, "geometry": { "type": "MultiPolygon", "coordinates": [ [ [ [ 55.3377524, 25.2429468 ], [ 55.337783, 25.2428682 ], [ 55.3378314, 25.2428836 ], [ 55.3378008, 25.2429622 ], [ 55.3377524, 25.2429468 ] ] ] ] } },
{ "type": "Feature", "properties": { "osm_id": 488231400, "osm_type": "ways_poly", "opening_hours": null, "landuse": "grass", "denomination": null, "building": null, "leisure": null, "name": null, "historic": null, "amenity": null, "religion": null }, "geometry": { "type": "MultiPolygon", "coordinates": [ [ [ [ 55.3341918, 25.2410622 ], [ 55.3342737, 25.241024 ], [ 55.3342934, 25.2410586 ], [ 55.3342115, 25.2410968 ], [ 55.3341918, 25.2410622 ] ] ] ] } },
{ "type": "Feature", "properties": { "osm_id": 386206273, "osm_type": "ways_poly", "opening_hours": null, "landuse": null, "denomination": null, "building": "mosque", "leisure": null, "name": null, "historic": null, "amenity": "place_of_worship", "religion": "muslim" }, "geometry": { "type": "MultiPolygon", "coordinates": [ [ [ [ 55.3265067, 25.2353048 ], [ 55.3265165, 25.2352458 ], [ 55.3266382, 25.2352624 ], [ 55.3266284, 25.2353213 ], [ 55.3265067, 25.2353048 ] ] ] ] } },
{ "type": "Feature", "properties": { "osm_id": 1263704509, "osm_type": "ways_poly", "opening_hours": null, "landuse": "grass", "denomination": null, "building": null, "leisure": null, "name": null, "historic": null, "amenity": null, "religion": null }, "geometry": { "type": "MultiPolygon", "coordinates": [ [ [ [ 55.3262095, 25.230854 ], [ 55.3262528, 25.2308049 ], [ 55.3263805, 25.230897 ], [ 55.3263372, 25.2309462 ], [ 55.3262095, 25.230854 ] ] ] ] } },
{ "type": "Feature", "properties": { "osm_id": 1263704516, "osm_type": "ways_poly", "opening_hours": null, "landuse": "grass", "denomination": null, "building": null, "leisure": null, "name": null, "historic": null, "amenity": null, "religion": null }, "geometry": { "type": "MultiPolygon", "coordinates": [ [ [ [ 55.3266656, 25.2313374 ], [ 55.326732, 25.2313411 ], [ 55.3267602, 25.2313489 ], [ 55.3267964, 25.2313665 ], [ 55.3268708, 25.2314181 ], [ 55.3269332, 25.2314666 ], [ 55.327007, 25.2315279 ], [ 55.3271075, 25.2316025 ], [ 55.3272128, 25.2316759 ], [ 55.327247, 25.2317029 ], [ 55.3272761, 25.2317345 ], [ 55.3272993, 25.2317699 ], [ 55.3273161, 25.2318081 ], [ 55.3273263, 25.2318508 ], [ 55.3273285, 25.2318945 ], [ 55.3273226, 25.2319379 ], [ 55.3273087, 25.2319798 ], [ 55.3272879, 25.2320174 ], [ 55.3271867, 25.2321472 ], [ 55.3271719, 25.2321369 ], [ 55.327188, 25.2321132 ], [ 55.3271907, 25.2320899 ], [ 55.3271914, 25.2320693 ], [ 55.3271974, 25.2320435 ], [ 55.3272142, 25.2320198 ], [ 55.3272269, 25.2320101 ], [ 55.3272383, 25.231998 ], [ 55.327243, 25.2319813 ], [ 55.3272391, 25.2319656 ], [ 55.3272329, 25.2319465 ], [ 55.3272309, 25.2319076 ], [ 55.3272392, 25.2318644 ], [ 55.3272537, 25.2318324 ], [ 55.3272585, 25.2318006 ], [ 55.3272566, 25.2317775 ], [ 55.3272329, 25.2317396 ], [ 55.3272125, 25.231718 ], [ 55.327185, 25.2316962 ], [ 55.3271596, 25.2316825 ], [ 55.3271354, 25.2316677 ], [ 55.3271199, 25.2316516 ], [ 55.3271095, 25.231634 ], [ 55.3270987, 25.2316135 ], [ 55.3270821, 25.2315964 ], [ 55.3270663, 25.2315866 ], [ 55.3270486, 25.2315801 ], [ 55.3270281, 25.2315751 ], [ 55.327004, 25.2315696 ], [ 55.3269747, 25.231556 ], [ 55.3269488, 25.231538 ], [ 55.3269292, 25.2315187 ], [ 55.3269128, 25.231496 ], [ 55.3269009, 25.2314728 ], [ 55.3268891, 25.231456 ], [ 55.3268731, 25.2314422 ], [ 55.3268517, 25.2314312 ], [ 55.3268252, 25.2314255 ], [ 55.3267987, 25.2314269 ], [ 55.3266656, 25.2313374 ] ] ] ] } },
{ "type": "Feature", "properties": { "osm_id": 1263704518, "osm_type": "ways_poly", "opening_hours": null, "landuse": "grass", "denomination": null, "building": null, "leisure": null, "name": null, "historic": null, "amenity": null, "religion": null }, "geometry": { "type": "MultiPolygon", "coordinates": [ [ [ [ 55.3260494, 25.2309134 ], [ 55.3260756, 25.2308679 ], [ 55.3262821, 25.2310111 ], [ 55.3262506, 25.2310535 ], [ 55.3260494, 25.2309134 ] ] ] ] } },
{ "type": "Feature", "properties": { "osm_id": 1257831710, "osm_type": "ways_poly", "opening_hours": null, "landuse": "grass", "denomination": null, "building": null, "leisure": null, "name": null, "historic": null, "amenity": null, "religion": null }, "geometry": { "type": "MultiPolygon", "coordinates": [ [ [ [ 55.3265058, 25.24105 ], [ 55.3265267, 25.2410453 ], [ 55.326534, 25.2410586 ], [ 55.3265456, 25.2410692 ], [ 55.3265601, 25.241076 ], [ 55.3265545, 25.2410965 ], [ 55.3265378, 25.2410895 ], [ 55.3265235, 25.2410789 ], [ 55.3265126, 25.2410655 ], [ 55.3265058, 25.24105 ] ] ] ] } },
{ "type": "Feature", "properties": { "osm_id": 1257831715, "osm_type": "ways_poly", "opening_hours": null, "landuse": "grass", "denomination": null, "building": null, "leisure": null, "name": null, "historic": null, "amenity": null, "religion": null }, "geometry": { "type": "MultiPolygon", "coordinates": [ [ [ [ 55.3264881, 25.2408369 ], [ 55.3265301, 25.2408256 ], [ 55.3265738, 25.2408215 ], [ 55.3266175, 25.2408245 ], [ 55.3266599, 25.2408346 ], [ 55.3266996, 25.2408514 ], [ 55.3267353, 25.2408745 ], [ 55.3266551, 25.2409462 ], [ 55.326629, 25.2409319 ], [ 55.3265998, 25.2409235 ], [ 55.3265694, 25.2409216 ], [ 55.3265392, 25.2409263 ], [ 55.3264881, 25.2408369 ] ] ] ] } },
{ "type": "Feature", "properties": { "osm_id": 244497643, "osm_type": "ways_poly", "opening_hours": null, "landuse": null, "denomination": null, "building": "mosque", "leisure": null, "name": null, "historic": null, "amenity": "place_of_worship", "religion": "muslim" }, "geometry": { "type": "MultiPolygon", "coordinates": [ [ [ [ 55.366312, 25.2677132 ], [ 55.3663377, 25.2676049 ], [ 55.3664405, 25.2676249 ], [ 55.3664451, 25.2676054 ], [ 55.366543, 25.2676244 ], [ 55.3665397, 25.2676396 ], [ 55.3665129, 25.2677569 ], [ 55.3665039, 25.267789 ], [ 55.366404, 25.2677696 ], [ 55.3664128, 25.2677328 ], [ 55.366312, 25.2677132 ] ] ] ] } },
{ "type": "Feature", "properties": { "osm_id": 1450343554, "osm_type": "ways_poly", "opening_hours": null, "landuse": "grass", "denomination": null, "building": null, "leisure": null, "name": null, "historic": null, "amenity": null, "religion": null }, "geometry": { "type": "MultiPolygon", "coordinates": [ [ [ [ 55.3270474, 25.2504052 ], [ 55.3271743, 25.250508 ], [ 55.3273338, 25.2506375 ], [ 55.3274677, 25.2507663 ], [ 55.3273712, 25.2507677 ], [ 55.3272366, 25.2507565 ], [ 55.3271136, 25.2507283 ], [ 55.3271182, 25.2506558 ], [ 55.3271042, 25.2505608 ], [ 55.3270871, 25.2504925 ], [ 55.3270474, 25.2504052 ] ] ] ] } },
{ "type": "Feature", "properties": { "osm_id": 386206263, "osm_type": "ways_poly", "opening_hours": null, "landuse": null, "denomination": null, "building": "mosque", "leisure": null, "name": null, "historic": null, "amenity": "place_of_worship", "religion": "muslim" }, "geometry": { "type": "MultiPolygon", "coordinates": [ [ [ [ 55.3267477, 25.2385423 ], [ 55.3267567, 25.2384831 ], [ 55.3268065, 25.2384893 ], [ 55.3268756, 25.238498 ], [ 55.3268666, 25.2385572 ], [ 55.3267477, 25.2385423 ] ] ] ] } },
{ "type": "Feature", "properties": { "osm_id": 500752675, "osm_type": "ways_poly", "opening_hours": null, "landuse": null, "denomination": null, "building": "yes", "leisure": null, "name": null, "historic": null, "amenity": "place_of_worship", "religion": "muslim" }, "geometry": { "type": "MultiPolygon", "coordinates": [ [ [ [ 55.4227555, 25.2449826 ], [ 55.4228069, 25.2447814 ], [ 55.4229534, 25.2448121 ], [ 55.4229642, 25.2447697 ], [ 55.4230606, 25.2447899 ], [ 55.4229984, 25.2450334 ], [ 55.4227555, 25.2449826 ] ] ] ] } },
{ "type": "Feature", "properties": { "osm_id": 1378117277, "osm_type": "ways_poly", "opening_hours": null, "landuse": "industrial", "denomination": null, "building": null, "leisure": null, "name": null, "historic": null, "amenity": null, "religion": null }, "geometry": { "type": "MultiPolygon", "coordinates": [ [ [ [ 55.4027418, 25.2551487 ], [ 55.4046026, 25.2540007 ], [ 55.4042955, 25.2537545 ], [ 55.4043193, 25.2536602 ], [ 55.4041865, 25.2536366 ], [ 55.4042154, 25.2535037 ], [ 55.4045133, 25.2534331 ], [ 55.4045815, 25.2533086 ], [ 55.4051818, 25.2533353 ], [ 55.407974, 25.2611765 ], [ 55.4076942, 25.2620359 ], [ 55.4072202, 25.2622939 ], [ 55.4064322, 25.2611772 ], [ 55.4050175, 25.2598564 ], [ 55.4054854, 25.2594774 ], [ 55.405396, 25.2592325 ], [ 55.4048589, 25.2587307 ], [ 55.4047926, 25.2587887 ], [ 55.4044185, 25.2584149 ], [ 55.4044808, 25.2583615 ], [ 55.4036089, 25.2575511 ], [ 55.4027418, 25.2551487 ] ] ] ] } },
{ "type": "Feature", "properties": { "osm_id": 1425253865, "osm_type": "ways_poly", "opening_hours": null, "landuse": "grass", "denomination": null, "building": null, "leisure": null, "name": null, "historic": null, "amenity": null, "religion": null }, "geometry": { "type": "MultiPolygon", "coordinates": [ [ [ [ 55.3586711, 25.2670117 ], [ 55.3587968, 25.266973 ], [ 55.3589303, 25.2669263 ], [ 55.3590775, 25.2668643 ], [ 55.35917, 25.2668231 ], [ 55.3591993, 25.2668122 ], [ 55.3592297, 25.2668037 ], [ 55.3592856, 25.2667947 ], [ 55.3593423, 25.266794 ], [ 55.3593953, 25.2667999 ], [ 55.3594469, 25.2668122 ], [ 55.3594819, 25.2668275 ], [ 55.359512, 25.2668498 ], [ 55.359532, 25.2668727 ], [ 55.3595467, 25.2668987 ], [ 55.3595556, 25.2669268 ], [ 55.3595529, 25.2670608 ], [ 55.3595743, 25.2670893 ], [ 55.3595958, 25.2674913 ], [ 55.3595915, 25.2675169 ], [ 55.3593681, 25.2675301 ], [ 55.3593636, 25.2674695 ], [ 55.3593893, 25.2674628 ], [ 55.3594574, 25.2674581 ], [ 55.3594214, 25.2670329 ], [ 55.3593533, 25.2670376 ], [ 55.3593242, 25.2670393 ], [ 55.3593202, 25.2669917 ], [ 55.3586734, 25.2670364 ], [ 55.3586711, 25.2670117 ] ] ] ] } },
{ "type": "Feature", "properties": { "osm_id": 213547314, "osm_type": "ways_poly", "opening_hours": null, "landuse": "grass", "denomination": null, "building": null, "leisure": null, "name": null, "historic": null, "amenity": null, "religion": null }, "geometry": { "type": "MultiPolygon", "coordinates": [ [ [ [ 55.3673067, 25.2165874 ], [ 55.3673193, 25.2165606 ], [ 55.3673503, 25.2165492 ], [ 55.3673743, 25.2165555 ], [ 55.3673869, 25.2165695 ], [ 55.3673841, 25.2166027 ], [ 55.3673855, 25.2166269 ], [ 55.3673672, 25.2166396 ], [ 55.3673405, 25.2166383 ], [ 55.3673123, 25.2166243 ], [ 55.3673067, 25.2165874 ] ] ] ] } },
{ "type": "Feature", "properties": { "osm_id": 213547323, "osm_type": "ways_poly", "opening_hours": null, "landuse": "grass", "denomination": null, "building": null, "leisure": null, "name": null, "historic": null, "amenity": null, "religion": null }, "geometry": { "type": "MultiPolygon", "coordinates": [ [ [ [ 55.3674632, 25.2162021 ], [ 55.3674742, 25.2161832 ], [ 55.3674971, 25.2161652 ], [ 55.367521, 25.2161499 ], [ 55.3675638, 25.21613 ], [ 55.3675907, 25.2160967 ], [ 55.3676185, 25.2160697 ], [ 55.3676424, 25.2160544 ], [ 55.3676792, 25.2160546 ], [ 55.3676942, 25.216067 ], [ 55.3677002, 25.2160841 ], [ 55.3677002, 25.2161084 ], [ 55.3676882, 25.2161354 ], [ 55.3676803, 25.2161679 ], [ 55.3676703, 25.2161958 ], [ 55.3676653, 25.2162228 ], [ 55.3676524, 25.2162453 ], [ 55.3676385, 25.2162625 ], [ 55.3676126, 25.2162796 ], [ 55.3675887, 25.2162859 ], [ 55.3675658, 25.216285 ], [ 55.3675498, 25.2162805 ], [ 55.367508, 25.2162589 ], [ 55.3674752, 25.2162246 ], [ 55.3674632, 25.2162021 ] ] ] ] } },
{ "type": "Feature", "properties": { "osm_id": 213547325, "osm_type": "ways_poly", "opening_hours": null, "landuse": "grass", "denomination": null, "building": null, "leisure": null, "name": null, "historic": null, "amenity": null, "religion": null }, "geometry": { "type": "MultiPolygon", "coordinates": [ [ [ [ 55.3676424, 25.2160544 ], [ 55.3677848, 25.2157458 ], [ 55.3678608, 25.2156006 ], [ 55.3678805, 25.2154502 ], [ 55.3678904, 25.2153267 ], [ 55.3678876, 25.2152388 ], [ 55.3679439, 25.2151216 ], [ 55.3679918, 25.2150196 ], [ 55.3680101, 25.2149126 ], [ 55.368003, 25.2148247 ], [ 55.3679749, 25.2147725 ], [ 55.3679608, 25.2147419 ], [ 55.3679552, 25.2147075 ], [ 55.3679523, 25.2146617 ], [ 55.3679777, 25.2146005 ], [ 55.3680467, 25.2144744 ], [ 55.3681368, 25.2144362 ], [ 55.3681917, 25.2144119 ], [ 55.3682762, 25.2144311 ], [ 55.3683311, 25.2144693 ], [ 55.3683537, 25.2144935 ], [ 55.368372, 25.2145266 ], [ 55.3683818, 25.2145687 ], [ 55.3683692, 25.2146081 ], [ 55.3683663, 25.2146553 ], [ 55.3683311, 25.2147088 ], [ 55.3683128, 25.2147636 ], [ 55.3682551, 25.2148821 ], [ 55.3682396, 25.2149266 ], [ 55.3682227, 25.2149878 ], [ 55.3682171, 25.2150681 ], [ 55.3682199, 25.2151318 ], [ 55.3681711, 25.2152904 ], [ 55.3681482, 25.2153391 ], [ 55.3681392, 25.2154049 ], [ 55.3681372, 25.2154661 ], [ 55.3681402, 25.2155535 ], [ 55.3681362, 25.2156048 ], [ 55.3681083, 25.2156886 ], [ 55.3680805, 25.215731 ], [ 55.3679883, 25.2158091 ], [ 55.3678974, 25.2158709 ], [ 55.367889, 25.2159135 ], [ 55.3679003, 25.215997 ], [ 55.3679073, 25.216032 ], [ 55.367901, 25.2160505 ], [ 55.3678791, 25.2160645 ], [ 55.367832, 25.2160772 ], [ 55.3677918, 25.2160798 ], [ 55.3677002, 25.2160841 ], [ 55.3676942, 25.216067 ], [ 55.3676792, 25.2160546 ], [ 55.3676424, 25.2160544 ] ] ] ] } },
{ "type": "Feature", "properties": { "osm_id": 213547327, "osm_type": "ways_poly", "opening_hours": null, "landuse": "grass", "denomination": null, "building": null, "leisure": null, "name": null, "historic": null, "amenity": null, "religion": null }, "geometry": { "type": "MultiPolygon", "coordinates": [ [ [ [ 55.3644136, 25.2158721 ], [ 55.3644193, 25.2158275 ], [ 55.3644319, 25.2157778 ], [ 55.3644573, 25.2156861 ], [ 55.3644657, 25.2156351 ], [ 55.3644812, 25.2156122 ], [ 55.3645812, 25.2155765 ], [ 55.364829, 25.2155115 ], [ 55.3649962, 25.2154752 ], [ 55.3649171, 25.2156087 ], [ 55.364851, 25.2157233 ], [ 55.3648242, 25.2158061 ], [ 55.3648129, 25.215852 ], [ 55.3648242, 25.2158889 ], [ 55.3648791, 25.2160711 ], [ 55.3649763, 25.2162316 ], [ 55.365134, 25.216396 ], [ 55.36541, 25.2165387 ], [ 55.3654635, 25.2165705 ], [ 55.3655057, 25.2166087 ], [ 55.3655536, 25.2166457 ], [ 55.3656057, 25.2167094 ], [ 55.365648, 25.2167947 ], [ 55.3656592, 25.2168355 ], [ 55.3656663, 25.2168699 ], [ 55.3656733, 25.2168903 ], [ 55.3656973, 25.2169272 ], [ 55.3657184, 25.216945 ], [ 55.3657486, 25.216974 ], [ 55.365788, 25.2169753 ], [ 55.3658387, 25.2169689 ], [ 55.3659035, 25.2169524 ], [ 55.3659626, 25.2169537 ], [ 55.3661006, 25.2169868 ], [ 55.366164, 25.2170135 ], [ 55.3662372, 25.2170225 ], [ 55.3663456, 25.2170174 ], [ 55.3663935, 25.2170658 ], [ 55.3664245, 25.2171333 ], [ 55.3664048, 25.2171664 ], [ 55.366302, 25.2172823 ], [ 55.3661809, 25.2173422 ], [ 55.3659668, 25.2173881 ], [ 55.3658485, 25.2174148 ], [ 55.3657021, 25.2173817 ], [ 55.3655176, 25.2172887 ], [ 55.3654655, 25.2172314 ], [ 55.3652261, 25.2169244 ], [ 55.3651571, 25.2168186 ], [ 55.3649361, 25.2165575 ], [ 55.3647319, 25.2163358 ], [ 55.3645854, 25.2162109 ], [ 55.3645418, 25.2161447 ], [ 55.3645066, 25.2160797 ], [ 55.364439, 25.2159625 ], [ 55.3644136, 25.2158721 ] ] ] ] } },
{ "type": "Feature", "properties": { "osm_id": 213547330, "osm_type": "ways_poly", "opening_hours": null, "landuse": "grass", "denomination": null, "building": null, "leisure": null, "name": null, "historic": null, "amenity": null, "religion": null }, "geometry": { "type": "MultiPolygon", "coordinates": [ [ [ [ 55.3686131, 25.2162222 ], [ 55.3686221, 25.2161943 ], [ 55.3686341, 25.2161772 ], [ 55.3686619, 25.216179 ], [ 55.3686769, 25.2162006 ], [ 55.3686828, 25.2162231 ], [ 55.3686756, 25.2162338 ], [ 55.368651, 25.2162421 ], [ 55.3686301, 25.2162349 ], [ 55.3686131, 25.2162222 ] ] ] ] } },
{ "type": "Feature", "properties": { "osm_id": 224202485, "osm_type": "ways_poly", "opening_hours": null, "landuse": null, "denomination": null, "building": "mosque", "leisure": null, "name": "مسجد الشيخ حمدان", "historic": null, "amenity": "place_of_worship", "religion": "muslim" }, "geometry": { "type": "MultiPolygon", "coordinates": [ [ [ [ 55.3340424, 25.2537854 ], [ 55.3340873, 25.2535956 ], [ 55.3341423, 25.2535683 ], [ 55.3342865, 25.2535883 ], [ 55.3342858, 25.2536016 ], [ 55.3343207, 25.2536053 ], [ 55.3343166, 25.2535622 ], [ 55.3344514, 25.2535282 ], [ 55.3344675, 25.2536465 ], [ 55.3344989, 25.2536508 ], [ 55.3345094, 25.2537058 ], [ 55.3345407, 25.2537009 ], [ 55.3345612, 25.2538086 ], [ 55.3345294, 25.2538135 ], [ 55.3345416, 25.2538777 ], [ 55.3345895, 25.2538703 ], [ 55.3346333, 25.2540445 ], [ 55.3345724, 25.2541447 ], [ 55.334168, 25.2542096 ], [ 55.3340991, 25.2541732 ], [ 55.3340875, 25.2541167 ], [ 55.3344839, 25.2540506 ], [ 55.3344972, 25.2541157 ], [ 55.3345365, 25.2541092 ], [ 55.3345116, 25.2539871 ], [ 55.3344769, 25.2539929 ], [ 55.334482, 25.254018 ], [ 55.3342782, 25.254052 ], [ 55.3342677, 25.2540468 ], [ 55.3342891, 25.2539625 ], [ 55.3342697, 25.2539588 ], [ 55.3342905, 25.2538539 ], [ 55.3342375, 25.2538448 ], [ 55.3342322, 25.2538576 ], [ 55.3340732, 25.2538309 ], [ 55.3340424, 25.2537854 ] ] ] ] } },
{ "type": "Feature", "properties": { "osm_id": 1427923644, "osm_type": "ways_poly", "opening_hours": null, "landuse": "grass", "denomination": null, "building": null, "leisure": null, "name": null, "historic": null, "amenity": null, "religion": null }, "geometry": { "type": "MultiPolygon", "coordinates": [ [ [ [ 55.3370289, 25.2626345 ], [ 55.3370553, 25.2622451 ], [ 55.3371139, 25.2618564 ], [ 55.3371555, 25.2616961 ], [ 55.3372752, 25.2613066 ], [ 55.3372934, 25.2612768 ], [ 55.3373139, 25.2612549 ], [ 55.3373402, 25.2612389 ], [ 55.3373703, 25.2612301 ], [ 55.3374009, 25.2612291 ], [ 55.3374307, 25.2612354 ], [ 55.3374575, 25.2612486 ], [ 55.3374796, 25.2612677 ], [ 55.3374891, 25.2612803 ], [ 55.3374965, 25.2612939 ], [ 55.3375059, 25.261323 ], [ 55.3375071, 25.2613532 ], [ 55.3375011, 25.2613806 ], [ 55.3374884, 25.261406 ], [ 55.3374448, 25.2614594 ], [ 55.3373502, 25.2615806 ], [ 55.3373085, 25.2616553 ], [ 55.3372738, 25.2617329 ], [ 55.3372463, 25.2618127 ], [ 55.3372262, 25.2618944 ], [ 55.3371833, 25.2620569 ], [ 55.337145, 25.2622204 ], [ 55.3371182, 25.2623501 ], [ 55.3370943, 25.2624803 ], [ 55.3370615, 25.2624774 ], [ 55.3370563, 25.2625263 ], [ 55.337089, 25.2625292 ], [ 55.3370847, 25.2625831 ], [ 55.3370844, 25.2626599 ], [ 55.3370925, 25.2627363 ], [ 55.3371088, 25.2628117 ], [ 55.3371344, 25.2628883 ], [ 55.3371685, 25.2629621 ], [ 55.3373717, 25.2633114 ], [ 55.33778, 25.2639172 ], [ 55.337806, 25.2639489 ], [ 55.337835, 25.2639784 ], [ 55.3378728, 25.26401 ], [ 55.3379142, 25.2640379 ], [ 55.3381374, 25.2643508 ], [ 55.3383326, 25.2642622 ], [ 55.3383536, 25.2642511 ], [ 55.3383775, 25.2642471 ], [ 55.3383981, 25.2642496 ], [ 55.3384171, 25.2642574 ], [ 55.3384948, 25.264312 ], [ 55.3385079, 25.2643329 ], [ 55.338511, 25.2643568 ], [ 55.3385035, 25.2643799 ], [ 55.3384755, 25.2644193 ], [ 55.3384481, 25.2644461 ], [ 55.3384157, 25.2644678 ], [ 55.3383757, 25.264485 ], [ 55.3383326, 25.2644944 ], [ 55.3382883, 25.2644957 ], [ 55.3382398, 25.2644876 ], [ 55.3381937, 25.2644716 ], [ 55.3381515, 25.2644484 ], [ 55.3381181, 25.2644219 ], [ 55.3380858, 25.2643938 ], [ 55.3377365, 25.2640057 ], [ 55.3375966, 25.2638556 ], [ 55.3374651, 25.2636994 ], [ 55.3373422, 25.2635376 ], [ 55.3372779, 25.2634456 ], [ 55.3372205, 25.2633499 ], [ 55.3371704, 25.263251 ], [ 55.3371277, 25.2631493 ], [ 55.3370927, 25.2630452 ], [ 55.3370751, 25.2629727 ], [ 55.3370576, 25.2629004 ], [ 55.337033, 25.2627538 ], [ 55.3370289, 25.2626345 ] ] ] ] } },
{ "type": "Feature", "properties": { "osm_id": 1427923645, "osm_type": "ways_poly", "opening_hours": null, "landuse": "grass", "denomination": null, "building": null, "leisure": null, "name": null, "historic": null, "amenity": null, "religion": null }, "geometry": { "type": "MultiPolygon", "coordinates": [ [ [ [ 55.3373107, 25.2611913 ], [ 55.3373528, 25.2610773 ], [ 55.3373965, 25.2609591 ], [ 55.3374289, 25.2608518 ], [ 55.3374562, 25.2607434 ], [ 55.3374783, 25.260634 ], [ 55.3375132, 25.2606407 ], [ 55.3375353, 25.2607753 ], [ 55.3375903, 25.2610646 ], [ 55.3375981, 25.2611059 ], [ 55.3376023, 25.2611477 ], [ 55.337602, 25.2612092 ], [ 55.337594, 25.2612703 ], [ 55.3375782, 25.2613302 ], [ 55.3375541, 25.2612538 ], [ 55.3375353, 25.2612279 ], [ 55.3375113, 25.2612057 ], [ 55.337483, 25.2611883 ], [ 55.3374512, 25.2611761 ], [ 55.3374173, 25.2611698 ], [ 55.3373828, 25.2611696 ], [ 55.3373489, 25.2611756 ], [ 55.3373107, 25.2611913 ] ] ] ] } },
{ "type": "Feature", "properties": { "osm_id": 1427945008, "osm_type": "ways_poly", "opening_hours": null, "landuse": "grass", "denomination": null, "building": null, "leisure": null, "name": null, "historic": null, "amenity": null, "religion": null }, "geometry": { "type": "MultiPolygon", "coordinates": [ [ [ [ 55.3377324, 25.2561409 ], [ 55.3377348, 25.2560969 ], [ 55.3377455, 25.256054 ], [ 55.3377644, 25.2560135 ], [ 55.3377784, 25.255991 ], [ 55.3377927, 25.2559705 ], [ 55.3383525, 25.2556241 ], [ 55.3383831, 25.2556648 ], [ 55.3378632, 25.255985 ], [ 55.3378402, 25.2560029 ], [ 55.337821, 25.2560241 ], [ 55.3378062, 25.2560481 ], [ 55.337794, 25.2560832 ], [ 55.3377913, 25.2561199 ], [ 55.3377982, 25.2561562 ], [ 55.3378142, 25.25619 ], [ 55.3378405, 25.2562345 ], [ 55.3378714, 25.2562765 ], [ 55.3379068, 25.2563155 ], [ 55.3380121, 25.256412 ], [ 55.3379799, 25.2564417 ], [ 55.3379012, 25.256367 ], [ 55.3378795, 25.2563824 ], [ 55.3377797, 25.2562631 ], [ 55.3377609, 25.2562352 ], [ 55.337747, 25.2562051 ], [ 55.3377382, 25.2561734 ], [ 55.3377324, 25.2561409 ] ] ] ] } },
{ "type": "Feature", "properties": { "osm_id": 499988584, "osm_type": "ways_poly", "opening_hours": null, "landuse": null, "denomination": null, "building": "yes", "leisure": null, "name": null, "historic": null, "amenity": "place_of_worship", "religion": "muslim" }, "geometry": { "type": "MultiPolygon", "coordinates": [ [ [ [ 55.3829783, 25.22714 ], [ 55.3830245, 25.2269504 ], [ 55.3832304, 25.2269915 ], [ 55.3831842, 25.2271811 ], [ 55.3831324, 25.2271708 ], [ 55.3831233, 25.2272081 ], [ 55.383026, 25.2271887 ], [ 55.3830351, 25.2271514 ], [ 55.3829783, 25.22714 ] ] ] ] } },
{ "type": "Feature", "properties": { "osm_id": 1264557597, "osm_type": "ways_poly", "opening_hours": null, "landuse": "construction", "denomination": null, "building": null, "leisure": null, "name": null, "historic": null, "amenity": null, "religion": null }, "geometry": { "type": "MultiPolygon", "coordinates": [ [ [ [ 55.3554033, 25.2070118 ], [ 55.3557417, 25.2069424 ], [ 55.3558917, 25.2074064 ], [ 55.3556266, 25.2074979 ], [ 55.3554033, 25.2070118 ] ] ] ] } },
{ "type": "Feature", "properties": { "osm_id": 1264541013, "osm_type": "ways_poly", "opening_hours": null, "landuse": "construction", "denomination": null, "building": null, "leisure": null, "name": null, "historic": null, "amenity": null, "religion": null }, "geometry": { "type": "MultiPolygon", "coordinates": [ [ [ [ 55.3620617, 25.2052451 ], [ 55.362747, 25.2051827 ], [ 55.3627616, 25.2054719 ], [ 55.3621954, 25.2055173 ], [ 55.3620617, 25.2052451 ] ] ] ] } },
{ "type": "Feature", "properties": { "osm_id": 488231369, "osm_type": "ways_poly", "opening_hours": null, "landuse": "grass", "denomination": null, "building": null, "leisure": null, "name": null, "historic": null, "amenity": null, "religion": null }, "geometry": { "type": "MultiPolygon", "coordinates": [ [ [ [ 55.3291745, 25.2507401 ], [ 55.3292227, 25.2507074 ], [ 55.329253, 25.2507438 ], [ 55.3292047, 25.2507766 ], [ 55.3291745, 25.2507401 ] ] ] ] } },
{ "type": "Feature", "properties": { "osm_id": 301301277, "osm_type": "ways_poly", "opening_hours": null, "landuse": null, "denomination": null, "building": "mosque", "leisure": null, "name": "مسجد الرقة", "historic": null, "amenity": "place_of_worship", "religion": "muslim" }, "geometry": { "type": "MultiPolygon", "coordinates": [ [ [ [ 55.3275937, 25.2620428 ], [ 55.3276588, 25.2618108 ], [ 55.3277399, 25.2618294 ], [ 55.3277455, 25.2618096 ], [ 55.3278549, 25.2618347 ], [ 55.3278513, 25.2618475 ], [ 55.3279246, 25.2618643 ], [ 55.3279282, 25.2618516 ], [ 55.3280175, 25.2618721 ], [ 55.3279434, 25.2621361 ], [ 55.327857, 25.2621163 ], [ 55.3278597, 25.2621068 ], [ 55.3277865, 25.26209 ], [ 55.3277839, 25.2620995 ], [ 55.3276746, 25.2620744 ], [ 55.327678, 25.2620622 ], [ 55.3275937, 25.2620428 ] ] ] ] } },
{ "type": "Feature", "properties": { "osm_id": 39484979, "osm_type": "ways_poly", "opening_hours": null, "landuse": null, "denomination": null, "building": "mosque", "leisure": null, "name": "Port Saeed Mosque", "historic": null, "amenity": "place_of_worship", "religion": "muslim" }, "geometry": { "type": "MultiPolygon", "coordinates": [ [ [ [ 55.3282128, 25.2586962 ], [ 55.3282203, 25.2586262 ], [ 55.3282569, 25.2585982 ], [ 55.3283132, 25.2585897 ], [ 55.328309, 25.258561 ], [ 55.3285257, 25.2585243 ], [ 55.3285551, 25.258705 ], [ 55.3283538, 25.2587493 ], [ 55.32834, 25.2587286 ], [ 55.3283004, 25.2587407 ], [ 55.3282546, 25.2587348 ], [ 55.3282128, 25.2586962 ] ] ] ] } },
{ "type": "Feature", "properties": { "osm_id": 723549616, "osm_type": "ways_poly", "opening_hours": "Mo-Sa 09:00-21:00", "landuse": null, "denomination": null, "building": "yes", "leisure": null, "name": "مكتبة محمد بن راشد", "historic": null, "amenity": "library", "religion": null }, "geometry": { "type": "MultiPolygon", "coordinates": [ [ [ [ 55.3432243, 25.2203194 ], [ 55.3433384, 25.2203713 ], [ 55.3434663, 25.2204437 ], [ 55.343537, 25.2204963 ], [ 55.3436085, 25.2204925 ], [ 55.3435242, 25.2201678 ], [ 55.343528, 25.2201343 ], [ 55.3435402, 25.2201165 ], [ 55.3437441, 25.2200759 ], [ 55.3437686, 25.2200836 ], [ 55.3437926, 25.220102 ], [ 55.3438897, 25.2204307 ], [ 55.343939, 25.2204076 ], [ 55.3439507, 25.2203804 ], [ 55.3440139, 25.2202653 ], [ 55.3440771, 25.2201641 ], [ 55.3441399, 25.2200923 ], [ 55.3443082, 25.2207312 ], [ 55.3442557, 25.2207469 ], [ 55.3442798, 25.2208298 ], [ 55.344301, 25.2209025 ], [ 55.3443571, 25.2208923 ], [ 55.3445448, 25.2215321 ], [ 55.3445167, 25.2215252 ], [ 55.3444541, 25.2214955 ], [ 55.3443979, 25.2214601 ], [ 55.3442981, 25.2214037 ], [ 55.3441123, 25.2214242 ], [ 55.3440843, 25.2214606 ], [ 55.3440475, 25.2214856 ], [ 55.3440014, 25.2214922 ], [ 55.3439622, 25.2214849 ], [ 55.3439255, 25.2214667 ], [ 55.3437439, 25.2215317 ], [ 55.3437089, 25.2215991 ], [ 55.3436625, 25.2216757 ], [ 55.3436373, 25.2217077 ], [ 55.3436183, 25.221717 ], [ 55.3434205, 25.2210153 ], [ 55.3432243, 25.2203194 ] ] ] ] } },
{ "type": "Feature", "properties": { "osm_id": 1276434377, "osm_type": "ways_poly", "opening_hours": null, "landuse": "grass", "denomination": null, "building": null, "leisure": null, "name": "*under construction*", "historic": null, "amenity": null, "religion": null }, "geometry": { "type": "MultiPolygon", "coordinates": [ [ [ [ 55.3409211, 25.2170142 ], [ 55.3410101, 25.2168788 ], [ 55.3410171, 25.2168681 ], [ 55.3410322, 25.2168451 ], [ 55.3410662, 25.2167933 ], [ 55.3411786, 25.2168783 ], [ 55.3410015, 25.2170579 ], [ 55.3409211, 25.2170142 ] ] ] ] } },
{ "type": "Feature", "properties": { "osm_id": 1429712441, "osm_type": "ways_poly", "opening_hours": null, "landuse": "grass", "denomination": null, "building": null, "leisure": null, "name": null, "historic": null, "amenity": null, "religion": null }, "geometry": { "type": "MultiPolygon", "coordinates": [ [ [ [ 55.3606048, 25.2675127 ], [ 55.3611949, 25.2675084 ], [ 55.3619099, 25.267501 ], [ 55.3623162, 25.2674732 ], [ 55.3623971, 25.2674445 ], [ 55.3624701, 25.2674761 ], [ 55.3625134, 25.2674912 ], [ 55.3625542, 25.2675001 ], [ 55.3626094, 25.2675056 ], [ 55.3626119, 25.2675188 ], [ 55.3621358, 25.2675854 ], [ 55.3619472, 25.2676057 ], [ 55.3617577, 25.2676188 ], [ 55.3615719, 25.2676223 ], [ 55.3613516, 25.2676216 ], [ 55.3612398, 25.2676189 ], [ 55.3610584, 25.2676091 ], [ 55.3608768, 25.2676047 ], [ 55.3606102, 25.2675957 ], [ 55.3606048, 25.2675127 ] ] ] ] } },
{ "type": "Feature", "properties": { "osm_id": 627288034, "osm_type": "ways_poly", "opening_hours": null, "landuse": null, "denomination": null, "building": "mosque", "leisure": null, "name": null, "historic": null, "amenity": "place_of_worship", "religion": "muslim" }, "geometry": { "type": "MultiPolygon", "coordinates": [ [ [ [ 55.384882, 25.2546565 ], [ 55.3849143, 25.2545155 ], [ 55.3849465, 25.2544959 ], [ 55.3851473, 25.2545336 ], [ 55.3851722, 25.2545646 ], [ 55.3851579, 25.2546271 ], [ 55.3851817, 25.2546316 ], [ 55.3851716, 25.2546753 ], [ 55.3851479, 25.2546708 ], [ 55.38514, 25.2547053 ], [ 55.3851027, 25.254722 ], [ 55.3849266, 25.2546889 ], [ 55.384907, 25.2546853 ], [ 55.384882, 25.2546565 ] ] ] ] } },
{ "type": "Feature", "properties": { "osm_id": 1426585312, "osm_type": "ways_poly", "opening_hours": null, "landuse": "grass", "denomination": null, "building": null, "leisure": null, "name": null, "historic": null, "amenity": null, "religion": null }, "geometry": { "type": "MultiPolygon", "coordinates": [ [ [ [ 55.385927, 25.2552542 ], [ 55.3861262, 25.2551372 ], [ 55.3861816, 25.2551127 ], [ 55.3862402, 25.2550953 ], [ 55.3862941, 25.2550861 ], [ 55.3863488, 25.255083 ], [ 55.3864035, 25.2550858 ], [ 55.3864574, 25.2550947 ], [ 55.3865205, 25.2551202 ], [ 55.3865748, 25.2551499 ], [ 55.3865097, 25.2552676 ], [ 55.3864495, 25.2552518 ], [ 55.3863917, 25.2552403 ], [ 55.386314, 25.2552297 ], [ 55.3862355, 25.2552247 ], [ 55.3861569, 25.2552252 ], [ 55.3860786, 25.2552312 ], [ 55.3860025, 25.2552409 ], [ 55.385927, 25.2552542 ] ] ] ] } },
{ "type": "Feature", "properties": { "osm_id": 548174357, "osm_type": "ways_poly", "opening_hours": null, "landuse": "grass", "denomination": null, "building": null, "leisure": null, "name": null, "historic": null, "amenity": null, "religion": null }, "geometry": { "type": "MultiPolygon", "coordinates": [ [ [ [ 55.3265879, 25.2652998 ], [ 55.3275669, 25.2647844 ], [ 55.3276125, 25.2648535 ], [ 55.3266737, 25.2653301 ], [ 55.326608, 25.2653326 ], [ 55.3265879, 25.2652998 ] ] ] ] } },
{ "type": "Feature", "properties": { "osm_id": 1257831701, "osm_type": "ways_poly", "opening_hours": null, "landuse": "grass", "denomination": null, "building": null, "leisure": null, "name": null, "historic": null, "amenity": null, "religion": null }, "geometry": { "type": "MultiPolygon", "coordinates": [ [ [ [ 55.3265036, 25.2410367 ], [ 55.3265066, 25.2410144 ], [ 55.3265178, 25.2409943 ], [ 55.3265357, 25.2409787 ], [ 55.3265451, 25.2409933 ], [ 55.3265329, 25.2410051 ], [ 55.3265257, 25.24102 ], [ 55.3265246, 25.2410362 ], [ 55.3265036, 25.2410367 ] ] ] ] } },
{ "type": "Feature", "properties": { "osm_id": 1257831707, "osm_type": "ways_poly", "opening_hours": null, "landuse": "grass", "denomination": null, "building": null, "leisure": null, "name": null, "historic": null, "amenity": null, "religion": null }, "geometry": { "type": "MultiPolygon", "coordinates": [ [ [ [ 55.3265515, 25.2412585 ], [ 55.3265731, 25.2411543 ], [ 55.3266034, 25.2411517 ], [ 55.3266322, 25.2411426 ], [ 55.3266578, 25.2411277 ], [ 55.3266788, 25.2411077 ], [ 55.3267808, 25.2411595 ], [ 55.3267533, 25.2411912 ], [ 55.3267199, 25.2412178 ], [ 55.3266816, 25.2412384 ], [ 55.3266399, 25.2412523 ], [ 55.326596, 25.2412591 ], [ 55.3265515, 25.2412585 ] ] ] ] } },
{ "type": "Feature", "properties": { "osm_id": 1134814847, "osm_type": "ways_poly", "opening_hours": null, "landuse": "residential", "denomination": null, "building": null, "leisure": null, "name": "الطوار 3", "historic": null, "amenity": null, "religion": null }, "geometry": { "type": "MultiPolygon", "coordinates": [ [ [ [ 55.3872972, 25.2539817 ], [ 55.3874558, 25.250822 ], [ 55.3874989, 25.2454567 ], [ 55.3877384, 25.2453343 ], [ 55.3934627, 25.2419992 ], [ 55.3960659, 25.2405229 ], [ 55.3969061, 25.2401049 ], [ 55.3974353, 25.2399585 ], [ 55.3979141, 25.2399332 ], [ 55.4030408, 25.2397622 ], [ 55.4035785, 25.2397315 ], [ 55.4036768, 25.2398005 ], [ 55.4036823, 25.2398923 ], [ 55.4038073, 25.2406246 ], [ 55.404192, 25.2435853 ], [ 55.4041992, 25.2438527 ], [ 55.4041827, 25.2440016 ], [ 55.4041688, 25.2441088 ], [ 55.4041426, 25.2442262 ], [ 55.4041548, 25.2443001 ], [ 55.4041851, 25.2443627 ], [ 55.404174, 25.2444187 ], [ 55.4041395, 25.244457 ], [ 55.4040666, 25.2445022 ], [ 55.4041569, 25.2445317 ], [ 55.4042947, 25.2445993 ], [ 55.4044062, 25.2447379 ], [ 55.4044431, 25.2448127 ], [ 55.4044641, 25.2448932 ], [ 55.404498, 25.2453366 ], [ 55.4045575, 25.2460408 ], [ 55.404702, 25.2508263 ], [ 55.4037356, 25.2526216 ], [ 55.3998666, 25.2548193 ], [ 55.3960327, 25.2570628 ], [ 55.3929692, 25.2588563 ], [ 55.3902051, 25.2603884 ], [ 55.3900227, 25.2604319 ], [ 55.389872, 25.2604179 ], [ 55.3897082, 25.2603772 ], [ 55.3895593, 25.2602929 ], [ 55.3894126, 25.2601562 ], [ 55.3889531, 25.2595326 ], [ 55.3885002, 25.2588011 ], [ 55.3884036, 25.2586022 ], [ 55.3881458, 25.2580711 ], [ 55.3877477, 25.2570954 ], [ 55.3875659, 25.2566118 ], [ 55.387427, 25.2559288 ], [ 55.3873571, 25.2550736 ], [ 55.3873792, 25.2540337 ], [ 55.3872972, 25.2539817 ] ] ] ] } },
{ "type": "Feature", "properties": { "osm_id": 1264541016, "osm_type": "ways_poly", "opening_hours": null, "landuse": "construction", "denomination": null, "building": null, "leisure": null, "name": null, "historic": null, "amenity": null, "religion": null }, "geometry": { "type": "MultiPolygon", "coordinates": [ [ [ [ 55.358206, 25.200464 ], [ 55.3583881, 25.2000392 ], [ 55.359137, 25.1995923 ], [ 55.3615172, 25.199303 ], [ 55.3610719, 25.2005153 ], [ 55.3605943, 25.2011819 ], [ 55.3599183, 25.2010977 ], [ 55.3585258, 25.2008852 ], [ 55.358206, 25.200464 ] ] ] ] } },
{ "type": "Feature", "properties": { "osm_id": 1282843899, "osm_type": "ways_poly", "opening_hours": null, "landuse": "flowerbed", "denomination": null, "building": null, "leisure": null, "name": "حديقة الزهور", "historic": null, "amenity": null, "religion": null }, "geometry": { "type": "MultiPolygon", "coordinates": [ [ [ [ 55.3262224, 25.2410652 ], [ 55.3262227, 25.2410142 ], [ 55.326232, 25.240964 ], [ 55.3262501, 25.2409157 ], [ 55.3262764, 25.2408706 ], [ 55.3263104, 25.2408299 ], [ 55.3263511, 25.2407947 ], [ 55.3263975, 25.2407657 ], [ 55.3264371, 25.2407479 ], [ 55.3264915, 25.2407318 ], [ 55.3265481, 25.2407238 ], [ 55.3266054, 25.2407243 ], [ 55.3266619, 25.2407331 ], [ 55.326716, 25.2407501 ], [ 55.3267663, 25.2407749 ], [ 55.3268115, 25.2408066 ], [ 55.3268444, 25.2408378 ], [ 55.3268767, 25.2408792 ], [ 55.3269013, 25.2409247 ], [ 55.3269177, 25.2409732 ], [ 55.3269253, 25.2410233 ], [ 55.326924, 25.241074 ], [ 55.3269139, 25.2411238 ], [ 55.3268952, 25.2411715 ], [ 55.3268746, 25.241207 ], [ 55.3268455, 25.2412442 ], [ 55.3268107, 25.2412772 ], [ 55.3267712, 25.2413054 ], [ 55.3267275, 25.2413281 ], [ 55.3266808, 25.2413451 ], [ 55.3266318, 25.2413558 ], [ 55.3265817, 25.2413601 ], [ 55.3265314, 25.2413579 ], [ 55.3264878, 25.2413506 ], [ 55.3264345, 25.2413342 ], [ 55.3263847, 25.2413105 ], [ 55.3263398, 25.2412798 ], [ 55.3263009, 25.2412431 ], [ 55.3262689, 25.2412012 ], [ 55.3262446, 25.2411553 ], [ 55.3262288, 25.2411064 ], [ 55.3262224, 25.2410652 ] ] ] ] } },
{ "type": "Feature", "properties": { "osm_id": 1265787735, "osm_type": "ways_poly", "opening_hours": null, "landuse": "grass", "denomination": null, "building": null, "leisure": null, "name": null, "historic": null, "amenity": null, "religion": null }, "geometry": { "type": "MultiPolygon", "coordinates": [ [ [ [ 55.3254754, 25.2377327 ], [ 55.3256482, 25.2375991 ], [ 55.3258936, 25.2374094 ], [ 55.3259105, 25.2374301 ], [ 55.3259237, 25.2374209 ], [ 55.325932, 25.2374172 ], [ 55.3259412, 25.2374163 ], [ 55.3259499, 25.2374188 ], [ 55.3259569, 25.2374243 ], [ 55.3260665, 25.2375535 ], [ 55.3260726, 25.2375618 ], [ 55.3260734, 25.2375718 ], [ 55.3260686, 25.2375808 ], [ 55.3260595, 25.2375865 ], [ 55.3257614, 25.2377891 ], [ 55.3257513, 25.2377947 ], [ 55.32574, 25.2377977 ], [ 55.3257282, 25.2377978 ], [ 55.3257168, 25.2377952 ], [ 55.3254754, 25.2377327 ] ] ] ] } },
{ "type": "Feature", "properties": { "osm_id": 1257831708, "osm_type": "ways_poly", "opening_hours": null, "landuse": "grass", "denomination": null, "building": null, "leisure": null, "name": null, "historic": null, "amenity": null, "religion": null }, "geometry": { "type": "MultiPolygon", "coordinates": [ [ [ [ 55.3267928, 25.2408788 ], [ 55.3268444, 25.2408378 ], [ 55.3268767, 25.2408792 ], [ 55.3269013, 25.2409247 ], [ 55.3269177, 25.2409732 ], [ 55.3269253, 25.2410233 ], [ 55.326924, 25.241074 ], [ 55.3269139, 25.2411238 ], [ 55.3268952, 25.2411715 ], [ 55.3268337, 25.2411399 ], [ 55.3268493, 25.241096 ], [ 55.326856, 25.2410503 ], [ 55.3268534, 25.2410042 ], [ 55.3268418, 25.2409593 ], [ 55.3268213, 25.2409171 ], [ 55.3267928, 25.2408788 ] ] ] ] } },
{ "type": "Feature", "properties": { "osm_id": 1257831709, "osm_type": "ways_poly", "opening_hours": null, "landuse": "grass", "denomination": null, "building": null, "leisure": null, "name": null, "historic": null, "amenity": null, "religion": null }, "geometry": { "type": "MultiPolygon", "coordinates": [ [ [ [ 55.3266794, 25.2409689 ], [ 55.3267645, 25.2409014 ], [ 55.3267889, 25.2409339 ], [ 55.3268066, 25.2409697 ], [ 55.3268169, 25.2410078 ], [ 55.3268195, 25.241047 ], [ 55.3268143, 25.241086 ], [ 55.3268016, 25.2411235 ], [ 55.326699, 25.2410715 ], [ 55.3267045, 25.241036 ], [ 55.3266977, 25.2410007 ], [ 55.3266794, 25.2409689 ] ] ] ] } },
{ "type": "Feature", "properties": { "osm_id": 1257831712, "osm_type": "ways_poly", "opening_hours": null, "landuse": "grass", "denomination": null, "building": null, "leisure": null, "name": null, "historic": null, "amenity": null, "religion": null }, "geometry": { "type": "MultiPolygon", "coordinates": [ [ [ [ 55.3265522, 25.2409712 ], [ 55.3265747, 25.2409675 ], [ 55.3265973, 25.2409702 ], [ 55.3266179, 25.2409791 ], [ 55.3266044, 25.2409911 ], [ 55.3265908, 25.2409857 ], [ 55.3265761, 25.2409838 ], [ 55.3265614, 25.2409859 ], [ 55.3265522, 25.2409712 ] ] ] ] } },
{ "type": "Feature", "properties": { "osm_id": 1257831713, "osm_type": "ways_poly", "opening_hours": null, "landuse": "grass", "denomination": null, "building": null, "leisure": null, "name": null, "historic": null, "amenity": null, "religion": null }, "geometry": { "type": "MultiPolygon", "coordinates": [ [ [ [ 55.3266203, 25.2410053 ], [ 55.3266344, 25.2409933 ], [ 55.3266438, 25.2410077 ], [ 55.3266487, 25.2410237 ], [ 55.326649, 25.2410403 ], [ 55.3266446, 25.2410565 ], [ 55.3266264, 25.2410451 ], [ 55.3266288, 25.2410315 ], [ 55.3266267, 25.2410178 ], [ 55.3266203, 25.2410053 ] ] ] ] } },
{ "type": "Feature", "properties": { "osm_id": 1257831714, "osm_type": "ways_poly", "opening_hours": null, "landuse": "grass", "denomination": null, "building": null, "leisure": null, "name": null, "historic": null, "amenity": null, "religion": null }, "geometry": { "type": "MultiPolygon", "coordinates": [ [ [ [ 55.3263352, 25.2410486 ], [ 55.3263374, 25.2410103 ], [ 55.3263469, 25.240973 ], [ 55.3263634, 25.2409377 ], [ 55.3263865, 25.2409055 ], [ 55.3264155, 25.2408775 ], [ 55.3264494, 25.2408545 ], [ 55.3265012, 25.240943 ], [ 55.3264795, 25.2409606 ], [ 55.3264627, 25.2409822 ], [ 55.3264517, 25.2410067 ], [ 55.3264471, 25.2410328 ], [ 55.3263352, 25.2410486 ] ] ] ] } },
{ "type": "Feature", "properties": { "osm_id": 1185990622, "osm_type": "ways_poly", "opening_hours": null, "landuse": null, "denomination": null, "building": "public", "leisure": null, "name": null, "historic": null, "amenity": null, "religion": null }, "geometry": { "type": "MultiPolygon", "coordinates": [ [ [ [ 55.4461366, 25.246729 ], [ 55.4465014, 25.2467047 ], [ 55.4465926, 25.2469813 ], [ 55.4461366, 25.2470735 ], [ 55.4461366, 25.246729 ] ] ] ] } },
{ "type": "Feature", "properties": { "osm_id": 415832244, "osm_type": "ways_poly", "opening_hours": null, "landuse": null, "denomination": null, "building": "mosque", "leisure": null, "name": null, "historic": null, "amenity": "place_of_worship", "religion": "muslim" }, "geometry": { "type": "MultiPolygon", "coordinates": [ [ [ [ 55.360042, 25.2662087 ], [ 55.3600956, 25.2660237 ], [ 55.3604316, 25.2661034 ], [ 55.3604267, 25.2661203 ], [ 55.3604726, 25.2661312 ], [ 55.3604641, 25.2661605 ], [ 55.3604691, 25.2661851 ], [ 55.3604655, 25.26621 ], [ 55.3604551, 25.2662306 ], [ 55.3604388, 25.2662478 ], [ 55.3604295, 25.2662799 ], [ 55.3603849, 25.2662693 ], [ 55.3603793, 25.2662887 ], [ 55.360042, 25.2662087 ] ] ] ] } },
{ "type": "Feature", "properties": { "osm_id": 245395246, "osm_type": "ways_poly", "opening_hours": null, "landuse": null, "denomination": null, "building": "public", "leisure": null, "name": "United Arab Emirates - Ministry of Justice", "historic": null, "amenity": null, "religion": null }, "geometry": { "type": "MultiPolygon", "coordinates": [ [ [ [ 55.3878196, 25.264112 ], [ 55.3880898, 25.26395 ], [ 55.3882694, 25.2641949 ], [ 55.3879993, 25.264357 ], [ 55.3878196, 25.264112 ] ] ] ] } },
{ "type": "Feature", "properties": { "osm_id": 1267885814, "osm_type": "ways_poly", "opening_hours": null, "landuse": "grass", "denomination": null, "building": null, "leisure": null, "name": null, "historic": null, "amenity": null, "religion": null }, "geometry": { "type": "MultiPolygon", "coordinates": [ [ [ [ 55.3278105, 25.2358406 ], [ 55.3279737, 25.2358744 ], [ 55.3279441, 25.2359281 ], [ 55.3278226, 25.2359033 ], [ 55.3278154, 25.2358721 ], [ 55.3278105, 25.2358406 ] ] ] ] } },
{ "type": "Feature", "properties": { "osm_id": 1267885819, "osm_type": "ways_poly", "opening_hours": null, "landuse": "grass", "denomination": null, "building": null, "leisure": null, "name": null, "historic": null, "amenity": null, "religion": null }, "geometry": { "type": "MultiPolygon", "coordinates": [ [ [ [ 55.3280563, 25.2353808 ], [ 55.3281094, 25.235354 ], [ 55.3281656, 25.2353329 ], [ 55.3282241, 25.2353177 ], [ 55.3282841, 25.2353086 ], [ 55.3282201, 25.235427 ], [ 55.3280563, 25.2353808 ] ] ] ] } },
{ "type": "Feature", "properties": { "osm_id": 1265762070, "osm_type": "ways_poly", "opening_hours": null, "landuse": "grass", "denomination": null, "building": null, "leisure": null, "name": null, "historic": null, "amenity": null, "religion": null }, "geometry": { "type": "MultiPolygon", "coordinates": [ [ [ [ 55.3274418, 25.2400544 ], [ 55.327446, 25.2400301 ], [ 55.327456, 25.2400072 ], [ 55.327471, 25.2399868 ], [ 55.327492, 25.2399651 ], [ 55.3275176, 25.2399478 ], [ 55.327546, 25.2399348 ], [ 55.3275766, 25.2399266 ], [ 55.3275666, 25.2399481 ], [ 55.3275642, 25.2399714 ], [ 55.3275699, 25.2399942 ], [ 55.3275829, 25.2400143 ], [ 55.3276021, 25.2400299 ], [ 55.3276257, 25.2400395 ], [ 55.3276567, 25.240047 ], [ 55.3276896, 25.2400488 ], [ 55.3277272, 25.2400485 ], [ 55.3277639, 25.2400409 ], [ 55.3277979, 25.2400263 ], [ 55.3278276, 25.2400053 ], [ 55.3278516, 25.2399791 ], [ 55.3278699, 25.2399486 ], [ 55.3278707, 25.2399871 ], [ 55.327864, 25.2400251 ], [ 55.32785, 25.2400615 ], [ 55.3278292, 25.240095 ], [ 55.3278021, 25.2401248 ], [ 55.3277696, 25.2401496 ], [ 55.3277348, 25.2401682 ], [ 55.3276971, 25.2401813 ], [ 55.3276575, 25.2401886 ], [ 55.3276171, 25.2401899 ], [ 55.327577, 25.2401851 ], [ 55.3275384, 25.2401744 ], [ 55.3275022, 25.2401581 ], [ 55.3274807, 25.2401432 ], [ 55.3274632, 25.2401244 ], [ 55.3274505, 25.2401026 ], [ 55.3274433, 25.2400789 ], [ 55.3274418, 25.2400544 ] ] ] ] } },
{ "type": "Feature", "properties": { "osm_id": 1257831704, "osm_type": "ways_poly", "opening_hours": null, "landuse": "grass", "denomination": null, "building": null, "leisure": null, "name": null, "historic": null, "amenity": null, "religion": null }, "geometry": { "type": "MultiPolygon", "coordinates": [ [ [ [ 55.3264371, 25.2407479 ], [ 55.3264915, 25.2407318 ], [ 55.3265481, 25.2407238 ], [ 55.3266054, 25.2407243 ], [ 55.3266619, 25.2407331 ], [ 55.326716, 25.2407501 ], [ 55.3267663, 25.2407749 ], [ 55.3268115, 25.2408066 ], [ 55.3267627, 25.2408502 ], [ 55.3267207, 25.240822 ], [ 55.3266737, 25.2408012 ], [ 55.3266232, 25.2407887 ], [ 55.326571, 25.2407848 ], [ 55.326519, 25.2407897 ], [ 55.3264688, 25.2408033 ], [ 55.3264371, 25.2407479 ] ] ] ] } },
{ "type": "Feature", "properties": { "osm_id": 296422646, "osm_type": "ways_poly", "opening_hours": null, "landuse": null, "denomination": "sunni", "building": "yes", "leisure": null, "name": "مسجد الراشدية الكبير", "historic": null, "amenity": "place_of_worship", "religion": "muslim" }, "geometry": { "type": "MultiPolygon", "coordinates": [ [ [ [ 55.3822651, 25.2338183 ], [ 55.3823362, 25.2336048 ], [ 55.3825186, 25.2335211 ], [ 55.3827466, 25.2335902 ], [ 55.3828485, 25.233754 ], [ 55.3827788, 25.2339687 ], [ 55.3825964, 25.2340537 ], [ 55.382359, 25.2339821 ], [ 55.3822651, 25.2338183 ] ] ] ] } },
{ "type": "Feature", "properties": { "osm_id": 223639382, "osm_type": "ways_poly", "opening_hours": null, "landuse": null, "denomination": null, "building": "yes", "leisure": null, "name": "Eid Prayer Area", "historic": null, "amenity": "place_of_worship", "religion": "muslim" }, "geometry": { "type": "MultiPolygon", "coordinates": [ [ [ [ 55.3960709, 25.2117826 ], [ 55.3963278, 25.2106302 ], [ 55.3964162, 25.2106464 ], [ 55.3964606, 25.2104474 ], [ 55.3966758, 25.2104867 ], [ 55.396775, 25.2100416 ], [ 55.3968645, 25.210058 ], [ 55.3969065, 25.2098696 ], [ 55.3973268, 25.2099463 ], [ 55.3972868, 25.2101255 ], [ 55.3974572, 25.2101566 ], [ 55.3974268, 25.2102929 ], [ 55.3975235, 25.2103106 ], [ 55.3974929, 25.2104479 ], [ 55.3975926, 25.2104661 ], [ 55.3975625, 25.2106014 ], [ 55.3976564, 25.2106185 ], [ 55.3976172, 25.2107942 ], [ 55.3977198, 25.210813 ], [ 55.3976999, 25.2109025 ], [ 55.3977945, 25.2109197 ], [ 55.3976865, 25.2114041 ], [ 55.3975672, 25.2113823 ], [ 55.3975467, 25.211474 ], [ 55.3974661, 25.2114593 ], [ 55.3974479, 25.211541 ], [ 55.3973348, 25.2115204 ], [ 55.3973144, 25.211612 ], [ 55.3971295, 25.2115783 ], [ 55.3971049, 25.2116883 ], [ 55.3969202, 25.2116546 ], [ 55.3969059, 25.2117186 ], [ 55.3967172, 25.2116842 ], [ 55.3967013, 25.2117555 ], [ 55.3965018, 25.2117191 ], [ 55.3964868, 25.2117863 ], [ 55.3962859, 25.2117497 ], [ 55.3962704, 25.211819 ], [ 55.3960709, 25.2117826 ] ] ] ] } },
{ "type": "Feature", "properties": { "osm_id": 482438086, "osm_type": "ways_poly", "opening_hours": null, "landuse": null, "denomination": null, "building": "yes", "leisure": null, "name": null, "historic": null, "amenity": "toilets", "religion": null }, "geometry": { "type": "MultiPolygon", "coordinates": [ [ [ [ 55.3460868, 25.2311416 ], [ 55.3461132, 25.2311217 ], [ 55.3461287, 25.2311386 ], [ 55.3461023, 25.2311585 ], [ 55.3460868, 25.2311416 ] ] ] ] } },
{ "type": "Feature", "properties": { "osm_id": 1348094400, "osm_type": "ways_poly", "opening_hours": null, "landuse": "grass", "denomination": null, "building": null, "leisure": null, "name": null, "historic": null, "amenity": null, "religion": null }, "geometry": { "type": "MultiPolygon", "coordinates": [ [ [ [ 55.4096652, 25.2568375 ], [ 55.4097144, 25.2568262 ], [ 55.4097933, 25.2571046 ], [ 55.4098196, 25.2571457 ], [ 55.4098579, 25.2571725 ], [ 55.4099067, 25.2571896 ], [ 55.4099561, 25.2571927 ], [ 55.4100296, 25.2571735 ], [ 55.4100899, 25.2571657 ], [ 55.4101415, 25.2571777 ], [ 55.410184, 25.2572036 ], [ 55.4102162, 25.2572472 ], [ 55.4103145, 25.2575868 ], [ 55.4103007, 25.2576441 ], [ 55.4102697, 25.2576878 ], [ 55.4102297, 25.2577146 ], [ 55.4100856, 25.257752 ], [ 55.410036, 25.2577588 ], [ 55.4099843, 25.2577458 ], [ 55.4099429, 25.2577152 ], [ 55.4099188, 25.2576859 ], [ 55.409903, 25.2576477 ], [ 55.4096652, 25.2568375 ] ] ] ] } },
{ "type": "Feature", "properties": { "osm_id": 694280364, "osm_type": "ways_poly", "opening_hours": null, "landuse": "residential", "denomination": null, "building": null, "leisure": null, "name": "The Cove", "historic": null, "amenity": null, "religion": null }, "geometry": { "type": "MultiPolygon", "coordinates": [ [ [ [ 55.3442747, 25.2008569 ], [ 55.3444518, 25.2008686 ], [ 55.3445944, 25.200896 ], [ 55.3446635, 25.2006224 ], [ 55.344927, 25.2006849 ], [ 55.3448233, 25.2010953 ], [ 55.345238, 25.2012282 ], [ 55.3455188, 25.2013689 ], [ 55.3457347, 25.2015018 ], [ 55.3460011, 25.2016943 ], [ 55.3453589, 25.202346 ], [ 55.3450134, 25.2021662 ], [ 55.3446808, 25.202045 ], [ 55.3444691, 25.2019786 ], [ 55.3445728, 25.2014822 ], [ 55.3442818, 25.2014429 ], [ 55.3442747, 25.2008569 ] ] ] ] } },
{ "type": "Feature", "properties": { "osm_id": 462774191, "osm_type": "ways_poly", "opening_hours": null, "landuse": "forest", "denomination": null, "building": null, "leisure": null, "name": null, "historic": null, "amenity": null, "religion": null }, "geometry": { "type": "MultiPolygon", "coordinates": [ [ [ [ 55.4401587, 25.2184381 ], [ 55.4402626, 25.2183872 ], [ 55.4407386, 25.219315 ], [ 55.4410458, 25.2193072 ], [ 55.4412362, 25.2193541 ], [ 55.4413789, 25.2196047 ], [ 55.4415564, 25.2201253 ], [ 55.4419761, 25.2211626 ], [ 55.4421665, 25.2217107 ], [ 55.4420804, 25.2217509 ], [ 55.4407021, 25.2194357 ], [ 55.4403751, 25.2188452 ], [ 55.4401587, 25.2184381 ] ] ] ] } },
{ "type": "Feature", "properties": { "osm_id": 1356345991, "osm_type": "ways_poly", "opening_hours": null, "landuse": null, "denomination": null, "building": "yes", "leisure": null, "name": null, "historic": null, "amenity": "place_of_worship", "religion": "muslim" }, "geometry": { "type": "MultiPolygon", "coordinates": [ [ [ [ 55.4403787, 25.1947422 ], [ 55.4403919, 25.1946901 ], [ 55.4404083, 25.1946935 ], [ 55.4404204, 25.1946456 ], [ 55.440455, 25.1946528 ], [ 55.4404658, 25.1946097 ], [ 55.4405222, 25.1946213 ], [ 55.4405308, 25.1945871 ], [ 55.4405489, 25.194573 ], [ 55.4406057, 25.1946327 ], [ 55.440596, 25.1946707 ], [ 55.4406705, 25.1946862 ], [ 55.4406304, 25.1948436 ], [ 55.4403816, 25.1947918 ], [ 55.4403935, 25.1947452 ], [ 55.4403787, 25.1947422 ] ] ] ] } },
{ "type": "Feature", "properties": { "osm_id": 462772427, "osm_type": "ways_poly", "opening_hours": null, "landuse": "forest", "denomination": null, "building": null, "leisure": null, "name": null, "historic": null, "amenity": null, "religion": null }, "geometry": { "type": "MultiPolygon", "coordinates": [ [ [ [ 55.4291001, 25.2123714 ], [ 55.4300723, 25.212198 ], [ 55.4312427, 25.2118005 ], [ 55.431802, 25.2117334 ], [ 55.4343895, 25.2110628 ], [ 55.4368086, 25.2104592 ], [ 55.4372533, 25.2123065 ], [ 55.434814, 25.2128612 ], [ 55.4351914, 25.2143548 ], [ 55.4352318, 25.2147206 ], [ 55.4353801, 25.2151352 ], [ 55.4345917, 25.215568 ], [ 55.4331901, 25.2162264 ], [ 55.432213, 25.2165495 ], [ 55.4313762, 25.2168998 ], [ 55.4309969, 25.2170082 ], [ 55.4303867, 25.2160574 ], [ 55.4300026, 25.2154461 ], [ 55.4297299, 25.2145213 ], [ 55.4291001, 25.2123714 ] ] ] ] } },
{ "type": "Feature", "properties": { "osm_id": 638350875, "osm_type": "ways_poly", "opening_hours": "Mo-Su,PH 10:00-20:00", "landuse": null, "denomination": null, "building": null, "leisure": "park", "name": "حديقة دبي للتماسيح", "historic": null, "amenity": null, "religion": null }, "geometry": { "type": "MultiPolygon", "coordinates": [ [ [ [ 55.4402802, 25.2025021 ], [ 55.4402841, 25.2024474 ], [ 55.4403071, 25.2023967 ], [ 55.44034, 25.2023554 ], [ 55.4406486, 25.2020349 ], [ 55.4408823, 25.2017921 ], [ 55.4413073, 25.2013506 ], [ 55.4413786, 25.2015546 ], [ 55.4415045, 25.2019148 ], [ 55.4416283, 25.2023328 ], [ 55.4416647, 25.2024413 ], [ 55.4417008, 25.2025619 ], [ 55.4417083, 25.2025854 ], [ 55.4417195, 25.2026229 ], [ 55.4418121, 25.2029274 ], [ 55.4418256, 25.2029724 ], [ 55.4417727, 25.2029854 ], [ 55.4406433, 25.2032648 ], [ 55.4405992, 25.2032807 ], [ 55.4405831, 25.2032441 ], [ 55.440564, 25.2032102 ], [ 55.4405549, 25.2031964 ], [ 55.4405171, 25.2031527 ], [ 55.4404942, 25.2031186 ], [ 55.4404718, 25.2030873 ], [ 55.4404268, 25.2030172 ], [ 55.4404, 25.2029633 ], [ 55.440386, 25.202928 ], [ 55.4403675, 25.2028804 ], [ 55.4403542, 25.2028345 ], [ 55.4403511, 25.2028237 ], [ 55.4402891, 25.202555 ], [ 55.4402802, 25.2025021 ] ] ] ] } },
{ "type": "Feature", "properties": { "osm_id": 646914170, "osm_type": "ways_poly", "opening_hours": null, "landuse": "grass", "denomination": null, "building": null, "leisure": null, "name": null, "historic": null, "amenity": null, "religion": null }, "geometry": { "type": "MultiPolygon", "coordinates": [ [ [ [ 55.4098138, 25.2181897 ], [ 55.409854, 25.2181424 ], [ 55.4098554, 25.218208 ], [ 55.4098142, 25.2182088 ], [ 55.4098138, 25.2181897 ] ] ] ] } },
{ "type": "Feature", "properties": { "osm_id": 1131702803, "osm_type": "ways_poly", "opening_hours": null, "landuse": null, "denomination": null, "building": "yes", "leisure": null, "name": null, "historic": null, "amenity": "place_of_worship", "religion": "muslim" }, "geometry": { "type": "MultiPolygon", "coordinates": [ [ [ [ 55.4738788, 25.2345532 ], [ 55.4739581, 25.2344346 ], [ 55.4740536, 25.2344851 ], [ 55.4739733, 25.2346037 ], [ 55.4738788, 25.2345532 ] ] ] ] } },
{ "type": "Feature", "properties": { "osm_id": 1134445829, "osm_type": "ways_poly", "opening_hours": null, "landuse": "residential", "denomination": null, "building": null, "leisure": null, "name": "الخوانج 1", "historic": null, "amenity": null, "religion": null }, "geometry": { "type": "MultiPolygon", "coordinates": [ [ [ [ 55.4654131, 25.2295354 ], [ 55.4654951, 25.229258 ], [ 55.4658393, 25.2290497 ], [ 55.4664993, 25.2288254 ], [ 55.4788582, 25.2266738 ], [ 55.4855719, 25.226174 ], [ 55.4913742, 25.2251535 ], [ 55.5029582, 25.2232204 ], [ 55.503178, 25.2232906 ], [ 55.5032763, 25.2234069 ], [ 55.5033104, 25.2235283 ], [ 55.5033252, 25.2236826 ], [ 55.5033094, 25.223891 ], [ 55.5030867, 25.2264662 ], [ 55.5030406, 25.2285143 ], [ 55.5032455, 25.2303071 ], [ 55.5032133, 25.2304679 ], [ 55.5031406, 25.2305772 ], [ 55.5030705, 25.2307029 ], [ 55.5030976, 25.2308851 ], [ 55.5031179, 25.231026 ], [ 55.5032384, 25.2310917 ], [ 55.5033863, 25.2312015 ], [ 55.5034942, 25.231306 ], [ 55.506211, 25.2390485 ], [ 55.506211, 25.2392369 ], [ 55.5061255, 25.2394028 ], [ 55.5062266, 25.2397135 ], [ 55.5063574, 25.2398622 ], [ 55.506519, 25.2399363 ], [ 55.5066384, 25.2400424 ], [ 55.506755, 25.2402194 ], [ 55.5096754, 25.2480842 ], [ 55.5111484, 25.2521346 ], [ 55.5111913, 25.2523127 ], [ 55.5111656, 25.2524562 ], [ 55.5111134, 25.25262 ], [ 55.5110431, 25.2527907 ], [ 55.5109003, 25.2529178 ], [ 55.5092345, 25.2535548 ], [ 55.5033851, 25.2557812 ], [ 55.4997282, 25.257144 ], [ 55.4995521, 25.2571474 ], [ 55.4993874, 25.2571125 ], [ 55.4992376, 25.2570483 ], [ 55.4990852, 25.2569697 ], [ 55.4989638, 25.2568849 ], [ 55.4988784, 25.2567705 ], [ 55.4987038, 25.2568286 ], [ 55.4987074, 25.2570123 ], [ 55.4986701, 25.2571805 ], [ 55.498613, 25.2573714 ], [ 55.4985061, 25.257529 ], [ 55.4983022, 25.2576449 ], [ 55.4973832, 25.2580278 ], [ 55.4889975, 25.2612039 ], [ 55.4887328, 25.2612569 ], [ 55.4885763, 25.2612561 ], [ 55.4884114, 25.2611975 ], [ 55.4882639, 25.2611251 ], [ 55.4879851, 25.2611661 ], [ 55.4877713, 25.2612618 ], [ 55.4877476, 25.2613736 ], [ 55.4877286, 25.2614786 ], [ 55.487681, 25.2615871 ], [ 55.4876074, 25.261684 ], [ 55.4875042, 25.2617692 ], [ 55.4873905, 25.2618326 ], [ 55.4813707, 25.2641033 ], [ 55.4756242, 25.2662897 ], [ 55.4733604, 25.2671861 ], [ 55.473101, 25.2672886 ], [ 55.4729053, 25.2673172 ], [ 55.472742, 25.2673185 ], [ 55.4725685, 25.2672772 ], [ 55.4724131, 25.267203 ], [ 55.4722947, 25.2670725 ], [ 55.4721871, 25.266793 ], [ 55.4720855, 25.2664695 ], [ 55.4713811, 25.2633156 ], [ 55.4706395, 25.2600251 ], [ 55.4698226, 25.2563401 ], [ 55.4693093, 25.253825 ], [ 55.4692489, 25.251376 ], [ 55.4692559, 25.2504646 ], [ 55.4691694, 25.2492716 ], [ 55.4669632, 25.2371756 ], [ 55.4654131, 25.2295354 ] ] ] ] } },
{ "type": "Feature", "properties": { "osm_id": 969865590, "osm_type": "ways_poly", "opening_hours": null, "landuse": "greenfield", "denomination": null, "building": null, "leisure": null, "name": null, "historic": null, "amenity": null, "religion": null }, "geometry": { "type": "MultiPolygon", "coordinates": [ [ [ [ 55.3377208, 25.2291643 ], [ 55.338155, 25.2291309 ], [ 55.3381919, 25.2293629 ], [ 55.3380661, 25.229557 ], [ 55.3378348, 25.2296177 ], [ 55.3377929, 25.2292613 ], [ 55.3377208, 25.2291643 ] ] ] ] } },
{ "type": "Feature", "properties": { "osm_id": 1491868394, "osm_type": "ways_poly", "opening_hours": null, "landuse": "grass", "denomination": null, "building": null, "leisure": null, "name": null, "historic": null, "amenity": null, "religion": null }, "geometry": { "type": "MultiPolygon", "coordinates": [ [ [ [ 55.3521351, 25.2294949 ], [ 55.3521421, 25.229485 ], [ 55.3524467, 25.2296966 ], [ 55.3525296, 25.2297925 ], [ 55.3525704, 25.2299143 ], [ 55.35255, 25.2300041 ], [ 55.352429, 25.2301689 ], [ 55.3524059, 25.2301566 ], [ 55.3524045, 25.2300545 ], [ 55.3523726, 25.2299555 ], [ 55.3523297, 25.2298565 ], [ 55.3522957, 25.2298023 ], [ 55.352405, 25.2296863 ], [ 55.3521351, 25.2294949 ] ] ] ] } },
{ "type": "Feature", "properties": { "osm_id": 1491868395, "osm_type": "ways_poly", "opening_hours": null, "landuse": "grass", "denomination": null, "building": null, "leisure": null, "name": null, "historic": null, "amenity": null, "religion": null }, "geometry": { "type": "MultiPolygon", "coordinates": [ [ [ [ 55.3504132, 25.2310885 ], [ 55.3507822, 25.2307429 ], [ 55.3511676, 25.230319 ], [ 55.3514893, 25.2299984 ], [ 55.3515317, 25.2299955 ], [ 55.3515611, 25.2300265 ], [ 55.3515448, 25.2300974 ], [ 55.3512917, 25.2303751 ], [ 55.3512329, 25.2304578 ], [ 55.3511055, 25.2306203 ], [ 55.3509814, 25.2307281 ], [ 55.3510664, 25.2307547 ], [ 55.3511137, 25.2308286 ], [ 55.3511529, 25.2308581 ], [ 55.351246, 25.2308404 ], [ 55.351424, 25.2306129 ], [ 55.3515595, 25.2305125 ], [ 55.3515938, 25.2304534 ], [ 55.3517277, 25.2303411 ], [ 55.3517865, 25.2301934 ], [ 55.3518109, 25.2301402 ], [ 55.3518861, 25.2300782 ], [ 55.3518599, 25.2299984 ], [ 55.3516395, 25.2299659 ], [ 55.3515595, 25.2299866 ], [ 55.3515056, 25.2299497 ], [ 55.3515579, 25.229901 ], [ 55.3516966, 25.2298478 ], [ 55.3518028, 25.2298566 ], [ 55.3519318, 25.2299083 ], [ 55.3519873, 25.2299881 ], [ 55.3519938, 25.2300989 ], [ 55.351971, 25.2302274 ], [ 55.3518844, 25.2303515 ], [ 55.3517816, 25.2304534 ], [ 55.3515774, 25.2306735 ], [ 55.3514044, 25.2308301 ], [ 55.3513048, 25.2308877 ], [ 55.3513031, 25.2309423 ], [ 55.3512476, 25.2309674 ], [ 55.3511186, 25.2309689 ], [ 55.3510141, 25.2309423 ], [ 55.3509327, 25.2309312 ], [ 55.3507888, 25.2308581 ], [ 55.3507251, 25.2308596 ], [ 55.3505667, 25.2310221 ], [ 55.3505569, 25.2310826 ], [ 55.3504948, 25.2311107 ], [ 55.3504279, 25.2311535 ], [ 55.3504132, 25.2310885 ] ] ] ] } },
{ "type": "Feature", "properties": { "osm_id": 518516704, "osm_type": "ways_poly", "opening_hours": null, "landuse": "residential", "denomination": null, "building": null, "leisure": null, "name": null, "historic": null, "amenity": null, "religion": null }, "geometry": { "type": "MultiPolygon", "coordinates": [ [ [ [ 55.3998822, 25.2405259 ], [ 55.3999848, 25.2404318 ], [ 55.4003333, 25.2404251 ], [ 55.4009642, 25.2403813 ], [ 55.4010351, 25.2403785 ], [ 55.4010713, 25.2403747 ], [ 55.4019144, 25.2403554 ], [ 55.4022594, 25.2403545 ], [ 55.4025068, 25.2403496 ], [ 55.4026541, 25.2403514 ], [ 55.4027532, 25.2403432 ], [ 55.4028808, 25.2403365 ], [ 55.4030296, 25.2403344 ], [ 55.4031277, 25.2403316 ], [ 55.40313, 25.2404087 ], [ 55.4031215, 25.2407672 ], [ 55.4028844, 25.2407761 ], [ 55.4028248, 25.2407769 ], [ 55.4022795, 25.2407899 ], [ 55.4022248, 25.2407914 ], [ 55.4020387, 25.2407991 ], [ 55.4019301, 25.2408009 ], [ 55.4018315, 25.2408066 ], [ 55.4016573, 25.240809 ], [ 55.4016262, 25.2408097 ], [ 55.401452, 25.2408129 ], [ 55.4011856, 25.2408181 ], [ 55.4009748, 25.240822 ], [ 55.4005603, 25.2408312 ], [ 55.4004984, 25.2408332 ], [ 55.3999546, 25.2408565 ], [ 55.399888, 25.2407973 ], [ 55.3998822, 25.2405259 ] ] ] ] } },
{ "type": "Feature", "properties": { "osm_id": 499329996, "osm_type": "ways_poly", "opening_hours": null, "landuse": null, "denomination": null, "building": "yes", "leisure": null, "name": null, "historic": null, "amenity": "place_of_worship", "religion": "muslim" }, "geometry": { "type": "MultiPolygon", "coordinates": [ [ [ [ 55.3821293, 25.2239236 ], [ 55.382184, 25.2237086 ], [ 55.3826478, 25.2238052 ], [ 55.3825931, 25.2240201 ], [ 55.3821293, 25.2239236 ] ] ] ] } },
{ "type": "Feature", "properties": { "osm_id": 238471628, "osm_type": "ways_poly", "opening_hours": null, "landuse": "industrial", "denomination": null, "building": null, "leisure": null, "name": "Dubai Government Workshop", "historic": null, "amenity": null, "religion": null }, "geometry": { "type": "MultiPolygon", "coordinates": [ [ [ [ 55.3288119, 25.2158078 ], [ 55.3307914, 25.2144392 ], [ 55.3314091, 25.2145462 ], [ 55.3330444, 25.2162349 ], [ 55.3305226, 25.2178852 ], [ 55.3288119, 25.2158078 ] ] ] ] } },
{ "type": "Feature", "properties": { "osm_id": 1348094402, "osm_type": "ways_poly", "opening_hours": null, "landuse": "grass", "denomination": null, "building": null, "leisure": null, "name": null, "historic": null, "amenity": null, "religion": null }, "geometry": { "type": "MultiPolygon", "coordinates": [ [ [ [ 55.3392507, 25.2235632 ], [ 55.3393127, 25.2235171 ], [ 55.3393665, 25.2234697 ], [ 55.3395527, 25.223615 ], [ 55.3394582, 25.223721 ], [ 55.3392507, 25.2235632 ] ] ] ] } },
{ "type": "Feature", "properties": { "osm_id": 694650603, "osm_type": "ways_poly", "opening_hours": null, "landuse": "grass", "denomination": null, "building": null, "leisure": null, "name": null, "historic": null, "amenity": null, "religion": null }, "geometry": { "type": "MultiPolygon", "coordinates": [ [ [ [ 55.3432688, 25.2028904 ], [ 55.3432727, 25.2028569 ], [ 55.3432804, 25.2028288 ], [ 55.3432951, 25.2028964 ], [ 55.3433307, 25.202936 ], [ 55.3433776, 25.202982 ], [ 55.3433909, 25.2030095 ], [ 55.3433861, 25.2030791 ], [ 55.3433719, 25.203105 ], [ 55.3433245, 25.2031076 ], [ 55.3433201, 25.2030806 ], [ 55.3433213, 25.2030578 ], [ 55.3433357, 25.2030344 ], [ 55.3433292, 25.2029821 ], [ 55.3432961, 25.2029486 ], [ 55.3432688, 25.2028904 ] ] ] ] } },
{ "type": "Feature", "properties": { "osm_id": 694660082, "osm_type": "ways_poly", "opening_hours": null, "landuse": "grass", "denomination": null, "building": null, "leisure": null, "name": null, "historic": null, "amenity": null, "religion": null }, "geometry": { "type": "MultiPolygon", "coordinates": [ [ [ [ 55.3435526, 25.2033179 ], [ 55.3435871, 25.2033104 ], [ 55.343656, 25.2034838 ], [ 55.3436188, 25.2034988 ], [ 55.3435526, 25.2033179 ] ] ] ] } },
{ "type": "Feature", "properties": { "osm_id": 503647836, "osm_type": "ways_poly", "opening_hours": null, "landuse": null, "denomination": null, "building": "yes", "leisure": null, "name": null, "historic": null, "amenity": "place_of_worship", "religion": "muslim" }, "geometry": { "type": "MultiPolygon", "coordinates": [ [ [ [ 55.4584202, 25.2608761 ], [ 55.4584533, 25.2607127 ], [ 55.4586637, 25.2607476 ], [ 55.4586306, 25.260911 ], [ 55.4584202, 25.2608761 ] ] ] ] } },
{ "type": "Feature", "properties": { "osm_id": 646914162, "osm_type": "ways_poly", "opening_hours": null, "landuse": "grass", "denomination": null, "building": null, "leisure": null, "name": null, "historic": null, "amenity": null, "religion": null }, "geometry": { "type": "MultiPolygon", "coordinates": [ [ [ [ 55.4097163, 25.2189193 ], [ 55.4097525, 25.2189186 ], [ 55.4097557, 25.2190545 ], [ 55.4097195, 25.2190552 ], [ 55.4097163, 25.2189193 ] ] ] ] } },
{ "type": "Feature", "properties": { "osm_id": 646914164, "osm_type": "ways_poly", "opening_hours": null, "landuse": "grass", "denomination": null, "building": null, "leisure": null, "name": null, "historic": null, "amenity": null, "religion": null }, "geometry": { "type": "MultiPolygon", "coordinates": [ [ [ [ 55.4098191, 25.2184397 ], [ 55.4098621, 25.2184385 ], [ 55.40985, 25.2185319 ], [ 55.4098218, 25.2185331 ], [ 55.4098191, 25.2184397 ] ] ] ] } },
{ "type": "Feature", "properties": { "osm_id": 1264771896, "osm_type": "ways_poly", "opening_hours": null, "landuse": null, "denomination": null, "building": "mosque", "leisure": null, "name": null, "historic": null, "amenity": "place_of_worship", "religion": "muslim" }, "geometry": { "type": "MultiPolygon", "coordinates": [ [ [ [ 55.4559715, 25.2140475 ], [ 55.4559838, 25.2139929 ], [ 55.4561025, 25.2140148 ], [ 55.4560901, 25.2140694 ], [ 55.4559715, 25.2140475 ] ] ] ] } },
{ "type": "Feature", "properties": { "osm_id": 1112911577, "osm_type": "ways_poly", "opening_hours": null, "landuse": null, "denomination": "sunni", "building": "yes", "leisure": null, "name": "Mohammed bin Nasser Mosque", "historic": null, "amenity": "place_of_worship", "religion": "muslim" }, "geometry": { "type": "MultiPolygon", "coordinates": [ [ [ [ 55.4101079, 25.2475215 ], [ 55.4101132, 25.2474895 ], [ 55.4101419, 25.2474934 ], [ 55.4101509, 25.2474385 ], [ 55.4103168, 25.2474608 ], [ 55.4103122, 25.2474885 ], [ 55.4102911, 25.2474856 ], [ 55.4102725, 25.2475985 ], [ 55.410126, 25.2475788 ], [ 55.4101349, 25.2475251 ], [ 55.4101079, 25.2475215 ] ] ] ] } },
{ "type": "Feature", "properties": { "osm_id": 1124156241, "osm_type": "ways_poly", "opening_hours": null, "landuse": "residential", "denomination": null, "building": null, "leisure": null, "name": "Mushrif Village", "historic": null, "amenity": null, "religion": null }, "geometry": { "type": "MultiPolygon", "coordinates": [ [ [ [ 55.4363664, 25.2315687 ], [ 55.4377997, 25.2315391 ], [ 55.4379084, 25.2314423 ], [ 55.4380965, 25.2312426 ], [ 55.4380883, 25.2309867 ], [ 55.4377468, 25.2309999 ], [ 55.4377291, 25.2304217 ], [ 55.442106, 25.2302855 ], [ 55.44215, 25.2311402 ], [ 55.4415583, 25.2317893 ], [ 55.4390279, 25.2321965 ], [ 55.4384109, 25.2322816 ], [ 55.4366718, 25.2325314 ], [ 55.4365641, 25.2324687 ], [ 55.4363664, 25.2315687 ] ] ] ] } },
{ "type": "Feature", "properties": { "osm_id": 1124157962, "osm_type": "ways_poly", "opening_hours": null, "landuse": "residential", "denomination": null, "building": null, "leisure": null, "name": "Mirdif Hills", "historic": null, "amenity": null, "religion": null }, "geometry": { "type": "MultiPolygon", "coordinates": [ [ [ [ 55.4410553, 25.2237811 ], [ 55.4411314, 25.2237073 ], [ 55.4419061, 25.2236899 ], [ 55.441975, 25.2237712 ], [ 55.4419882, 25.2248154 ], [ 55.4420172, 25.2263806 ], [ 55.4420969, 25.2284552 ], [ 55.4420613, 25.2285684 ], [ 55.4420098, 25.228656 ], [ 55.4418738, 25.2287308 ], [ 55.4416947, 25.2287511 ], [ 55.4416016, 25.228753 ], [ 55.4413889, 25.228727 ], [ 55.4412473, 25.228614 ], [ 55.4411951, 25.2284726 ], [ 55.4411659, 25.2278066 ], [ 55.4411222, 25.2264246 ], [ 55.4410553, 25.2237811 ] ] ] ] } },
{ "type": "Feature", "properties": { "osm_id": 409931785, "osm_type": "ways_poly", "opening_hours": null, "landuse": null, "denomination": null, "building": null, "leisure": null, "name": "مسجد الفتح", "historic": null, "amenity": "place_of_worship", "religion": "muslim" }, "geometry": { "type": "MultiPolygon", "coordinates": [ [ [ [ 55.4448476, 25.2411382 ], [ 55.4453009, 25.2410791 ], [ 55.4453612, 25.2414745 ], [ 55.4449213, 25.24153 ], [ 55.4448476, 25.2411382 ] ] ] ] } },
{ "type": "Feature", "properties": { "osm_id": 462774187, "osm_type": "ways_poly", "opening_hours": null, "landuse": "forest", "denomination": null, "building": null, "leisure": null, "name": null, "historic": null, "amenity": null, "religion": null }, "geometry": { "type": "MultiPolygon", "coordinates": [ [ [ [ 55.4442506, 25.22093 ], [ 55.4446284, 25.2206141 ], [ 55.444885, 25.2198339 ], [ 55.4453055, 25.2187442 ], [ 55.4457046, 25.21759 ], [ 55.4460111, 25.217029 ], [ 55.4463681, 25.21647 ], [ 55.4464773, 25.2165438 ], [ 55.4459551, 25.2175272 ], [ 55.4454207, 25.2191058 ], [ 55.4449246, 25.2205595 ], [ 55.4448728, 25.2206928 ], [ 55.4444632, 25.2218318 ], [ 55.4443932, 25.2218327 ], [ 55.4442863, 25.2214459 ], [ 55.4442506, 25.22093 ] ] ] ] } },
{ "type": "Feature", "properties": { "osm_id": 462773185, "osm_type": "ways_poly", "opening_hours": null, "landuse": "forest", "denomination": null, "building": null, "leisure": null, "name": null, "historic": null, "amenity": null, "religion": null }, "geometry": { "type": "MultiPolygon", "coordinates": [ [ [ [ 55.4390988, 25.2161068 ], [ 55.4395435, 25.2158507 ], [ 55.4401095, 25.2154667 ], [ 55.440716, 25.214851 ], [ 55.4412011, 25.2145522 ], [ 55.4415325, 25.2145993 ], [ 55.4416728, 25.2146193 ], [ 55.4418684, 25.2147016 ], [ 55.4419626, 25.2147412 ], [ 55.4421984, 25.2145461 ], [ 55.4424477, 25.2144486 ], [ 55.4423938, 25.2140889 ], [ 55.4424636, 25.2140339 ], [ 55.4426027, 25.2139243 ], [ 55.4427981, 25.2137353 ], [ 55.4423534, 25.2130099 ], [ 55.4432833, 25.212449 ], [ 55.4434922, 25.2126929 ], [ 55.4442806, 25.2123515 ], [ 55.4441525, 25.2121442 ], [ 55.4448937, 25.2119003 ], [ 55.4448061, 25.2117113 ], [ 55.4445097, 25.2107847 ], [ 55.4449476, 25.2104676 ], [ 55.4455339, 25.2115406 ], [ 55.4465985, 25.2134671 ], [ 55.4468816, 25.2140462 ], [ 55.446922, 25.2144852 ], [ 55.4467603, 25.2148936 ], [ 55.4464907, 25.2155337 ], [ 55.4462751, 25.2155276 ], [ 55.4454732, 25.2155398 ], [ 55.4447118, 25.2156008 ], [ 55.444294, 25.2157349 ], [ 55.4440582, 25.2161799 ], [ 55.4438223, 25.2167164 ], [ 55.4433911, 25.2172224 ], [ 55.4429261, 25.2175943 ], [ 55.4423399, 25.2178869 ], [ 55.4416324, 25.2180393 ], [ 55.4410057, 25.2181185 ], [ 55.4403588, 25.2182465 ], [ 55.4402039, 25.2180454 ], [ 55.4399208, 25.2174419 ], [ 55.4396109, 25.216753 ], [ 55.439375, 25.2164177 ], [ 55.4390988, 25.2161068 ] ] ] ] } },
{ "type": "Feature", "properties": { "osm_id": 500542089, "osm_type": "ways_poly", "opening_hours": null, "landuse": null, "denomination": null, "building": "yes", "leisure": null, "name": "مسجد سالم بن بخيت", "historic": null, "amenity": "place_of_worship", "religion": "muslim" }, "geometry": { "type": "MultiPolygon", "coordinates": [ [ [ [ 55.4445542, 25.2381732 ], [ 55.4446112, 25.2379053 ], [ 55.4448547, 25.2379477 ], [ 55.4448472, 25.2379829 ], [ 55.4449625, 25.2380029 ], [ 55.4449182, 25.238211 ], [ 55.4447909, 25.2381888 ], [ 55.4447856, 25.2382135 ], [ 55.4445542, 25.2381732 ] ] ] ] } },
{ "type": "Feature", "properties": { "osm_id": 462772428, "osm_type": "ways_poly", "opening_hours": null, "landuse": "forest", "denomination": null, "building": null, "leisure": null, "name": null, "historic": null, "amenity": null, "religion": null }, "geometry": { "type": "MultiPolygon", "coordinates": [ [ [ [ 55.4332961, 25.2061993 ], [ 55.4336918, 25.2061098 ], [ 55.4345004, 25.2058355 ], [ 55.4358414, 25.2054514 ], [ 55.4380785, 25.2049088 ], [ 55.4396687, 25.2045978 ], [ 55.4402954, 25.2068109 ], [ 55.4405986, 25.2077376 ], [ 55.4407806, 25.2079388 ], [ 55.4410097, 25.2092313 ], [ 55.4371756, 25.2102311 ], [ 55.4343904, 25.2109621 ], [ 55.4332961, 25.2061993 ] ] ] ] } },
{ "type": "Feature", "properties": { "osm_id": 311254501, "osm_type": "ways_poly", "opening_hours": null, "landuse": null, "denomination": null, "building": null, "leisure": "park", "name": "حديقة مشرف الوطنية", "historic": null, "amenity": null, "religion": null }, "geometry": { "type": "MultiPolygon", "coordinates": [ [ [ [ 55.4445035, 25.2217713 ], [ 55.4445072, 25.2217535 ], [ 55.4448099, 25.2209995 ], [ 55.4449252, 25.2206993 ], [ 55.4450348, 25.2203973 ], [ 55.4451387, 25.2200937 ], [ 55.4452368, 25.2197885 ], [ 55.4453292, 25.2194819 ], [ 55.4457154, 25.2182483 ], [ 55.4457588, 25.2181249 ], [ 55.4458067, 25.2180029 ], [ 55.4465344, 25.2165364 ], [ 55.4465467, 25.2165116 ], [ 55.4465851, 25.2164349 ], [ 55.4465894, 25.216426 ], [ 55.4466044, 25.2163948 ], [ 55.446553, 25.2163644 ], [ 55.4465136, 25.2163302 ], [ 55.446509, 25.2163256 ], [ 55.4464743, 25.2162797 ], [ 55.44645, 25.2162287 ], [ 55.4464371, 25.2161744 ], [ 55.446436, 25.2161189 ], [ 55.4464468, 25.2160642 ], [ 55.4468389, 25.2150893 ], [ 55.4468457, 25.2150724 ], [ 55.4469984, 25.2146929 ], [ 55.4470292, 25.2146065 ], [ 55.4470516, 25.2145181 ], [ 55.4470655, 25.2144282 ], [ 55.4470708, 25.2143375 ], [ 55.4470673, 25.2142468 ], [ 55.4470552, 25.2141567 ], [ 55.4472034, 25.2140936 ], [ 55.4472417, 25.2141652 ], [ 55.4477359, 25.2139492 ], [ 55.4479221, 25.213859 ], [ 55.448122, 25.2137621 ], [ 55.4497012, 25.2129968 ], [ 55.4498924, 25.2122645 ], [ 55.4512157, 25.2122648 ], [ 55.451229, 25.212264 ], [ 55.451242, 25.2122614 ], [ 55.4512543, 25.2122568 ], [ 55.4528251, 25.2114979 ], [ 55.4528442, 25.2114947 ], [ 55.4528635, 25.2114965 ], [ 55.4528815, 25.2115032 ], [ 55.4545963, 25.2125969 ], [ 55.4546353, 25.2126168 ], [ 55.4546761, 25.2126333 ], [ 55.4547184, 25.2126463 ], [ 55.4548953, 25.212691 ], [ 55.4549571, 25.2127163 ], [ 55.455016, 25.2127466 ], [ 55.4550716, 25.2127818 ], [ 55.4554849, 25.2130703 ], [ 55.455664, 25.2131941 ], [ 55.455847, 25.213313 ], [ 55.4560284, 25.2134281 ], [ 55.4573328, 25.2142659 ], [ 55.4573918, 25.2143041 ], [ 55.4574763, 25.2143684 ], [ 55.4578444, 25.2146736 ], [ 55.4579618, 25.2147561 ], [ 55.4580435, 25.2148079 ], [ 55.4581274, 25.2148568 ], [ 55.4586696, 25.2151894 ], [ 55.4608545, 25.21659 ], [ 55.4608378, 25.2192016 ], [ 55.4544233, 25.2235875 ], [ 55.4543769, 25.2236143 ], [ 55.4543275, 25.2236361 ], [ 55.4542757, 25.2236527 ], [ 55.4542221, 25.223664 ], [ 55.4527294, 25.2238786 ], [ 55.4526535, 25.2238887 ], [ 55.4525768, 25.2238892 ], [ 55.4525008, 25.2238801 ], [ 55.4524269, 25.2238617 ], [ 55.4523565, 25.2238341 ], [ 55.4522777, 25.2237962 ], [ 55.4522718, 25.2237933 ], [ 55.4522627, 25.2237888 ], [ 55.4522556, 25.2237853 ], [ 55.4522187, 25.2237684 ], [ 55.4521589, 25.2237399 ], [ 55.4521148, 25.223719 ], [ 55.4520845, 25.2237082 ], [ 55.4520668, 25.2237037 ], [ 55.4520486, 25.2237013 ], [ 55.4520231, 25.2237018 ], [ 55.4519978, 25.2237053 ], [ 55.4519747, 25.2237139 ], [ 55.4519563, 25.2237254 ], [ 55.4519457, 25.2237348 ], [ 55.4516204, 25.2240498 ], [ 55.4496159, 25.2243482 ], [ 55.4493389, 25.2242447 ], [ 55.4491292, 25.2241614 ], [ 55.448794, 25.2240188 ], [ 55.4485265, 25.2238965 ], [ 55.4482596, 25.2237734 ], [ 55.4481254, 25.2237116 ], [ 55.4479881, 25.2236555 ], [ 55.4476957, 25.2235503 ], [ 55.4475388, 25.2234919 ], [ 55.447383, 25.2234264 ], [ 55.4472341, 25.223349 ], [ 55.4470347, 25.2232385 ], [ 55.4468622, 25.2231421 ], [ 55.4466898, 25.2230456 ], [ 55.4458845, 25.2225951 ], [ 55.4457682, 25.2225285 ], [ 55.44565, 25.2224646 ], [ 55.4455301, 25.2224036 ], [ 55.4451725, 25.2222246 ], [ 55.4449535, 25.2220997 ], [ 55.4447414, 25.2219654 ], [ 55.4445373, 25.2218338 ], [ 55.4445224, 25.2218217 ], [ 55.4445114, 25.2218065 ], [ 55.444505, 25.2217894 ], [ 55.4445035, 25.2217713 ] ] ] ] } },
{ "type": "Feature", "properties": { "osm_id": 183248402, "osm_type": "ways_poly", "opening_hours": null, "landuse": "residential", "denomination": null, "building": null, "leisure": null, "name": "منطقة 4", "historic": null, "amenity": null, "religion": null }, "geometry": { "type": "MultiPolygon", "coordinates": [ [ [ [ 55.4447116, 25.2685908 ], [ 55.4447369, 25.2677607 ], [ 55.4448978, 25.2671689 ], [ 55.4452304, 25.2665188 ], [ 55.4458097, 25.2656941 ], [ 55.4460887, 25.2652769 ], [ 55.44655, 25.2651605 ], [ 55.4491915, 25.2667339 ], [ 55.4481316, 25.2681466 ], [ 55.4476969, 25.2687907 ], [ 55.4476322, 25.2690667 ], [ 55.4476706, 25.2699397 ], [ 55.4476012, 25.2702285 ], [ 55.4453983, 25.2698812 ], [ 55.4448871, 25.2693907 ], [ 55.4447116, 25.2685908 ] ] ] ] } },
{ "type": "Feature", "properties": { "osm_id": 489091271, "osm_type": "ways_poly", "opening_hours": null, "landuse": "grass", "denomination": null, "building": null, "leisure": null, "name": null, "historic": null, "amenity": null, "religion": null }, "geometry": { "type": "MultiPolygon", "coordinates": [ [ [ [ 55.3382877, 25.2403233 ], [ 55.3383594, 25.2403175 ], [ 55.3383831, 25.2405552 ], [ 55.3383114, 25.2405611 ], [ 55.3382877, 25.2403233 ] ] ] ] } },
{ "type": "Feature", "properties": { "osm_id": 499968331, "osm_type": "ways_poly", "opening_hours": null, "landuse": null, "denomination": null, "building": "yes", "leisure": null, "name": null, "historic": null, "amenity": "place_of_worship", "religion": "muslim" }, "geometry": { "type": "MultiPolygon", "coordinates": [ [ [ [ 55.4338848, 25.2588704 ], [ 55.4339182, 25.2587176 ], [ 55.4340115, 25.2587343 ], [ 55.434028, 25.2586588 ], [ 55.4341941, 25.2586885 ], [ 55.4341325, 25.25897 ], [ 55.4339587, 25.2589389 ], [ 55.4339703, 25.2588857 ], [ 55.4338848, 25.2588704 ] ] ] ] } },
{ "type": "Feature", "properties": { "osm_id": 502733916, "osm_type": "ways_poly", "opening_hours": null, "landuse": null, "denomination": null, "building": "yes", "leisure": null, "name": null, "historic": null, "amenity": "place_of_worship", "religion": "muslim" }, "geometry": { "type": "MultiPolygon", "coordinates": [ [ [ [ 55.4266811, 25.2672634 ], [ 55.4267042, 25.2671529 ], [ 55.4268557, 25.2671788 ], [ 55.4268325, 25.2672894 ], [ 55.4266811, 25.2672634 ] ] ] ] } },
{ "type": "Feature", "properties": { "osm_id": 245975341, "osm_type": "ways_poly", "opening_hours": null, "landuse": null, "denomination": null, "building": "mosque", "leisure": null, "name": null, "historic": null, "amenity": "place_of_worship", "religion": "muslim" }, "geometry": { "type": "MultiPolygon", "coordinates": [ [ [ [ 55.3901333, 25.2581976 ], [ 55.3901643, 25.2580818 ], [ 55.3903856, 25.2581301 ], [ 55.3903546, 25.2582459 ], [ 55.3901333, 25.2581976 ] ] ] ] } },
{ "type": "Feature", "properties": { "osm_id": 245390215, "osm_type": "ways_poly", "opening_hours": null, "landuse": null, "denomination": null, "building": "mosque", "leisure": null, "name": null, "historic": null, "amenity": "place_of_worship", "religion": "muslim" }, "geometry": { "type": "MultiPolygon", "coordinates": [ [ [ [ 55.4032885, 25.2608577 ], [ 55.4033637, 25.2605464 ], [ 55.4037663, 25.2606087 ], [ 55.4036704, 25.2609351 ], [ 55.4032885, 25.2608577 ] ] ] ] } },
{ "type": "Feature", "properties": { "osm_id": 245394651, "osm_type": "ways_poly", "opening_hours": null, "landuse": null, "denomination": null, "building": "mosque", "leisure": null, "name": null, "historic": null, "amenity": "place_of_worship", "religion": "muslim" }, "geometry": { "type": "MultiPolygon", "coordinates": [ [ [ [ 55.4048059, 25.2593205 ], [ 55.4048303, 25.2592004 ], [ 55.404991, 25.2592288 ], [ 55.4049665, 25.2593505 ], [ 55.4048059, 25.2593205 ] ] ] ] } },
{ "type": "Feature", "properties": { "osm_id": 245390218, "osm_type": "ways_poly", "opening_hours": null, "landuse": null, "denomination": null, "building": "mosque", "leisure": null, "name": null, "historic": null, "amenity": "place_of_worship", "religion": "muslim" }, "geometry": { "type": "MultiPolygon", "coordinates": [ [ [ [ 55.3997798, 25.2588783 ], [ 55.3998241, 25.2586475 ], [ 55.4001103, 25.2587115 ], [ 55.4000616, 25.258909 ], [ 55.3999908, 25.2589277 ], [ 55.3997798, 25.2588783 ] ] ] ] } },
{ "type": "Feature", "properties": { "osm_id": 244250022, "osm_type": "ways_poly", "opening_hours": null, "landuse": null, "denomination": null, "building": "mosque", "leisure": null, "name": null, "historic": null, "amenity": "place_of_worship", "religion": "muslim" }, "geometry": { "type": "MultiPolygon", "coordinates": [ [ [ [ 55.4009029, 25.2503338 ], [ 55.4009508, 25.2501051 ], [ 55.4012943, 25.2501821 ], [ 55.4012836, 25.2502206 ], [ 55.4013156, 25.2502399 ], [ 55.4012836, 25.2503434 ], [ 55.4012437, 25.2503434 ], [ 55.401233, 25.250394 ], [ 55.4009029, 25.2503338 ] ] ] ] } },
{ "type": "Feature", "properties": { "osm_id": 518288844, "osm_type": "ways_poly", "opening_hours": null, "landuse": "construction", "denomination": null, "building": null, "leisure": null, "name": null, "historic": null, "amenity": null, "religion": null }, "geometry": { "type": "MultiPolygon", "coordinates": [ [ [ [ 55.4666895, 25.2358257 ], [ 55.4677589, 25.2356863 ], [ 55.4678243, 25.2354729 ], [ 55.467927, 25.2354603 ], [ 55.4681045, 25.2364192 ], [ 55.467362, 25.2365375 ], [ 55.4667735, 25.2361636 ], [ 55.4666895, 25.2358257 ] ] ] ] } },
{ "type": "Feature", "properties": { "osm_id": 462772429, "osm_type": "ways_poly", "opening_hours": null, "landuse": "forest", "denomination": null, "building": null, "leisure": null, "name": null, "historic": null, "amenity": null, "religion": null }, "geometry": { "type": "MultiPolygon", "coordinates": [ [ [ [ 55.4398642, 25.2045673 ], [ 55.440693, 25.2043052 ], [ 55.4423708, 25.2065915 ], [ 55.4435366, 25.2081461 ], [ 55.4438263, 25.2085363 ], [ 55.4415218, 25.2091216 ], [ 55.4413264, 25.2091338 ], [ 55.4412186, 25.2090728 ], [ 55.4411107, 25.2082376 ], [ 55.4408008, 25.2077742 ], [ 55.4406054, 25.2071889 ], [ 55.4405245, 25.2064756 ], [ 55.4402348, 25.2060793 ], [ 55.440255, 25.2055428 ], [ 55.4398642, 25.2045673 ] ] ] ] } },
{ "type": "Feature", "properties": { "osm_id": 390017978, "osm_type": "ways_poly", "opening_hours": null, "landuse": null, "denomination": null, "building": "yes", "leisure": null, "name": null, "historic": null, "amenity": "place_of_worship", "religion": "muslim" }, "geometry": { "type": "MultiPolygon", "coordinates": [ [ [ [ 55.3875698, 25.1976974 ], [ 55.3875755, 25.1976702 ], [ 55.3876073, 25.1976757 ], [ 55.3876152, 25.1976381 ], [ 55.3877016, 25.197653 ], [ 55.3877068, 25.1976284 ], [ 55.3876536, 25.1976192 ], [ 55.3876701, 25.1975412 ], [ 55.3877149, 25.1975253 ], [ 55.3877796, 25.1976746 ], [ 55.3877555, 25.1977888 ], [ 55.3875876, 25.1977598 ], [ 55.3875996, 25.1977025 ], [ 55.3875698, 25.1976974 ] ] ] ] } },
{ "type": "Feature", "properties": { "osm_id": 436220125, "osm_type": "ways_poly", "opening_hours": null, "landuse": null, "denomination": null, "building": "mosque", "leisure": null, "name": "Por Saeed Al Sharqy Masjid", "historic": null, "amenity": "place_of_worship", "religion": "muslim" }, "geometry": { "type": "MultiPolygon", "coordinates": [ [ [ [ 55.3311389, 25.2625952 ], [ 55.3311668, 25.2624725 ], [ 55.3313327, 25.2623945 ], [ 55.3313857, 25.262443 ], [ 55.3313743, 25.2625615 ], [ 55.3313947, 25.2625661 ], [ 55.3313749, 25.2626495 ], [ 55.3312931, 25.2626862 ], [ 55.3311865, 25.2626595 ], [ 55.3311389, 25.2625952 ] ] ] ] } },
{ "type": "Feature", "properties": { "osm_id": 399108888, "osm_type": "ways_poly", "opening_hours": null, "landuse": null, "denomination": null, "building": "mosque", "leisure": null, "name": null, "historic": null, "amenity": "place_of_worship", "religion": "muslim" }, "geometry": { "type": "MultiPolygon", "coordinates": [ [ [ [ 55.3280115, 25.2554348 ], [ 55.3281132, 25.255031 ], [ 55.3287833, 25.2551734 ], [ 55.3286816, 25.2555731 ], [ 55.3280115, 25.2554348 ] ] ] ] } },
{ "type": "Feature", "properties": { "osm_id": 488231366, "osm_type": "ways_poly", "opening_hours": null, "landuse": "grass", "denomination": null, "building": null, "leisure": null, "name": null, "historic": null, "amenity": null, "religion": null }, "geometry": { "type": "MultiPolygon", "coordinates": [ [ [ [ 55.328774, 25.2502584 ], [ 55.3289246, 25.2501591 ], [ 55.3289649, 25.2502091 ], [ 55.3288144, 25.2503084 ], [ 55.328774, 25.2502584 ] ] ] ] } },
{ "type": "Feature", "properties": { "osm_id": 500529175, "osm_type": "ways_poly", "opening_hours": null, "landuse": null, "denomination": null, "building": "yes", "leisure": null, "name": null, "historic": null, "amenity": "place_of_worship", "religion": "muslim" }, "geometry": { "type": "MultiPolygon", "coordinates": [ [ [ [ 55.4359626, 25.2501761 ], [ 55.4359979, 25.249975 ], [ 55.4363492, 25.2500254 ], [ 55.4363139, 25.2502265 ], [ 55.4359626, 25.2501761 ] ] ] ] } },
{ "type": "Feature", "properties": { "osm_id": 204169485, "osm_type": "ways_poly", "opening_hours": null, "landuse": "residential", "denomination": null, "building": null, "leisure": null, "name": null, "historic": null, "amenity": null, "religion": null }, "geometry": { "type": "MultiPolygon", "coordinates": [ [ [ [ 55.430038, 25.2479202 ], [ 55.4303706, 25.2478159 ], [ 55.4305878, 25.247942 ], [ 55.4306523, 25.2478546 ], [ 55.4309311, 25.2480051 ], [ 55.4309499, 25.2484175 ], [ 55.4304269, 25.2484005 ], [ 55.4303814, 25.2482452 ], [ 55.430164, 25.2483108 ], [ 55.430038, 25.2479202 ] ] ] ] } },
{ "type": "Feature", "properties": { "osm_id": 245436292, "osm_type": "ways_poly", "opening_hours": null, "landuse": null, "denomination": null, "building": "mosque", "leisure": null, "name": null, "historic": null, "amenity": "place_of_worship", "religion": "muslim" }, "geometry": { "type": "MultiPolygon", "coordinates": [ [ [ [ 55.3903922, 25.2635061 ], [ 55.3904664, 25.2631935 ], [ 55.3907089, 25.2632406 ], [ 55.3906347, 25.2635531 ], [ 55.3903922, 25.2635061 ] ] ] ] } },
{ "type": "Feature", "properties": { "osm_id": 500497672, "osm_type": "ways_poly", "opening_hours": null, "landuse": null, "denomination": null, "building": "yes", "leisure": null, "name": null, "historic": null, "amenity": "place_of_worship", "religion": "muslim" }, "geometry": { "type": "MultiPolygon", "coordinates": [ [ [ [ 55.4459521, 25.2489752 ], [ 55.4459997, 25.24877 ], [ 55.4461554, 25.2487987 ], [ 55.4461662, 25.2487523 ], [ 55.446284, 25.2487746 ], [ 55.4462996, 25.2487074 ], [ 55.4464517, 25.2487363 ], [ 55.4463607, 25.2491291 ], [ 55.4460792, 25.2490757 ], [ 55.4460964, 25.2490017 ], [ 55.4459521, 25.2489752 ] ] ] ] } },
{ "type": "Feature", "properties": { "osm_id": 464692601, "osm_type": "ways_poly", "opening_hours": null, "landuse": "grass", "denomination": null, "building": null, "leisure": null, "name": null, "historic": null, "amenity": null, "religion": null }, "geometry": { "type": "MultiPolygon", "coordinates": [ [ [ [ 55.3270855, 25.2591897 ], [ 55.3271673, 25.2587312 ], [ 55.3271915, 25.2587057 ], [ 55.3275241, 25.2592976 ], [ 55.3271512, 25.2594189 ], [ 55.3270855, 25.2591897 ] ] ] ] } },
{ "type": "Feature", "properties": { "osm_id": 1070641661, "osm_type": "ways_poly", "opening_hours": null, "landuse": "grass", "denomination": null, "building": null, "leisure": null, "name": null, "historic": null, "amenity": null, "religion": null }, "geometry": { "type": "MultiPolygon", "coordinates": [ [ [ [ 55.3340345, 25.2611219 ], [ 55.3340533, 25.2610576 ], [ 55.3345227, 25.2614615 ], [ 55.3347038, 25.261504 ], [ 55.3348607, 25.2614154 ], [ 55.3348553, 25.2614385 ], [ 55.3347976, 25.2615719 ], [ 55.3347815, 25.2616835 ], [ 55.3347976, 25.2617817 ], [ 55.334811, 25.2618569 ], [ 55.3347936, 25.2618666 ], [ 55.3344047, 25.261527 ], [ 55.3343725, 25.2615064 ], [ 55.3343578, 25.2614627 ], [ 55.3342599, 25.2613354 ], [ 55.3341177, 25.2612238 ], [ 55.3340681, 25.2611729 ], [ 55.3340345, 25.2611219 ] ] ] ] } },
{ "type": "Feature", "properties": { "osm_id": 584522571, "osm_type": "ways_poly", "opening_hours": null, "landuse": null, "denomination": null, "building": null, "leisure": "park", "name": null, "historic": null, "amenity": null, "religion": null }, "geometry": { "type": "MultiPolygon", "coordinates": [ [ [ [ 55.3349073, 25.2617289 ], [ 55.3349116, 25.2616188 ], [ 55.3349614, 25.2615208 ], [ 55.3351554, 25.2613617 ], [ 55.3362064, 25.2607661 ], [ 55.3365089, 25.2606065 ], [ 55.3366525, 25.2605645 ], [ 55.3367023, 25.2605711 ], [ 55.3365144, 25.2615707 ], [ 55.336376, 25.2624467 ], [ 55.3363286, 25.2625304 ], [ 55.3362487, 25.2626163 ], [ 55.3361605, 25.2626639 ], [ 55.3360307, 25.2626823 ], [ 55.3359177, 25.262659 ], [ 55.3357328, 25.2625937 ], [ 55.3354441, 25.2623489 ], [ 55.3350155, 25.2619451 ], [ 55.3349332, 25.2618419 ], [ 55.3349073, 25.2617289 ] ] ] ] } },
{ "type": "Feature", "properties": { "osm_id": 245390213, "osm_type": "ways_poly", "opening_hours": null, "landuse": null, "denomination": null, "building": "mosque", "leisure": null, "name": null, "historic": null, "amenity": "place_of_worship", "religion": "muslim" }, "geometry": { "type": "MultiPolygon", "coordinates": [ [ [ [ 55.3971078, 25.2626305 ], [ 55.3971156, 25.2625914 ], [ 55.3971351, 25.2625945 ], [ 55.3971472, 25.2625335 ], [ 55.3972707, 25.2625535 ], [ 55.3972742, 25.262536 ], [ 55.3974387, 25.2625627 ], [ 55.3974115, 25.2626998 ], [ 55.3973789, 25.2626945 ], [ 55.397369, 25.2627445 ], [ 55.3971143, 25.2627031 ], [ 55.3971281, 25.2626338 ], [ 55.3971078, 25.2626305 ] ] ] ] } },
{ "type": "Feature", "properties": { "osm_id": 488231352, "osm_type": "ways_poly", "opening_hours": null, "landuse": "grass", "denomination": null, "building": null, "leisure": null, "name": null, "historic": null, "amenity": null, "religion": null }, "geometry": { "type": "MultiPolygon", "coordinates": [ [ [ [ 55.3334541, 25.2463911 ], [ 55.3335372, 25.2463136 ], [ 55.3335855, 25.2463559 ], [ 55.3335024, 25.2464335 ], [ 55.3334541, 25.2463911 ] ] ] ] } },
{ "type": "Feature", "properties": { "osm_id": 488231374, "osm_type": "ways_poly", "opening_hours": null, "landuse": "grass", "denomination": null, "building": null, "leisure": null, "name": null, "historic": null, "amenity": null, "religion": null }, "geometry": { "type": "MultiPolygon", "coordinates": [ [ [ [ 55.3307966, 25.2499069 ], [ 55.3308087, 25.2498717 ], [ 55.3308368, 25.2498384 ], [ 55.3308704, 25.249808 ], [ 55.3309126, 25.2497838 ], [ 55.3309642, 25.2497753 ], [ 55.3310145, 25.2497801 ], [ 55.3310554, 25.2497947 ], [ 55.3310769, 25.2498293 ], [ 55.3310756, 25.2498651 ], [ 55.331038, 25.2499069 ], [ 55.3309917, 25.2499318 ], [ 55.3309508, 25.2499578 ], [ 55.3309093, 25.2499773 ], [ 55.330857, 25.2499839 ], [ 55.3308207, 25.2499712 ], [ 55.3308, 25.2499494 ], [ 55.3307966, 25.2499069 ] ] ] ] } },
{ "type": "Feature", "properties": { "osm_id": 361273393, "osm_type": "ways_poly", "opening_hours": null, "landuse": null, "denomination": null, "building": "yes", "leisure": null, "name": "مسجد عمر بن الخطاب", "historic": null, "amenity": "place_of_worship", "religion": "muslim" }, "geometry": { "type": "MultiPolygon", "coordinates": [ [ [ [ 55.3796149, 25.2613416 ], [ 55.3796434, 25.2611966 ], [ 55.3797649, 25.2612161 ], [ 55.3797698, 25.2611912 ], [ 55.3798186, 25.2611991 ], [ 55.3797784, 25.2614038 ], [ 55.3797267, 25.2613955 ], [ 55.3797335, 25.2613607 ], [ 55.3796149, 25.2613416 ] ] ] ] } },
{ "type": "Feature", "properties": { "osm_id": 1130754203, "osm_type": "ways_poly", "opening_hours": null, "landuse": "residential", "denomination": null, "building": null, "leisure": null, "name": "أم هرير 2", "historic": null, "amenity": null, "religion": null }, "geometry": { "type": "MultiPolygon", "coordinates": [ [ [ [ 55.3151135, 25.2463309 ], [ 55.3155561, 25.2453702 ], [ 55.3160607, 25.2434001 ], [ 55.3161854, 25.2428264 ], [ 55.3163397, 25.2419818 ], [ 55.3165547, 25.2412129 ], [ 55.3170546, 25.2373755 ], [ 55.3173105, 25.2349321 ], [ 55.3173163, 25.2344129 ], [ 55.317305, 25.2341636 ], [ 55.3171612, 25.2331834 ], [ 55.3170367, 25.2325893 ], [ 55.3169528, 25.2322811 ], [ 55.3167393, 25.2317502 ], [ 55.3165256, 25.2313338 ], [ 55.3160403, 25.2304217 ], [ 55.3156084, 25.2293027 ], [ 55.3175148, 25.2282037 ], [ 55.3185301, 25.227665 ], [ 55.3198515, 25.226969 ], [ 55.3211461, 25.2263598 ], [ 55.3218034, 25.2261143 ], [ 55.3221995, 25.2260024 ], [ 55.3227366, 25.2258626 ], [ 55.3232499, 25.2257542 ], [ 55.3240985, 25.2256308 ], [ 55.3249833, 25.2255594 ], [ 55.3254595, 25.2255521 ], [ 55.3262085, 25.2255802 ], [ 55.3269831, 25.2256738 ], [ 55.3285103, 25.2259835 ], [ 55.3293021, 25.2262626 ], [ 55.3297115, 25.2264238 ], [ 55.3301786, 25.2266535 ], [ 55.3318022, 25.2275966 ], [ 55.3328809, 25.2283594 ], [ 55.3338216, 25.2291255 ], [ 55.3352292, 25.2304686 ], [ 55.3362385, 25.2314876 ], [ 55.3365276, 25.2317794 ], [ 55.3363714, 25.2319016 ], [ 55.3362529, 25.2319943 ], [ 55.3361858, 25.2320468 ], [ 55.3367106, 25.2326496 ], [ 55.3368873, 25.2328525 ], [ 55.3366745, 25.2330082 ], [ 55.3363911, 25.2332155 ], [ 55.3362996, 25.2331041 ], [ 55.3362601, 25.2331258 ], [ 55.3360638, 25.2328398 ], [ 55.3359713, 25.2327051 ], [ 55.3358503, 25.2325287 ], [ 55.3357288, 25.2323517 ], [ 55.3356195, 25.2324152 ], [ 55.3355511, 25.2324116 ], [ 55.3354948, 25.232431 ], [ 55.335409, 25.2324661 ], [ 55.3354237, 25.2324989 ], [ 55.3353232, 25.2325414 ], [ 55.3352284, 25.2325915 ], [ 55.3351867, 25.2326135 ], [ 55.3351314, 25.2326542 ], [ 55.3350979, 25.2326869 ], [ 55.3350844, 25.2327355 ], [ 55.3350684, 25.2327731 ], [ 55.3350534, 25.2327849 ], [ 55.3350268, 25.2328058 ], [ 55.3349879, 25.2328228 ], [ 55.3349329, 25.2328289 ], [ 55.3348967, 25.2328337 ], [ 55.3348672, 25.2328592 ], [ 55.3348149, 25.2329199 ], [ 55.3347277, 25.2329926 ], [ 55.3346477, 25.2330686 ], [ 55.3345574, 25.2332183 ], [ 55.3345487, 25.2332399 ], [ 55.3345232, 25.2332648 ], [ 55.3345061, 25.2332735 ], [ 55.334487, 25.2332775 ], [ 55.3344658, 25.2332762 ], [ 55.3344516, 25.2332749 ], [ 55.3344367, 25.2332747 ], [ 55.3344221, 25.233277 ], [ 55.3344082, 25.2332818 ], [ 55.3343953, 25.2332874 ], [ 55.3342989, 25.2333341 ], [ 55.3342054, 25.2333843 ], [ 55.3341145, 25.2334383 ], [ 55.3340264, 25.2334959 ], [ 55.3339413, 25.2335571 ], [ 55.3338593, 25.2336217 ], [ 55.3338086, 25.2336576 ], [ 55.3337821, 25.2336742 ], [ 55.3337549, 25.2336899 ], [ 55.3336986, 25.2337182 ], [ 55.33364, 25.2337424 ], [ 55.3335556, 25.2337783 ], [ 55.333478, 25.2338198 ], [ 55.3334051, 25.2338679 ], [ 55.3333376, 25.233922 ], [ 55.3332652, 25.2339827 ], [ 55.3331597, 25.2340641 ], [ 55.3319073, 25.2350175 ], [ 55.3317681, 25.2351368 ], [ 55.3316325, 25.2352594 ], [ 55.3315005, 25.2353853 ], [ 55.3313809, 25.2355057 ], [ 55.3312583, 25.2356238 ], [ 55.3311315, 25.2357378 ], [ 55.3310584, 25.235801 ], [ 55.3309871, 25.2358658 ], [ 55.3309191, 25.2359334 ], [ 55.3308546, 25.2360037 ], [ 55.3307915, 25.2360802 ], [ 55.330703, 25.2361887 ], [ 55.3306291, 25.2362708 ], [ 55.3305461, 25.236347 ], [ 55.3304342, 25.2364453 ], [ 55.3303215, 25.2365448 ], [ 55.3301876, 25.2366746 ], [ 55.3300613, 25.2368104 ], [ 55.3300307, 25.2368425 ], [ 55.3300187, 25.236855 ], [ 55.3299283, 25.2369495 ], [ 55.3298367, 25.2370397 ], [ 55.3297444, 25.2371162 ], [ 55.3296556, 25.2371908 ], [ 55.3295454, 25.2372839 ], [ 55.329439, 25.2373806 ], [ 55.3294052, 25.2374088 ], [ 55.3293632, 25.2374376 ], [ 55.3293194, 25.2374616 ], [ 55.3292763, 25.2374961 ], [ 55.3292411, 25.2375376 ], [ 55.3292098, 25.237599 ], [ 55.3292049, 25.2376148 ], [ 55.3291996, 25.237636 ], [ 55.3291972, 25.2376521 ], [ 55.3291903, 25.2376672 ], [ 55.3291792, 25.2376801 ], [ 55.3291648, 25.2376899 ], [ 55.3291474, 25.2376936 ], [ 55.329145, 25.2377712 ], [ 55.3291474, 25.2378489 ], [ 55.3291523, 25.237909 ], [ 55.3291622, 25.2379832 ], [ 55.3291705, 25.2380396 ], [ 55.3291792, 25.238039 ], [ 55.3291857, 25.2380775 ], [ 55.3291853, 25.2381164 ], [ 55.3291779, 25.2381548 ], [ 55.3291638, 25.2381916 ], [ 55.329206, 25.2382116 ], [ 55.3291855, 25.2382426 ], [ 55.3291605, 25.2382709 ], [ 55.3291316, 25.238296 ], [ 55.3290993, 25.2383173 ], [ 55.3290641, 25.2383346 ], [ 55.3290267, 25.2383474 ], [ 55.3289902, 25.238354 ], [ 55.328953, 25.2383562 ], [ 55.3289159, 25.2383541 ], [ 55.3288794, 25.2383476 ], [ 55.3288441, 25.2383368 ], [ 55.3288103, 25.2383217 ], [ 55.3288356, 25.2382824 ], [ 55.3288135, 25.2382708 ], [ 55.3288167, 25.2382658 ], [ 55.3287833, 25.2382448 ], [ 55.328748, 25.2382264 ], [ 55.3287147, 25.2382123 ], [ 55.3286802, 25.2382009 ], [ 55.3286467, 25.2381927 ], [ 55.3286122, 25.2381907 ], [ 55.3285778, 25.238195 ], [ 55.3285603, 25.2381997 ], [ 55.3285449, 25.2382055 ], [ 55.3282614, 25.2383375 ], [ 55.3281833, 25.2383817 ], [ 55.3281108, 25.2384334 ], [ 55.328045, 25.2384918 ], [ 55.3279871, 25.2385567 ], [ 55.3279279, 25.2386322 ], [ 55.3278778, 25.238713 ], [ 55.3278374, 25.2387981 ], [ 55.3278071, 25.2388866 ], [ 55.3277874, 25.2389776 ], [ 55.3277787, 25.2390699 ], [ 55.3277811, 25.2391625 ], [ 55.3277912, 25.2392374 ], [ 55.3278013, 25.2392842 ], [ 55.3278411, 25.2393952 ], [ 55.3278854, 25.2395168 ], [ 55.3279516, 25.2397222 ], [ 55.3279638, 25.2397601 ], [ 55.3280054, 25.2398498 ], [ 55.3280216, 25.2399075 ], [ 55.3280278, 25.2399667 ], [ 55.3280238, 25.2400261 ], [ 55.3280097, 25.2400843 ], [ 55.327986, 25.2401398 ], [ 55.327954, 25.24019 ], [ 55.327914, 25.2402353 ], [ 55.327867, 25.2402746 ], [ 55.327814, 25.2403072 ], [ 55.3277562, 25.2403322 ], [ 55.3276949, 25.240349 ], [ 55.3276761, 25.2403606 ], [ 55.3276612, 25.2403763 ], [ 55.3276514, 25.2403949 ], [ 55.3276474, 25.2404152 ], [ 55.3276448, 25.2404483 ], [ 55.3276368, 25.2404806 ], [ 55.3276234, 25.2405115 ], [ 55.3276051, 25.2405402 ], [ 55.3275823, 25.2405661 ], [ 55.3275345, 25.2406275 ], [ 55.3274912, 25.2406916 ], [ 55.3274524, 25.2407579 ], [ 55.3273668, 25.2409264 ], [ 55.32731, 25.2410241 ], [ 55.3272482, 25.2411192 ], [ 55.327151, 25.2412834 ], [ 55.3270579, 25.2414496 ], [ 55.326969, 25.2416176 ], [ 55.3268843, 25.2417874 ], [ 55.3268039, 25.2419589 ], [ 55.3267708, 25.2420455 ], [ 55.3267426, 25.2421334 ], [ 55.3267192, 25.2422225 ], [ 55.3267007, 25.2423126 ], [ 55.3266871, 25.2424033 ], [ 55.326667, 25.2425295 ], [ 55.3266487, 25.2426277 ], [ 55.3266348, 25.2427266 ], [ 55.3266256, 25.2428229 ], [ 55.3266207, 25.2429195 ], [ 55.3266564, 25.2429547 ], [ 55.3266839, 25.2429954 ], [ 55.3267023, 25.2430401 ], [ 55.3267109, 25.2430872 ], [ 55.3267094, 25.2431349 ], [ 55.3266978, 25.2431815 ], [ 55.3266774, 25.243224 ], [ 55.3266485, 25.2432623 ], [ 55.3266123, 25.243295 ], [ 55.32657, 25.2433212 ], [ 55.3265231, 25.2433397 ], [ 55.3264731, 25.2433501 ], [ 55.3264397, 25.2433923 ], [ 55.3264118, 25.2434377 ], [ 55.3263898, 25.2434857 ], [ 55.32638, 25.2435327 ], [ 55.3263739, 25.2435914 ], [ 55.3263759, 25.2436208 ], [ 55.3263746, 25.2436503 ], [ 55.3263684, 25.2436871 ], [ 55.3263572, 25.2437229 ], [ 55.3263411, 25.2437571 ], [ 55.3263129, 25.2438135 ], [ 55.3262866, 25.2438708 ], [ 55.3262578, 25.2439469 ], [ 55.3262307, 25.2440235 ], [ 55.3261969, 25.2441285 ], [ 55.3261456, 25.2443166 ], [ 55.3261052, 25.2445068 ], [ 55.3260883, 25.2446081 ], [ 55.3260746, 25.2447098 ], [ 55.326061, 25.2448482 ], [ 55.326051, 25.2451222 ], [ 55.3260873, 25.2451579 ], [ 55.3261156, 25.2451988 ], [ 55.3261356, 25.2452435 ], [ 55.3261465, 25.2452907 ], [ 55.3261481, 25.2453389 ], [ 55.3261402, 25.2453866 ], [ 55.3261232, 25.2454324 ], [ 55.3260975, 25.2454746 ], [ 55.326064, 25.2455122 ], [ 55.3260237, 25.2455438 ], [ 55.3259779, 25.2455685 ], [ 55.325928, 25.2455855 ], [ 55.3258756, 25.2455943 ], [ 55.3258552, 25.2456399 ], [ 55.3258377, 25.2456854 ], [ 55.325824, 25.2457308 ], [ 55.3258057, 25.2457749 ], [ 55.3257832, 25.2458174 ], [ 55.3257443, 25.2458847 ], [ 55.3256439, 25.2460507 ], [ 55.3255384, 25.246214 ], [ 55.3254774, 25.2462965 ], [ 55.3253985, 25.2463961 ], [ 55.3253158, 25.246493 ], [ 55.3251985, 25.2466367 ], [ 55.3251512, 25.2466954 ], [ 55.3251044, 25.2467565 ], [ 55.3250707, 25.2468006 ], [ 55.3250397, 25.2468463 ], [ 55.3250138, 25.2468945 ], [ 55.3249919, 25.246925 ], [ 55.324962, 25.2469583 ], [ 55.3249514, 25.2469684 ], [ 55.3249096, 25.2470182 ], [ 55.32488, 25.2470594 ], [ 55.3248468, 25.2471388 ], [ 55.324821, 25.2472438 ], [ 55.3248294, 25.2472916 ], [ 55.3249843, 25.2474184 ], [ 55.3248484, 25.2475556 ], [ 55.3246997, 25.247702 ], [ 55.324648, 25.2477568 ], [ 55.324244, 25.2473948 ], [ 55.3242104, 25.2473647 ], [ 55.3232234, 25.2464803 ], [ 55.3225659, 25.2460999 ], [ 55.3218196, 25.2459096 ], [ 55.3214198, 25.2458223 ], [ 55.3209514, 25.2457576 ], [ 55.320397, 25.2457336 ], [ 55.3198193, 25.2458419 ], [ 55.3192407, 25.2459943 ], [ 55.3183915, 25.2462009 ], [ 55.317885, 25.2462632 ], [ 55.3166828, 25.2462236 ], [ 55.3157688, 25.2462064 ], [ 55.3156228, 25.2462188 ], [ 55.3154351, 25.2462523 ], [ 55.3151135, 25.2463309 ] ] ] ] } },
{ "type": "Feature", "properties": { "osm_id": 503594290, "osm_type": "ways_poly", "opening_hours": null, "landuse": null, "denomination": "sunni", "building": "yes", "leisure": null, "name": "Masjid Bin Darrai", "historic": null, "amenity": "place_of_worship", "religion": "muslim" }, "geometry": { "type": "MultiPolygon", "coordinates": [ [ [ [ 55.3462744, 25.2420942 ], [ 55.3463421, 25.2418481 ], [ 55.346471, 25.2418771 ], [ 55.3464948, 25.2417904 ], [ 55.3465605, 25.2418052 ], [ 55.3465363, 25.2418931 ], [ 55.3466029, 25.2419081 ], [ 55.3465356, 25.242153 ], [ 55.3462744, 25.2420942 ] ] ] ] } },
{ "type": "Feature", "properties": { "osm_id": 378111688, "osm_type": "ways_poly", "opening_hours": null, "landuse": "residential", "denomination": null, "building": null, "leisure": null, "name": "Al Badia Hillside Village Buildings, Dubai Festival City", "historic": null, "amenity": null, "religion": null }, "geometry": { "type": "MultiPolygon", "coordinates": [ [ [ [ 55.3622515, 25.2206011 ], [ 55.3625943, 25.2205114 ], [ 55.3627037, 25.2208535 ], [ 55.3623609, 25.2209432 ], [ 55.3622515, 25.2206011 ] ] ] ] } },
{ "type": "Feature", "properties": { "osm_id": 244497639, "osm_type": "ways_poly", "opening_hours": null, "landuse": null, "denomination": null, "building": "mosque", "leisure": null, "name": "مسجد عبد الله بن عمر", "historic": null, "amenity": "place_of_worship", "religion": "muslim" }, "geometry": { "type": "MultiPolygon", "coordinates": [ [ [ [ 55.3784818, 25.2646332 ], [ 55.3785124, 25.2644587 ], [ 55.3786536, 25.264479 ], [ 55.378644, 25.2645335 ], [ 55.3786766, 25.2645382 ], [ 55.3786673, 25.2645913 ], [ 55.3786359, 25.2645867 ], [ 55.3786307, 25.264616 ], [ 55.378589, 25.2646101 ], [ 55.3785824, 25.2646477 ], [ 55.3784818, 25.2646332 ] ] ] ] } },
{ "type": "Feature", "properties": { "osm_id": 1240087379, "osm_type": "ways_poly", "opening_hours": null, "landuse": null, "denomination": null, "building": null, "leisure": "park", "name": null, "historic": null, "amenity": null, "religion": null }, "geometry": { "type": "MultiPolygon", "coordinates": [ [ [ [ 55.4592703, 25.2541771 ], [ 55.4599194, 25.2540652 ], [ 55.4600175, 25.2545594 ], [ 55.4593777, 25.2546671 ], [ 55.4592703, 25.2541771 ] ] ] ] } },
{ "type": "Feature", "properties": { "osm_id": 488231367, "osm_type": "ways_poly", "opening_hours": null, "landuse": "grass", "denomination": null, "building": null, "leisure": null, "name": null, "historic": null, "amenity": null, "religion": null }, "geometry": { "type": "MultiPolygon", "coordinates": [ [ [ [ 55.3290087, 25.2504112 ], [ 55.3291592, 25.250312 ], [ 55.3291996, 25.250362 ], [ 55.329049, 25.2504613 ], [ 55.3290087, 25.2504112 ] ] ] ] } },
{ "type": "Feature", "properties": { "osm_id": 489091234, "osm_type": "ways_poly", "opening_hours": null, "landuse": "grass", "denomination": null, "building": null, "leisure": null, "name": null, "historic": null, "amenity": null, "religion": null }, "geometry": { "type": "MultiPolygon", "coordinates": [ [ [ [ 55.3380758, 25.2353664 ], [ 55.3381025, 25.2353394 ], [ 55.3382242, 25.2354378 ], [ 55.3381975, 25.2354648 ], [ 55.3380758, 25.2353664 ] ] ] ] } },
{ "type": "Feature", "properties": { "osm_id": 489091227, "osm_type": "ways_poly", "opening_hours": null, "landuse": "grass", "denomination": null, "building": null, "leisure": null, "name": null, "historic": null, "amenity": null, "religion": null }, "geometry": { "type": "MultiPolygon", "coordinates": [ [ [ [ 55.3352368, 25.2379578 ], [ 55.3353604, 25.2377744 ], [ 55.3354184, 25.2378064 ], [ 55.3352949, 25.2379898 ], [ 55.3352368, 25.2379578 ] ] ] ] } },
{ "type": "Feature", "properties": { "osm_id": 1267885813, "osm_type": "ways_poly", "opening_hours": null, "landuse": "grass", "denomination": null, "building": null, "leisure": null, "name": null, "historic": null, "amenity": null, "religion": null }, "geometry": { "type": "MultiPolygon", "coordinates": [ [ [ [ 55.3278298, 25.2359276 ], [ 55.3279327, 25.2359488 ], [ 55.3278837, 25.2360381 ], [ 55.3278529, 25.2359844 ], [ 55.3278298, 25.2359276 ] ] ] ] } },
{ "type": "Feature", "properties": { "osm_id": 91409678, "osm_type": "ways_poly", "opening_hours": null, "landuse": "residential", "denomination": null, "building": null, "leisure": null, "name": "Dubai Creek Golf And Yacht Club Residences", "historic": null, "amenity": null, "religion": null }, "geometry": { "type": "MultiPolygon", "coordinates": [ [ [ [ 55.3290099, 25.2494571 ], [ 55.3290561, 25.2491628 ], [ 55.3292441, 25.2489039 ], [ 55.3300033, 25.2483566 ], [ 55.3304126, 25.2481036 ], [ 55.3308825, 25.2478644 ], [ 55.331905, 25.2476348 ], [ 55.3320933, 25.2474563 ], [ 55.3323187, 25.2471281 ], [ 55.3326615, 25.2472876 ], [ 55.3329852, 25.2476154 ], [ 55.3337698, 25.2472876 ], [ 55.3339822, 25.2474586 ], [ 55.3343235, 25.248003 ], [ 55.3335164, 25.2483346 ], [ 55.3327055, 25.2485173 ], [ 55.3327192, 25.2486165 ], [ 55.3309937, 25.2491574 ], [ 55.3307632, 25.2494114 ], [ 55.3305926, 25.2496666 ], [ 55.3303583, 25.2502636 ], [ 55.3300153, 25.2502258 ], [ 55.329551, 25.2500052 ], [ 55.3294285, 25.2500685 ], [ 55.3290562, 25.2500221 ], [ 55.3290099, 25.2494571 ] ] ] ] } },
{ "type": "Feature", "properties": { "osm_id": 21081900, "osm_type": "ways_poly", "opening_hours": null, "landuse": null, "denomination": null, "building": null, "leisure": "park", "name": "حديقة الخور", "historic": null, "amenity": null, "religion": null }, "geometry": { "type": "MultiPolygon", "coordinates": [ [ [ [ 55.320174, 25.2501168 ], [ 55.3215849, 25.2490469 ], [ 55.3216383, 25.2490973 ], [ 55.3216985, 25.249051 ], [ 55.3217799, 25.2489894 ], [ 55.3220247, 25.2488042 ], [ 55.3224804, 25.2484594 ], [ 55.3225037, 25.2484418 ], [ 55.3230481, 25.24803 ], [ 55.323071, 25.2480127 ], [ 55.3235845, 25.2476242 ], [ 55.3237862, 25.2478038 ], [ 55.3242104, 25.2473647 ], [ 55.3247915, 25.2467704 ], [ 55.3245842, 25.2466292 ], [ 55.3243745, 25.2464988 ], [ 55.3241592, 25.2463761 ], [ 55.3239388, 25.2462611 ], [ 55.3237136, 25.246154 ], [ 55.3234838, 25.2460551 ], [ 55.32325, 25.2459644 ], [ 55.3230123, 25.2458821 ], [ 55.3227713, 25.2458083 ], [ 55.3228149, 25.2457555 ], [ 55.3228783, 25.2456786 ], [ 55.3229628, 25.2455659 ], [ 55.3230413, 25.2454498 ], [ 55.3231136, 25.2453303 ], [ 55.3231795, 25.245208 ], [ 55.3232389, 25.2450829 ], [ 55.3232883, 25.2449718 ], [ 55.3234394, 25.2450174 ], [ 55.3234701, 25.2449355 ], [ 55.3234841, 25.244898 ], [ 55.3234716, 25.2448837 ], [ 55.3234738, 25.2448657 ], [ 55.3233397, 25.244819 ], [ 55.3233676, 25.2447084 ], [ 55.3233883, 25.2445965 ], [ 55.3234017, 25.2444836 ], [ 55.3234078, 25.2443703 ], [ 55.3234064, 25.2442568 ], [ 55.3233978, 25.2441437 ], [ 55.3234251, 25.2441416 ], [ 55.3234244, 25.2440984 ], [ 55.3234155, 25.2439763 ], [ 55.3234014, 25.243879 ], [ 55.3233538, 25.2438832 ], [ 55.323335, 25.2438454 ], [ 55.3233075, 25.2438123 ], [ 55.3232793, 25.2437897 ], [ 55.3232471, 25.2437721 ], [ 55.3232119, 25.2437599 ], [ 55.3231533, 25.2437491 ], [ 55.3230959, 25.2437341 ], [ 55.3230414, 25.2437193 ], [ 55.3228817, 25.2436698 ], [ 55.3232567, 25.2424915 ], [ 55.3237902, 25.2426338 ], [ 55.32389, 25.2425021 ], [ 55.3239205, 25.2424567 ], [ 55.3239668, 25.2423879 ], [ 55.3240429, 25.2422584 ], [ 55.3241106, 25.2421252 ], [ 55.3241697, 25.2419886 ], [ 55.3242198, 25.2418491 ], [ 55.3242609, 25.2417073 ], [ 55.3242903, 25.2415631 ], [ 55.3243062, 25.2414703 ], [ 55.3243193, 25.2413772 ], [ 55.3243295, 25.2412837 ], [ 55.3243367, 25.24119 ], [ 55.3243405, 25.2411639 ], [ 55.3243497, 25.2411389 ], [ 55.3243636, 25.2411157 ], [ 55.3244341, 25.2411323 ], [ 55.3244586, 25.2410687 ], [ 55.324465, 25.2410522 ], [ 55.3244551, 25.2410502 ], [ 55.3244458, 25.2410369 ], [ 55.3244496, 25.2410215 ], [ 55.3244644, 25.2410132 ], [ 55.3244767, 25.2410157 ], [ 55.3244837, 25.2409931 ], [ 55.3244655, 25.2409859 ], [ 55.3244459, 25.2409828 ], [ 55.3244261, 25.240984 ], [ 55.3244072, 25.2409895 ], [ 55.3243966, 25.240966 ], [ 55.3243928, 25.2409408 ], [ 55.3243959, 25.2409156 ], [ 55.3244059, 25.2408919 ], [ 55.3244548, 25.240808 ], [ 55.3244642, 25.2407918 ], [ 55.3244837, 25.2407954 ], [ 55.3245058, 25.2407619 ], [ 55.3245222, 25.2407257 ], [ 55.3245326, 25.2406878 ], [ 55.3245365, 25.2406489 ], [ 55.3245326, 25.2406135 ], [ 55.3245247, 25.2405673 ], [ 55.3245206, 25.2405207 ], [ 55.3245204, 25.2404739 ], [ 55.324524, 25.2404273 ], [ 55.3245311, 25.2403348 ], [ 55.3245445, 25.2402429 ], [ 55.3245641, 25.2401519 ], [ 55.3245924, 25.2400546 ], [ 55.3246277, 25.2399592 ], [ 55.3246701, 25.2398662 ], [ 55.3247745, 25.2396714 ], [ 55.324784, 25.2396375 ], [ 55.3247874, 25.2396025 ], [ 55.3247844, 25.2395676 ], [ 55.3247753, 25.2395335 ], [ 55.3247601, 25.2395013 ], [ 55.3247393, 25.2394717 ], [ 55.3247135, 25.2394455 ], [ 55.3246833, 25.2394235 ], [ 55.3246496, 25.2394062 ], [ 55.3246133, 25.2393941 ], [ 55.3242644, 25.2392979 ], [ 55.3245446, 25.2384125 ], [ 55.3247638, 25.2377199 ], [ 55.324797, 25.237615 ], [ 55.3248072, 25.2375828 ], [ 55.3248372, 25.2374912 ], [ 55.3251556, 25.2365193 ], [ 55.32542, 25.2364717 ], [ 55.3254373, 25.2364707 ], [ 55.3254614, 25.2364758 ], [ 55.3254827, 25.2364871 ], [ 55.3254995, 25.2365035 ], [ 55.3255103, 25.2365235 ], [ 55.3254631, 25.2365443 ], [ 55.3254729, 25.236569 ], [ 55.3254999, 25.2366372 ], [ 55.3255429, 25.2367477 ], [ 55.3255945, 25.2368614 ], [ 55.3256446, 25.2369557 ], [ 55.3256676, 25.2369984 ], [ 55.325707, 25.2370659 ], [ 55.3257731, 25.2371667 ], [ 55.3258446, 25.2372644 ], [ 55.3259332, 25.2373719 ], [ 55.3259642, 25.2373513 ], [ 55.3260087, 25.2374059 ], [ 55.3261772, 25.2374327 ], [ 55.3262649, 25.2373715 ], [ 55.3263064, 25.2374202 ], [ 55.3265884, 25.2372233 ], [ 55.3265483, 25.2371763 ], [ 55.326884, 25.2369337 ], [ 55.3269066, 25.2369166 ], [ 55.3269277, 25.236898 ], [ 55.3269471, 25.2368783 ], [ 55.3269699, 25.2368559 ], [ 55.3268426, 25.2367316 ], [ 55.3264604, 25.2366017 ], [ 55.3264216, 25.2365087 ], [ 55.3263708, 25.236382 ], [ 55.326347, 25.2363153 ], [ 55.3263186, 25.2362161 ], [ 55.3262985, 25.2361153 ], [ 55.3262868, 25.2360061 ], [ 55.3262876, 25.2358833 ], [ 55.3262887, 25.2358086 ], [ 55.3263023, 25.2357069 ], [ 55.3263337, 25.2356089 ], [ 55.3263514, 25.235612 ], [ 55.3263601, 25.2355701 ], [ 55.3263791, 25.235478 ], [ 55.3263929, 25.2354115 ], [ 55.3263932, 25.2353978 ], [ 55.3264024, 25.2353869 ], [ 55.3264169, 25.2353829 ], [ 55.3264312, 25.2353874 ], [ 55.3264607, 25.235384 ], [ 55.3264641, 25.235332 ], [ 55.3264293, 25.2352428 ], [ 55.3263515, 25.2352149 ], [ 55.3262117, 25.235214 ], [ 55.3258162, 25.2345912 ], [ 55.3259288, 25.234437 ], [ 55.3260974, 25.2342022 ], [ 55.3262516, 25.2339944 ], [ 55.3263979, 25.2338062 ], [ 55.3265483, 25.2336206 ], [ 55.3266973, 25.2334342 ], [ 55.3272229, 25.233811 ], [ 55.3273225, 25.2337645 ], [ 55.3274174, 25.233728 ], [ 55.3275151, 25.2336981 ], [ 55.3276151, 25.233675 ], [ 55.3277167, 25.2336588 ], [ 55.3278193, 25.2336497 ], [ 55.3279224, 25.2336476 ], [ 55.3280254, 25.2336526 ], [ 55.3281277, 25.2336646 ], [ 55.3282289, 25.2336829 ], [ 55.3285212, 25.2337346 ], [ 55.3289703, 25.2338207 ], [ 55.3290803, 25.2332845 ], [ 55.3295805, 25.2332251 ], [ 55.3310933, 25.2340342 ], [ 55.3316257, 25.2339663 ], [ 55.3316654, 25.2336509 ], [ 55.3316688, 25.2336241 ], [ 55.3318027, 25.2325615 ], [ 55.332763, 25.2319755 ], [ 55.3321179, 25.2312464 ], [ 55.3325705, 25.2309286 ], [ 55.3325922, 25.2309539 ], [ 55.3326008, 25.230964 ], [ 55.3326136, 25.2309789 ], [ 55.3344467, 25.2331209 ], [ 55.3345487, 25.2332399 ], [ 55.3345232, 25.2332648 ], [ 55.3345061, 25.2332735 ], [ 55.334487, 25.2332775 ], [ 55.3344658, 25.2332762 ], [ 55.3344516, 25.2332749 ], [ 55.3344367, 25.2332747 ], [ 55.3344221, 25.233277 ], [ 55.3344082, 25.2332818 ], [ 55.3343953, 25.2332874 ], [ 55.3342989, 25.2333341 ], [ 55.3342054, 25.2333843 ], [ 55.3341145, 25.2334383 ], [ 55.3340264, 25.2334959 ], [ 55.3339413, 25.2335571 ], [ 55.3338593, 25.2336217 ], [ 55.3338086, 25.2336576 ], [ 55.3337821, 25.2336742 ], [ 55.3337549, 25.2336899 ], [ 55.3336986, 25.2337182 ], [ 55.33364, 25.2337424 ], [ 55.3335556, 25.2337783 ], [ 55.333478, 25.2338198 ], [ 55.3334051, 25.2338679 ], [ 55.3333376, 25.233922 ], [ 55.3332652, 25.2339827 ], [ 55.3331597, 25.2340641 ], [ 55.3319073, 25.2350175 ], [ 55.3317681, 25.2351368 ], [ 55.3316325, 25.2352594 ], [ 55.3315005, 25.2353853 ], [ 55.3313809, 25.2355057 ], [ 55.3312583, 25.2356238 ], [ 55.3311315, 25.2357378 ], [ 55.3310584, 25.235801 ], [ 55.3309871, 25.2358658 ], [ 55.3309191, 25.2359334 ], [ 55.3308546, 25.2360037 ], [ 55.3307915, 25.2360802 ], [ 55.330703, 25.2361887 ], [ 55.3306291, 25.2362708 ], [ 55.3305461, 25.236347 ], [ 55.3304342, 25.2364453 ], [ 55.3303215, 25.2365448 ], [ 55.3301876, 25.2366746 ], [ 55.3300613, 25.2368104 ], [ 55.3300307, 25.2368425 ], [ 55.3300187, 25.236855 ], [ 55.3299283, 25.2369495 ], [ 55.3298367, 25.2370397 ], [ 55.3297444, 25.2371162 ], [ 55.3296556, 25.2371908 ], [ 55.3295454, 25.2372839 ], [ 55.329439, 25.2373806 ], [ 55.3294052, 25.2374088 ], [ 55.3293632, 25.2374376 ], [ 55.3293194, 25.2374616 ], [ 55.3292763, 25.2374961 ], [ 55.3292411, 25.2375376 ], [ 55.3292098, 25.237599 ], [ 55.3292049, 25.2376148 ], [ 55.3291996, 25.237636 ], [ 55.3291972, 25.2376521 ], [ 55.3291903, 25.2376672 ], [ 55.3291792, 25.2376801 ], [ 55.3291648, 25.2376899 ], [ 55.3291474, 25.2376936 ], [ 55.329145, 25.2377712 ], [ 55.3291474, 25.2378489 ], [ 55.3291523, 25.237909 ], [ 55.3291622, 25.2379832 ], [ 55.3291705, 25.2380396 ], [ 55.3291792, 25.238039 ], [ 55.3291857, 25.2380775 ], [ 55.3291853, 25.2381164 ], [ 55.3291779, 25.2381548 ], [ 55.3291638, 25.2381916 ], [ 55.329206, 25.2382116 ], [ 55.3291855, 25.2382426 ], [ 55.3291605, 25.2382709 ], [ 55.3291316, 25.238296 ], [ 55.3290993, 25.2383173 ], [ 55.3290641, 25.2383346 ], [ 55.3290267, 25.2383474 ], [ 55.3289902, 25.238354 ], [ 55.328953, 25.2383562 ], [ 55.3289159, 25.2383541 ], [ 55.3288794, 25.2383476 ], [ 55.3288441, 25.2383368 ], [ 55.3288103, 25.2383217 ], [ 55.3288356, 25.2382824 ], [ 55.3288135, 25.2382708 ], [ 55.3288167, 25.2382658 ], [ 55.3287833, 25.2382448 ], [ 55.328748, 25.2382264 ], [ 55.3287147, 25.2382123 ], [ 55.3286802, 25.2382009 ], [ 55.3286467, 25.2381927 ], [ 55.3286122, 25.2381907 ], [ 55.3285778, 25.238195 ], [ 55.3285603, 25.2381997 ], [ 55.3285449, 25.2382055 ], [ 55.3282614, 25.2383375 ], [ 55.3281833, 25.2383817 ], [ 55.3281108, 25.2384334 ], [ 55.328045, 25.2384918 ], [ 55.3279871, 25.2385567 ], [ 55.3279279, 25.2386322 ], [ 55.3278778, 25.238713 ], [ 55.3278374, 25.2387981 ], [ 55.3278071, 25.2388866 ], [ 55.3277874, 25.2389776 ], [ 55.3277787, 25.2390699 ], [ 55.3277811, 25.2391625 ], [ 55.3277912, 25.2392374 ], [ 55.3278013, 25.2392842 ], [ 55.3278411, 25.2393952 ], [ 55.3278854, 25.2395168 ], [ 55.3279516, 25.2397222 ], [ 55.3279638, 25.2397601 ], [ 55.3280054, 25.2398498 ], [ 55.3280216, 25.2399075 ], [ 55.3280278, 25.2399667 ], [ 55.3280238, 25.2400261 ], [ 55.3280097, 25.2400843 ], [ 55.327986, 25.2401398 ], [ 55.327954, 25.24019 ], [ 55.327914, 25.2402353 ], [ 55.327867, 25.2402746 ], [ 55.327814, 25.2403072 ], [ 55.3277562, 25.2403322 ], [ 55.3276949, 25.240349 ], [ 55.3276761, 25.2403606 ], [ 55.3276612, 25.2403763 ], [ 55.3276514, 25.2403949 ], [ 55.3276474, 25.2404152 ], [ 55.3276448, 25.2404483 ], [ 55.3276368, 25.2404806 ], [ 55.3276234, 25.2405115 ], [ 55.3276051, 25.2405402 ], [ 55.3275823, 25.2405661 ], [ 55.3275345, 25.2406275 ], [ 55.3274912, 25.2406916 ], [ 55.3274524, 25.2407579 ], [ 55.3273668, 25.2409264 ], [ 55.32731, 25.2410241 ], [ 55.3272482, 25.2411192 ], [ 55.327151, 25.2412834 ], [ 55.3270579, 25.2414496 ], [ 55.326969, 25.2416176 ], [ 55.3268843, 25.2417874 ], [ 55.3268039, 25.2419589 ], [ 55.3267708, 25.2420455 ], [ 55.3267426, 25.2421334 ], [ 55.3267192, 25.2422225 ], [ 55.3267007, 25.2423126 ], [ 55.3266871, 25.2424033 ], [ 55.326667, 25.2425295 ], [ 55.3266487, 25.2426277 ], [ 55.3266348, 25.2427266 ], [ 55.3266256, 25.2428229 ], [ 55.3266207, 25.2429195 ], [ 55.3266564, 25.2429547 ], [ 55.3266839, 25.2429954 ], [ 55.3267023, 25.2430401 ], [ 55.3267109, 25.2430872 ], [ 55.3267094, 25.2431349 ], [ 55.3266978, 25.2431815 ], [ 55.3266774, 25.243224 ], [ 55.3266485, 25.2432623 ], [ 55.3266123, 25.243295 ], [ 55.32657, 25.2433212 ], [ 55.3265231, 25.2433397 ], [ 55.3264731, 25.2433501 ], [ 55.3264397, 25.2433923 ], [ 55.3264118, 25.2434377 ], [ 55.3263898, 25.2434857 ], [ 55.32638, 25.2435327 ], [ 55.3263739, 25.2435914 ], [ 55.3263759, 25.2436208 ], [ 55.3263746, 25.2436503 ], [ 55.3263684, 25.2436871 ], [ 55.3263572, 25.2437229 ], [ 55.3263411, 25.2437571 ], [ 55.3263129, 25.2438135 ], [ 55.3262866, 25.2438708 ], [ 55.3262578, 25.2439469 ], [ 55.3262307, 25.2440235 ], [ 55.3261969, 25.2441285 ], [ 55.3261456, 25.2443166 ], [ 55.3261052, 25.2445068 ], [ 55.3260883, 25.2446081 ], [ 55.3260746, 25.2447098 ], [ 55.326061, 25.2448482 ], [ 55.326051, 25.2451222 ], [ 55.3260873, 25.2451579 ], [ 55.3261156, 25.2451988 ], [ 55.3261356, 25.2452435 ], [ 55.3261465, 25.2452907 ], [ 55.3261481, 25.2453389 ], [ 55.3261402, 25.2453866 ], [ 55.3261232, 25.2454324 ], [ 55.3260975, 25.2454746 ], [ 55.326064, 25.2455122 ], [ 55.3260237, 25.2455438 ], [ 55.3259779, 25.2455685 ], [ 55.325928, 25.2455855 ], [ 55.3258756, 25.2455943 ], [ 55.3258552, 25.2456399 ], [ 55.3258377, 25.2456854 ], [ 55.325824, 25.2457308 ], [ 55.3258057, 25.2457749 ], [ 55.3257832, 25.2458174 ], [ 55.3257443, 25.2458847 ], [ 55.3256439, 25.2460507 ], [ 55.3255384, 25.246214 ], [ 55.3254774, 25.2462965 ], [ 55.3253985, 25.2463961 ], [ 55.3253158, 25.246493 ], [ 55.3251985, 25.2466367 ], [ 55.3251512, 25.2466954 ], [ 55.3251044, 25.2467565 ], [ 55.3250707, 25.2468006 ], [ 55.3250397, 25.2468463 ], [ 55.3250138, 25.2468945 ], [ 55.3249919, 25.246925 ], [ 55.3248796, 25.2468336 ], [ 55.3248276, 25.2467913 ], [ 55.324244, 25.2473948 ], [ 55.3238292, 25.2478237 ], [ 55.3240753, 25.248022 ], [ 55.324075, 25.2480509 ], [ 55.3239727, 25.2480496 ], [ 55.3234208, 25.2485175 ], [ 55.3233846, 25.2485433 ], [ 55.3233459, 25.2485658 ], [ 55.3233052, 25.248587 ], [ 55.3232621, 25.2486128 ], [ 55.3226832, 25.2490816 ], [ 55.3226376, 25.249124 ], [ 55.3226054, 25.249161 ], [ 55.3225634, 25.2491988 ], [ 55.3225163, 25.2492314 ], [ 55.3224546, 25.2492762 ], [ 55.3224716, 25.2493103 ], [ 55.3224812, 25.2493466 ], [ 55.3224832, 25.2493839 ], [ 55.3224774, 25.2494209 ], [ 55.3224641, 25.2494562 ], [ 55.3224437, 25.2494887 ], [ 55.3224169, 25.2495171 ], [ 55.3223847, 25.2495405 ], [ 55.3223482, 25.249558 ], [ 55.3223088, 25.2495691 ], [ 55.3222678, 25.2495732 ], [ 55.3222266, 25.2495704 ], [ 55.3221784, 25.2496102 ], [ 55.3221244, 25.2496434 ], [ 55.3220657, 25.2496692 ], [ 55.3219348, 25.2497303 ], [ 55.3218081, 25.2497957 ], [ 55.3217177, 25.2498391 ], [ 55.3215652, 25.2499415 ], [ 55.3214494, 25.2500217 ], [ 55.3210752, 25.2503036 ], [ 55.3210775, 25.250324 ], [ 55.3210741, 25.2503442 ], [ 55.3210654, 25.2503631 ], [ 55.3210518, 25.2503794 ], [ 55.3207272, 25.2507761 ], [ 55.3205723, 25.2505875 ], [ 55.3205797, 25.2504874 ], [ 55.3205367, 25.2504387 ], [ 55.3205035, 25.2504012 ], [ 55.320492, 25.2503882 ], [ 55.3204857, 25.250381 ], [ 55.3204706, 25.2503639 ], [ 55.3204489, 25.2503394 ], [ 55.3203933, 25.25034 ], [ 55.320174, 25.2501168 ] ] ] ] } },
{ "type": "Feature", "properties": { "osm_id": 217396549, "osm_type": "ways_poly", "opening_hours": null, "landuse": null, "denomination": null, "building": null, "leisure": "park", "name": "Dubai Public Park", "historic": null, "amenity": null, "religion": null }, "geometry": { "type": "MultiPolygon", "coordinates": [ [ [ [ 55.3961185, 25.2694035 ], [ 55.3988017, 25.2679548 ], [ 55.3988119, 25.2679493 ], [ 55.3996584, 25.267482 ], [ 55.3995969, 25.2673825 ], [ 55.4031398, 25.265424 ], [ 55.4074906, 25.263012 ], [ 55.4071755, 25.2640367 ], [ 55.4070635, 25.2643762 ], [ 55.4067926, 25.2651919 ], [ 55.4067537, 25.2652568 ], [ 55.4067075, 25.2652974 ], [ 55.4060758, 25.2657261 ], [ 55.4058907, 25.2658286 ], [ 55.4055353, 25.2660354 ], [ 55.4053026, 25.2661518 ], [ 55.4049312, 25.266321 ], [ 55.404451, 25.2664799 ], [ 55.403586, 25.2666642 ], [ 55.4032119, 25.2667734 ], [ 55.4025145, 25.2670584 ], [ 55.4010983, 25.2678637 ], [ 55.4002876, 25.2683379 ], [ 55.4002306, 25.2682724 ], [ 55.4001053, 25.2683418 ], [ 55.4000369, 25.2682634 ], [ 55.3998949, 25.2683585 ], [ 55.3998186, 25.2684774 ], [ 55.3987308, 25.2691069 ], [ 55.3987026, 25.2691232 ], [ 55.3981068, 25.2694832 ], [ 55.3981357, 25.2695189 ], [ 55.3979258, 25.2696053 ], [ 55.397779, 25.2696524 ], [ 55.3974455, 25.2698497 ], [ 55.3970318, 25.269718 ], [ 55.3970101, 25.2697111 ], [ 55.396126, 25.2694288 ], [ 55.3961185, 25.2694035 ] ] ] ] } },
{ "type": "Feature", "properties": { "osm_id": 245436289, "osm_type": "ways_poly", "opening_hours": null, "landuse": null, "denomination": null, "building": "mosque", "leisure": null, "name": null, "historic": null, "amenity": "place_of_worship", "religion": "muslim" }, "geometry": { "type": "MultiPolygon", "coordinates": [ [ [ [ 55.3829456, 25.266328 ], [ 55.3829563, 25.2662489 ], [ 55.3829773, 25.2662513 ], [ 55.3829826, 25.2662122 ], [ 55.3830177, 25.2662161 ], [ 55.3830204, 25.2661965 ], [ 55.3831305, 25.2662086 ], [ 55.3831267, 25.2662363 ], [ 55.383161, 25.26624 ], [ 55.3831537, 25.2662937 ], [ 55.3831761, 25.2662961 ], [ 55.3831658, 25.2663723 ], [ 55.3831364, 25.2663691 ], [ 55.3831312, 25.2664076 ], [ 55.3830717, 25.266401 ], [ 55.3830685, 25.2664247 ], [ 55.3830403, 25.2664216 ], [ 55.3830366, 25.2664493 ], [ 55.3830025, 25.2664456 ], [ 55.3830065, 25.2664157 ], [ 55.3829819, 25.266413 ], [ 55.3829865, 25.2663788 ], [ 55.382951, 25.2663749 ], [ 55.3829572, 25.2663293 ], [ 55.3829456, 25.266328 ] ] ] ] } },
{ "type": "Feature", "properties": { "osm_id": 1425240145, "osm_type": "ways_poly", "opening_hours": null, "landuse": "grass", "denomination": null, "building": null, "leisure": null, "name": null, "historic": null, "amenity": null, "religion": null }, "geometry": { "type": "MultiPolygon", "coordinates": [ [ [ [ 55.3578826, 25.2665631 ], [ 55.3578864, 25.2665545 ], [ 55.3578946, 25.2665489 ], [ 55.3579049, 25.2665483 ], [ 55.3579139, 25.2665527 ], [ 55.3579546, 25.2666148 ], [ 55.357956, 25.2666238 ], [ 55.3579519, 25.266632 ], [ 55.3579436, 25.2666371 ], [ 55.3579336, 25.2666373 ], [ 55.357925, 25.2666327 ], [ 55.3578846, 25.2665722 ], [ 55.3578826, 25.2665631 ] ] ] ] } },
{ "type": "Feature", "properties": { "osm_id": 245390219, "osm_type": "ways_poly", "opening_hours": null, "landuse": null, "denomination": null, "building": "mosque", "leisure": null, "name": null, "historic": null, "amenity": "place_of_worship", "religion": "muslim" }, "geometry": { "type": "MultiPolygon", "coordinates": [ [ [ [ 55.3941999, 25.2668847 ], [ 55.3942327, 25.2667198 ], [ 55.3942725, 25.2667262 ], [ 55.3942813, 25.2666817 ], [ 55.3943954, 25.2667002 ], [ 55.3943875, 25.26674 ], [ 55.3944782, 25.2667548 ], [ 55.3944445, 25.2669244 ], [ 55.3941999, 25.2668847 ] ] ] ] } },
{ "type": "Feature", "properties": { "osm_id": 245390214, "osm_type": "ways_poly", "opening_hours": null, "landuse": null, "denomination": null, "building": "mosque", "leisure": null, "name": null, "historic": null, "amenity": "place_of_worship", "religion": "muslim" }, "geometry": { "type": "MultiPolygon", "coordinates": [ [ [ [ 55.3933293, 25.261214 ], [ 55.3933859, 25.2609874 ], [ 55.393723, 25.2610563 ], [ 55.3936664, 25.2612829 ], [ 55.3933293, 25.261214 ] ] ] ] } },
{ "type": "Feature", "properties": { "osm_id": 296422645, "osm_type": "ways_poly", "opening_hours": null, "landuse": null, "denomination": "sunni", "building": "yes", "leisure": null, "name": null, "historic": null, "amenity": "place_of_worship", "religion": "muslim" }, "geometry": { "type": "MultiPolygon", "coordinates": [ [ [ [ 55.3827935, 25.2334289 ], [ 55.3830738, 25.2333082 ], [ 55.3831047, 25.2333646 ], [ 55.3830658, 25.2333816 ], [ 55.3830826, 25.2334161 ], [ 55.3830537, 25.2334932 ], [ 55.3829491, 25.2335411 ], [ 55.3829129, 25.2335344 ], [ 55.3828888, 25.233592 ], [ 55.3828365, 25.2335769 ], [ 55.3828546, 25.2335314 ], [ 55.3827935, 25.2334289 ] ] ] ] } },
{ "type": "Feature", "properties": { "osm_id": 1426637518, "osm_type": "ways_poly", "opening_hours": null, "landuse": "grass", "denomination": null, "building": null, "leisure": null, "name": null, "historic": null, "amenity": null, "religion": null }, "geometry": { "type": "MultiPolygon", "coordinates": [ [ [ [ 55.3894825, 25.2333278 ], [ 55.3894885, 25.233292 ], [ 55.3895, 25.2332574 ], [ 55.3895169, 25.2332247 ], [ 55.3895783, 25.2331219 ], [ 55.389594, 25.233105 ], [ 55.3896148, 25.2330937 ], [ 55.389634, 25.2330894 ], [ 55.3896538, 25.2330897 ], [ 55.3896727, 25.2330948 ], [ 55.3896895, 25.2331042 ], [ 55.3897618, 25.2331879 ], [ 55.3895062, 25.2333808 ], [ 55.3894949, 25.2333829 ], [ 55.389485, 25.233377 ], [ 55.3894825, 25.2333665 ], [ 55.3894825, 25.2333278 ] ] ] ] } },
{ "type": "Feature", "properties": { "osm_id": 742988749, "osm_type": "ways_poly", "opening_hours": null, "landuse": "residential", "denomination": null, "building": null, "leisure": null, "name": null, "historic": null, "amenity": null, "religion": null }, "geometry": { "type": "MultiPolygon", "coordinates": [ [ [ [ 55.4070431, 25.2505688 ], [ 55.4073791, 25.2506044 ], [ 55.4076541, 25.2506407 ], [ 55.4077243, 25.2506545 ], [ 55.4077814, 25.2506577 ], [ 55.4078564, 25.2506658 ], [ 55.4077128, 25.2513495 ], [ 55.4070765, 25.2512675 ], [ 55.4070431, 25.2505688 ] ] ] ] } },
{ "type": "Feature", "properties": { "osm_id": 742988750, "osm_type": "ways_poly", "opening_hours": null, "landuse": "residential", "denomination": null, "building": null, "leisure": null, "name": null, "historic": null, "amenity": null, "religion": null }, "geometry": { "type": "MultiPolygon", "coordinates": [ [ [ [ 55.4077303, 25.2513394 ], [ 55.4078616, 25.2506642 ], [ 55.4085253, 25.2508174 ], [ 55.4083912, 25.2514463 ], [ 55.4077303, 25.2513394 ] ] ] ] } },
{ "type": "Feature", "properties": { "osm_id": 370074192, "osm_type": "ways_poly", "opening_hours": null, "landuse": null, "denomination": null, "building": "yes", "leisure": null, "name": null, "historic": null, "amenity": "place_of_worship", "religion": "muslim" }, "geometry": { "type": "MultiPolygon", "coordinates": [ [ [ [ 55.4162939, 25.2506541 ], [ 55.4164, 25.2500748 ], [ 55.4166655, 25.2501146 ], [ 55.4165594, 25.2506939 ], [ 55.4162939, 25.2506541 ] ] ] ] } },
{ "type": "Feature", "properties": { "osm_id": 1426381803, "osm_type": "ways_poly", "opening_hours": null, "landuse": "grass", "denomination": null, "building": null, "leisure": null, "name": null, "historic": null, "amenity": null, "religion": null }, "geometry": { "type": "MultiPolygon", "coordinates": [ [ [ [ 55.3862297, 25.2543944 ], [ 55.3862323, 25.254331 ], [ 55.3862421, 25.2542682 ], [ 55.3862589, 25.2542066 ], [ 55.3862811, 25.2541379 ], [ 55.3863061, 25.2540825 ], [ 55.3863357, 25.2540309 ], [ 55.3865766, 25.2541643 ], [ 55.3864979, 25.2543068 ], [ 55.3864747, 25.254346 ], [ 55.3864487, 25.2543837 ], [ 55.3864083, 25.2544328 ], [ 55.386363, 25.2544784 ], [ 55.3863133, 25.2545199 ], [ 55.3862595, 25.2545571 ], [ 55.3862459, 25.2545202 ], [ 55.3862342, 25.2544576 ], [ 55.3862297, 25.2543944 ] ] ] ] } },
{ "type": "Feature", "properties": { "osm_id": 1426585302, "osm_type": "ways_poly", "opening_hours": null, "landuse": "grass", "denomination": null, "building": null, "leisure": null, "name": null, "historic": null, "amenity": null, "religion": null }, "geometry": { "type": "MultiPolygon", "coordinates": [ [ [ [ 55.3844337, 25.2552536 ], [ 55.3849494, 25.2549674 ], [ 55.3849466, 25.2549813 ], [ 55.3849413, 25.2549947 ], [ 55.3849286, 25.2550134 ], [ 55.3849111, 25.2550286 ], [ 55.3844515, 25.2552818 ], [ 55.3844337, 25.2552536 ] ] ] ] } },
{ "type": "Feature", "properties": { "osm_id": 1426585305, "osm_type": "ways_poly", "opening_hours": null, "landuse": "grass", "denomination": null, "building": null, "leisure": null, "name": null, "historic": null, "amenity": null, "religion": null }, "geometry": { "type": "MultiPolygon", "coordinates": [ [ [ [ 55.382644, 25.2552245 ], [ 55.3845228, 25.2541631 ], [ 55.3845895, 25.2542644 ], [ 55.3845674, 25.2542605 ], [ 55.384545, 25.254259 ], [ 55.3845117, 25.2542613 ], [ 55.3844793, 25.2542687 ], [ 55.3826755, 25.25527 ], [ 55.382644, 25.2552245 ] ] ] ] } },
{ "type": "Feature", "properties": { "osm_id": 1426585308, "osm_type": "ways_poly", "opening_hours": null, "landuse": "grass", "denomination": null, "building": null, "leisure": null, "name": null, "historic": null, "amenity": null, "religion": null }, "geometry": { "type": "MultiPolygon", "coordinates": [ [ [ [ 55.3818744, 25.2556368 ], [ 55.3818783, 25.255604 ], [ 55.3818891, 25.2555725 ], [ 55.3819066, 25.2555435 ], [ 55.3819299, 25.2555181 ], [ 55.3819636, 25.2554921 ], [ 55.3820022, 25.2554723 ], [ 55.3820442, 25.2554595 ], [ 55.3820881, 25.255454 ], [ 55.3821103, 25.2554534 ], [ 55.3821324, 25.2554562 ], [ 55.3821605, 25.2554651 ], [ 55.3821857, 25.2554795 ], [ 55.3822066, 25.2554987 ], [ 55.3822222, 25.2555217 ], [ 55.3825361, 25.2560178 ], [ 55.3824899, 25.2560231 ], [ 55.3824442, 25.2560311 ], [ 55.3823985, 25.2560419 ], [ 55.3823537, 25.2560554 ], [ 55.3820579, 25.2556114 ], [ 55.3818896, 25.2557042 ], [ 55.381884, 25.255692 ], [ 55.3818776, 25.2556697 ], [ 55.3818744, 25.2556368 ] ] ] ] } },
{ "type": "Feature", "properties": { "osm_id": 1265762057, "osm_type": "ways_poly", "opening_hours": null, "landuse": "grass", "denomination": null, "building": null, "leisure": null, "name": null, "historic": null, "amenity": null, "religion": null }, "geometry": { "type": "MultiPolygon", "coordinates": [ [ [ [ 55.3266009, 25.2375036 ], [ 55.3266032, 25.2374998 ], [ 55.3266075, 25.2374979 ], [ 55.3266123, 25.2374985 ], [ 55.3266565, 25.2375241 ], [ 55.3266602, 25.2375288 ], [ 55.3266588, 25.2375345 ], [ 55.3266532, 25.2375372 ], [ 55.3266472, 25.2375353 ], [ 55.3266047, 25.2375113 ], [ 55.3266014, 25.237508 ], [ 55.3266009, 25.2375036 ] ] ] ] } },
{ "type": "Feature", "properties": { "osm_id": 1173254715, "osm_type": "ways_poly", "opening_hours": null, "landuse": "construction", "denomination": null, "building": null, "leisure": null, "name": null, "historic": null, "amenity": null, "religion": null }, "geometry": { "type": "MultiPolygon", "coordinates": [ [ [ [ 55.330847, 25.2245197 ], [ 55.3314262, 25.2244835 ], [ 55.3314786, 25.2248096 ], [ 55.3314663, 25.2248737 ], [ 55.3313892, 25.2249517 ], [ 55.3312999, 25.224988 ], [ 55.3309302, 25.2250186 ], [ 55.330847, 25.2245197 ] ] ] ] } },
{ "type": "Feature", "properties": { "osm_id": 489091268, "osm_type": "ways_poly", "opening_hours": null, "landuse": "grass", "denomination": null, "building": null, "leisure": null, "name": null, "historic": null, "amenity": null, "religion": null }, "geometry": { "type": "MultiPolygon", "coordinates": [ [ [ [ 55.3377416, 25.2371148 ], [ 55.3377443, 25.2370627 ], [ 55.3377564, 25.2370214 ], [ 55.3377953, 25.2369875 ], [ 55.3378409, 25.2369656 ], [ 55.3378932, 25.2369583 ], [ 55.3379374, 25.2369717 ], [ 55.3379642, 25.2369984 ], [ 55.3379763, 25.2370372 ], [ 55.3379777, 25.2370918 ], [ 55.3379696, 25.23715 ], [ 55.3379455, 25.2372058 ], [ 55.3379186, 25.2372398 ], [ 55.3378556, 25.2372507 ], [ 55.3378221, 25.2372434 ], [ 55.3377993, 25.2372289 ], [ 55.3377859, 25.237201 ], [ 55.3377577, 25.2371549 ], [ 55.3377416, 25.2371148 ] ] ] ] } },
{ "type": "Feature", "properties": { "osm_id": 488231383, "osm_type": "ways_poly", "opening_hours": null, "landuse": "grass", "denomination": null, "building": null, "leisure": null, "name": null, "historic": null, "amenity": null, "religion": null }, "geometry": { "type": "MultiPolygon", "coordinates": [ [ [ [ 55.3352474, 25.2477378 ], [ 55.3352514, 25.2476929 ], [ 55.3352715, 25.2476492 ], [ 55.3353024, 25.2476262 ], [ 55.3353319, 25.2476262 ], [ 55.3353614, 25.2476371 ], [ 55.3353788, 25.2476602 ], [ 55.3353976, 25.2477184 ], [ 55.3354191, 25.247762 ], [ 55.3354606, 25.2477972 ], [ 55.3354861, 25.2478239 ], [ 55.3354955, 25.2478736 ], [ 55.3354593, 25.2479197 ], [ 55.3354258, 25.2479343 ], [ 55.3353668, 25.2479331 ], [ 55.3353145, 25.2479076 ], [ 55.3352836, 25.2478688 ], [ 55.3352622, 25.2478263 ], [ 55.3352541, 25.2477851 ], [ 55.3352474, 25.2477378 ] ] ] ] } },
{ "type": "Feature", "properties": { "osm_id": 488231401, "osm_type": "ways_poly", "opening_hours": null, "landuse": "grass", "denomination": null, "building": null, "leisure": null, "name": null, "historic": null, "amenity": null, "religion": null }, "geometry": { "type": "MultiPolygon", "coordinates": [ [ [ [ 55.3347852, 25.240768 ], [ 55.3348671, 25.2407298 ], [ 55.3348868, 25.2407644 ], [ 55.334805, 25.2408026 ], [ 55.3347852, 25.240768 ] ] ] ] } },
{ "type": "Feature", "properties": { "osm_id": 1267892342, "osm_type": "ways_poly", "opening_hours": null, "landuse": "grass", "denomination": null, "building": null, "leisure": null, "name": null, "historic": null, "amenity": null, "religion": null }, "geometry": { "type": "MultiPolygon", "coordinates": [ [ [ [ 55.3338942, 25.2330136 ], [ 55.3339028, 25.2329846 ], [ 55.3339219, 25.23296 ], [ 55.3339492, 25.2329428 ], [ 55.3339812, 25.2329351 ], [ 55.3340143, 25.2329378 ], [ 55.3340444, 25.2329505 ], [ 55.3340678, 25.2329718 ], [ 55.3340818, 25.232999 ], [ 55.3340847, 25.233029 ], [ 55.334076, 25.233058 ], [ 55.3340569, 25.2330825 ], [ 55.3340297, 25.2330997 ], [ 55.3339976, 25.2331075 ], [ 55.3339645, 25.2331048 ], [ 55.3339344, 25.233092 ], [ 55.333911, 25.2330708 ], [ 55.333897, 25.2330435 ], [ 55.3338942, 25.2330136 ] ] ] ] } },
{ "type": "Feature", "properties": { "osm_id": 1267885815, "osm_type": "ways_poly", "opening_hours": null, "landuse": "grass", "denomination": null, "building": null, "leisure": null, "name": null, "historic": null, "amenity": null, "religion": null }, "geometry": { "type": "MultiPolygon", "coordinates": [ [ [ [ 55.3278079, 25.235771 ], [ 55.3278108, 25.2357363 ], [ 55.3278164, 25.2357018 ], [ 55.328042, 25.2357503 ], [ 55.3280079, 25.2358123 ], [ 55.3278079, 25.235771 ] ] ] ] } },
{ "type": "Feature", "properties": { "osm_id": 1126935968, "osm_type": "ways_poly", "opening_hours": null, "landuse": null, "denomination": null, "building": "yes", "leisure": null, "name": null, "historic": null, "amenity": "toilets", "religion": null }, "geometry": { "type": "MultiPolygon", "coordinates": [ [ [ [ 55.333685, 25.2330571 ], [ 55.3336991, 25.2330273 ], [ 55.3337185, 25.2330194 ], [ 55.3337581, 25.2330376 ], [ 55.3337634, 25.233054 ], [ 55.3337467, 25.2330898 ], [ 55.3337259, 25.2330971 ], [ 55.3336857, 25.2330765 ], [ 55.333685, 25.2330571 ] ] ] ] } },
{ "type": "Feature", "properties": { "osm_id": 1263704510, "osm_type": "ways_poly", "opening_hours": null, "landuse": "grass", "denomination": null, "building": null, "leisure": null, "name": null, "historic": null, "amenity": null, "religion": null }, "geometry": { "type": "MultiPolygon", "coordinates": [ [ [ [ 55.3259093, 25.2306235 ], [ 55.325979, 25.2305622 ], [ 55.3260387, 25.2306308 ], [ 55.326099, 25.2306896 ], [ 55.3260568, 25.2307242 ], [ 55.325985, 25.2306684 ], [ 55.3259093, 25.2306235 ] ] ] ] } },
{ "type": "Feature", "properties": { "osm_id": 1263704511, "osm_type": "ways_poly", "opening_hours": null, "landuse": "grass", "denomination": null, "building": null, "leisure": null, "name": null, "historic": null, "amenity": null, "religion": null }, "geometry": { "type": "MultiPolygon", "coordinates": [ [ [ [ 55.3263673, 25.2309678 ], [ 55.3264088, 25.2309177 ], [ 55.3265328, 25.2310016 ], [ 55.3264913, 25.2310517 ], [ 55.3263673, 25.2309678 ] ] ] ] } },
{ "type": "Feature", "properties": { "osm_id": 1263463425, "osm_type": "ways_poly", "opening_hours": null, "landuse": "grass", "denomination": null, "building": null, "leisure": null, "name": null, "historic": null, "amenity": null, "religion": null }, "geometry": { "type": "MultiPolygon", "coordinates": [ [ [ [ 55.3258547, 25.2331329 ], [ 55.3259067, 25.2330766 ], [ 55.3259267, 25.2330953 ], [ 55.3261171, 25.2332227 ], [ 55.3260787, 25.2332704 ], [ 55.3260514, 25.2332663 ], [ 55.3260296, 25.2332585 ], [ 55.3260098, 25.2332469 ], [ 55.3258547, 25.2331329 ] ] ] ] } },
{ "type": "Feature", "properties": { "osm_id": 1257831702, "osm_type": "ways_poly", "opening_hours": null, "landuse": "grass", "denomination": null, "building": null, "leisure": null, "name": null, "historic": null, "amenity": null, "religion": null }, "geometry": { "type": "MultiPolygon", "coordinates": [ [ [ [ 55.3262288, 25.2411064 ], [ 55.3262987, 25.2410949 ], [ 55.3263115, 25.2411331 ], [ 55.3263308, 25.241169 ], [ 55.326356, 25.2412018 ], [ 55.3263866, 25.2412306 ], [ 55.3264218, 25.2412547 ], [ 55.3264607, 25.2412736 ], [ 55.3265024, 25.2412867 ], [ 55.3264878, 25.2413506 ], [ 55.3264345, 25.2413342 ], [ 55.3263847, 25.2413105 ], [ 55.3263398, 25.2412798 ], [ 55.3263009, 25.2412431 ], [ 55.3262689, 25.2412012 ], [ 55.3262446, 25.2411553 ], [ 55.3262288, 25.2411064 ] ] ] ] } },
{ "type": "Feature", "properties": { "osm_id": 1257831703, "osm_type": "ways_poly", "opening_hours": null, "landuse": "grass", "denomination": null, "building": null, "leisure": null, "name": null, "historic": null, "amenity": null, "religion": null }, "geometry": { "type": "MultiPolygon", "coordinates": [ [ [ [ 55.3265314, 25.2413579 ], [ 55.3265443, 25.2412937 ], [ 55.3265967, 25.2412943 ], [ 55.3266483, 25.2412861 ], [ 55.3266973, 25.2412695 ], [ 55.3267421, 25.241245 ], [ 55.3267811, 25.2412134 ], [ 55.3268129, 25.2411758 ], [ 55.3268746, 25.241207 ], [ 55.3268455, 25.2412442 ], [ 55.3268107, 25.2412772 ], [ 55.3267712, 25.2413054 ], [ 55.3267275, 25.2413281 ], [ 55.3266808, 25.2413451 ], [ 55.3266318, 25.2413558 ], [ 55.3265817, 25.2413601 ], [ 55.3265314, 25.2413579 ] ] ] ] } },
{ "type": "Feature", "properties": { "osm_id": 1257831706, "osm_type": "ways_poly", "opening_hours": null, "landuse": "grass", "denomination": null, "building": null, "leisure": null, "name": null, "historic": null, "amenity": null, "religion": null }, "geometry": { "type": "MultiPolygon", "coordinates": [ [ [ [ 55.3263408, 25.2410879 ], [ 55.3264519, 25.2410696 ], [ 55.3264638, 25.2410955 ], [ 55.3264822, 25.241118 ], [ 55.3265061, 25.2411358 ], [ 55.3265339, 25.2411481 ], [ 55.3265105, 25.2412512 ], [ 55.3264701, 25.2412371 ], [ 55.3264332, 25.2412167 ], [ 55.3264008, 25.2411907 ], [ 55.3263741, 25.2411599 ], [ 55.3263539, 25.2411253 ], [ 55.3263408, 25.2410879 ] ] ] ] } },
{ "type": "Feature", "properties": { "osm_id": 1257831711, "osm_type": "ways_poly", "opening_hours": null, "landuse": "grass", "denomination": null, "building": null, "leisure": null, "name": null, "historic": null, "amenity": null, "religion": null }, "geometry": { "type": "MultiPolygon", "coordinates": [ [ [ [ 55.3265701, 25.2410993 ], [ 55.3265759, 25.2410783 ], [ 55.3265927, 25.241076 ], [ 55.3266078, 25.2410689 ], [ 55.3266196, 25.2410578 ], [ 55.3266371, 25.2410703 ], [ 55.3266191, 25.2410871 ], [ 55.3265958, 25.2410972 ], [ 55.3265701, 25.2410993 ] ] ] ] } },
{ "type": "Feature", "properties": { "osm_id": 483146954, "osm_type": "ways_poly", "opening_hours": null, "landuse": "greenfield", "denomination": null, "building": null, "leisure": null, "name": null, "historic": null, "amenity": null, "religion": null }, "geometry": { "type": "MultiPolygon", "coordinates": [ [ [ [ 55.3378363, 25.2297329 ], [ 55.3381268, 25.2296583 ], [ 55.3382412, 25.2296195 ], [ 55.3383352, 25.2295341 ], [ 55.3383953, 25.2293645 ], [ 55.338384, 25.2292299 ], [ 55.338705, 25.229256 ], [ 55.3389452, 25.2292543 ], [ 55.3392393, 25.2295735 ], [ 55.3390358, 25.2297379 ], [ 55.3386394, 25.2300581 ], [ 55.3383068, 25.2303268 ], [ 55.3381472, 25.2302031 ], [ 55.3378896, 25.2298802 ], [ 55.3378363, 25.2297329 ] ] ] ] } },
{ "type": "Feature", "properties": { "osm_id": 385761092, "osm_type": "ways_poly", "opening_hours": null, "landuse": null, "denomination": null, "building": "yes", "leisure": null, "name": null, "historic": null, "amenity": "place_of_worship", "religion": "muslim" }, "geometry": { "type": "MultiPolygon", "coordinates": [ [ [ [ 55.3278689, 25.2229726 ], [ 55.3278857, 25.2229022 ], [ 55.3279973, 25.222924 ], [ 55.3279805, 25.2229944 ], [ 55.3278689, 25.2229726 ] ] ] ] } },
{ "type": "Feature", "properties": { "osm_id": 239554701, "osm_type": "ways_poly", "opening_hours": null, "landuse": null, "denomination": null, "building": null, "leisure": "park", "name": "Al Twar Park 1", "historic": null, "amenity": null, "religion": null }, "geometry": { "type": "MultiPolygon", "coordinates": [ [ [ [ 55.3730677, 25.2673129 ], [ 55.3730709, 25.2672389 ], [ 55.3738764, 25.2667729 ], [ 55.3748393, 25.2661974 ], [ 55.3749164, 25.2662216 ], [ 55.3757688, 25.2674269 ], [ 55.3757489, 25.2675049 ], [ 55.3740101, 25.2685464 ], [ 55.3739267, 25.2685308 ], [ 55.3730677, 25.2673129 ] ] ] ] } },
{ "type": "Feature", "properties": { "osm_id": 1121679635, "osm_type": "ways_poly", "opening_hours": null, "landuse": "residential", "denomination": null, "building": null, "leisure": null, "name": null, "historic": null, "amenity": null, "religion": null }, "geometry": { "type": "MultiPolygon", "coordinates": [ [ [ [ 55.3668746, 25.2676561 ], [ 55.3669688, 25.2676038 ], [ 55.366995, 25.2676425 ], [ 55.3669008, 25.2676948 ], [ 55.3668746, 25.2676561 ] ] ] ] } },
{ "type": "Feature", "properties": { "osm_id": 627635275, "osm_type": "ways_poly", "opening_hours": null, "landuse": "residential", "denomination": null, "building": null, "leisure": null, "name": null, "historic": null, "amenity": null, "religion": null }, "geometry": { "type": "MultiPolygon", "coordinates": [ [ [ [ 55.3667498, 25.2675179 ], [ 55.3669226, 25.2674221 ], [ 55.3670248, 25.2675728 ], [ 55.3669688, 25.2676038 ], [ 55.3668746, 25.2676561 ], [ 55.366852, 25.2676686 ], [ 55.3667498, 25.2675179 ] ] ] ] } },
{ "type": "Feature", "properties": { "osm_id": 378111718, "osm_type": "ways_poly", "opening_hours": null, "landuse": "residential", "denomination": null, "building": null, "leisure": null, "name": "Al Badia Hillside Village Buildings, Dubai Festival City", "historic": null, "amenity": null, "religion": null }, "geometry": { "type": "MultiPolygon", "coordinates": [ [ [ [ 55.361857, 25.2209817 ], [ 55.3621922, 25.2208164 ], [ 55.3623611, 25.2210969 ], [ 55.362026, 25.2212621 ], [ 55.361857, 25.2209817 ] ] ] ] } },
{ "type": "Feature", "properties": { "osm_id": 733438095, "osm_type": "ways_poly", "opening_hours": "07:00-22:00", "landuse": null, "denomination": null, "building": null, "leisure": "park", "name": "Al Rashidiya Park", "historic": null, "amenity": null, "religion": null }, "geometry": { "type": "MultiPolygon", "coordinates": [ [ [ [ 55.3928589, 25.2290738 ], [ 55.3930798, 25.2289802 ], [ 55.3929511, 25.2286939 ], [ 55.3951474, 25.2278181 ], [ 55.3959219, 25.2294414 ], [ 55.3946439, 25.2292364 ], [ 55.3940484, 25.2291829 ], [ 55.3935468, 25.2292363 ], [ 55.3932115, 25.2293297 ], [ 55.3930087, 25.2294061 ], [ 55.3928589, 25.2290738 ] ] ] ] } },
{ "type": "Feature", "properties": { "osm_id": 1267885817, "osm_type": "ways_poly", "opening_hours": null, "landuse": "grass", "denomination": null, "building": null, "leisure": null, "name": null, "historic": null, "amenity": null, "religion": null }, "geometry": { "type": "MultiPolygon", "coordinates": [ [ [ [ 55.3278634, 25.2355742 ], [ 55.3278882, 25.2355339 ], [ 55.3279173, 25.2354959 ], [ 55.3281498, 25.2355546 ], [ 55.3281097, 25.2356275 ], [ 55.3278634, 25.2355742 ] ] ] ] } },
{ "type": "Feature", "properties": { "osm_id": 1267885829, "osm_type": "ways_poly", "opening_hours": null, "landuse": "grass", "denomination": null, "building": null, "leisure": null, "name": null, "historic": null, "amenity": null, "religion": null }, "geometry": { "type": "MultiPolygon", "coordinates": [ [ [ [ 55.3274381, 25.2371897 ], [ 55.3274391, 25.2371536 ], [ 55.3274496, 25.2371187 ], [ 55.327469, 25.2370871 ], [ 55.3274962, 25.2370607 ], [ 55.3275296, 25.2370409 ], [ 55.3275673, 25.2370289 ], [ 55.3276071, 25.2370254 ], [ 55.3276467, 25.2370306 ], [ 55.3276837, 25.2370443 ], [ 55.327716, 25.2370655 ], [ 55.3277417, 25.2370932 ], [ 55.3277594, 25.2371256 ], [ 55.3277681, 25.2371609 ], [ 55.3277671, 25.237197 ], [ 55.3277566, 25.2372319 ], [ 55.3277371, 25.2372634 ], [ 55.3277099, 25.2372899 ], [ 55.3276765, 25.2373097 ], [ 55.3276388, 25.2373217 ], [ 55.327599, 25.2373252 ], [ 55.3275595, 25.2373199 ], [ 55.3275225, 25.2373063 ], [ 55.3274902, 25.2372851 ], [ 55.3274644, 25.2372574 ], [ 55.3274467, 25.237225 ], [ 55.3274381, 25.2371897 ] ] ] ] } },
{ "type": "Feature", "properties": { "osm_id": 1265762069, "osm_type": "ways_poly", "opening_hours": null, "landuse": "grass", "denomination": null, "building": null, "leisure": null, "name": null, "historic": null, "amenity": null, "religion": null }, "geometry": { "type": "MultiPolygon", "coordinates": [ [ [ [ 55.3273895, 25.2399638 ], [ 55.3273948, 25.2399259 ], [ 55.3274073, 25.2398894 ], [ 55.3274266, 25.2398554 ], [ 55.3274523, 25.239825 ], [ 55.3274834, 25.2397991 ], [ 55.3275191, 25.2397785 ], [ 55.3275581, 25.2397639 ], [ 55.3275994, 25.2397557 ], [ 55.3276416, 25.2397542 ], [ 55.3276835, 25.2397593 ], [ 55.3277238, 25.239771 ], [ 55.3277612, 25.2397888 ], [ 55.3277951, 25.2398117 ], [ 55.3278153, 25.2398313 ], [ 55.3278296, 25.2398547 ], [ 55.3278374, 25.2398805 ], [ 55.327838, 25.2399073 ], [ 55.3278316, 25.2399334 ], [ 55.3278218, 25.2399556 ], [ 55.3278039, 25.2399839 ], [ 55.3277873, 25.2400022 ], [ 55.3277658, 25.2400156 ], [ 55.327741, 25.2400229 ], [ 55.3277149, 25.2400237 ], [ 55.3276896, 25.2400178 ], [ 55.3276956, 25.240004 ], [ 55.3277017, 25.2399803 ], [ 55.3277, 25.2399559 ], [ 55.3276906, 25.2399331 ], [ 55.3276743, 25.2399137 ], [ 55.3276526, 25.2398993 ], [ 55.3276272, 25.2398912 ], [ 55.3276002, 25.23989 ], [ 55.3275647, 25.2398965 ], [ 55.3275353, 25.239907 ], [ 55.3274998, 25.2399248 ], [ 55.3274679, 25.2399475 ], [ 55.3274405, 25.2399746 ], [ 55.3274184, 25.2400054 ], [ 55.3274012, 25.2400393 ], [ 55.3273917, 25.240002 ], [ 55.3273895, 25.2399638 ] ] ] ] } },
{ "type": "Feature", "properties": { "osm_id": 1263704512, "osm_type": "ways_poly", "opening_hours": null, "landuse": "grass", "denomination": null, "building": null, "leisure": null, "name": null, "historic": null, "amenity": null, "religion": null }, "geometry": { "type": "MultiPolygon", "coordinates": [ [ [ [ 55.3265061, 25.2310634 ], [ 55.3265492, 25.2310113 ], [ 55.3268183, 25.2311935 ], [ 55.3267752, 25.2312455 ], [ 55.3265061, 25.2310634 ] ] ] ] } },
{ "type": "Feature", "properties": { "osm_id": 1263704514, "osm_type": "ways_poly", "opening_hours": null, "landuse": "grass", "denomination": null, "building": null, "leisure": null, "name": null, "historic": null, "amenity": null, "religion": null }, "geometry": { "type": "MultiPolygon", "coordinates": [ [ [ [ 55.3270901, 25.2314569 ], [ 55.3271303, 25.2314078 ], [ 55.3273335, 25.2315437 ], [ 55.327373, 25.2315657 ], [ 55.3274153, 25.2315832 ], [ 55.3274596, 25.2315958 ], [ 55.3275112, 25.231604 ], [ 55.3275637, 25.2316057 ], [ 55.3276158, 25.2316007 ], [ 55.3275038, 25.231739 ], [ 55.3270901, 25.2314569 ] ] ] ] } },
{ "type": "Feature", "properties": { "osm_id": 1258659210, "osm_type": "ways_poly", "opening_hours": null, "landuse": "grass", "denomination": null, "building": null, "leisure": null, "name": null, "historic": null, "amenity": null, "religion": null }, "geometry": { "type": "MultiPolygon", "coordinates": [ [ [ [ 55.3262215, 25.231933 ], [ 55.326223, 25.2319029 ], [ 55.3262338, 25.2318745 ], [ 55.3262531, 25.23185 ], [ 55.3262792, 25.2318314 ], [ 55.32631, 25.2318201 ], [ 55.3263431, 25.2318172 ], [ 55.3263758, 25.2318229 ], [ 55.3264053, 25.2318366 ], [ 55.3264294, 25.2318573 ], [ 55.3264461, 25.2318833 ], [ 55.326454, 25.2319126 ], [ 55.3264525, 25.2319426 ], [ 55.3264416, 25.231971 ], [ 55.3264224, 25.2319956 ], [ 55.3263963, 25.2320142 ], [ 55.3263655, 25.2320254 ], [ 55.3263324, 25.2320283 ], [ 55.3262997, 25.2320227 ], [ 55.3262701, 25.2320089 ], [ 55.326246, 25.2319882 ], [ 55.3262294, 25.2319622 ], [ 55.3262215, 25.231933 ] ] ] ] } },
{ "type": "Feature", "properties": { "osm_id": 1257831705, "osm_type": "ways_poly", "opening_hours": null, "landuse": "grass", "denomination": null, "building": null, "leisure": null, "name": null, "historic": null, "amenity": null, "religion": null }, "geometry": { "type": "MultiPolygon", "coordinates": [ [ [ [ 55.3262224, 25.2410652 ], [ 55.3262227, 25.2410142 ], [ 55.326232, 25.240964 ], [ 55.3262501, 25.2409157 ], [ 55.3262764, 25.2408706 ], [ 55.3263104, 25.2408299 ], [ 55.3263511, 25.2407947 ], [ 55.3263975, 25.2407657 ], [ 55.3264297, 25.2408208 ], [ 55.3263883, 25.240848 ], [ 55.3263529, 25.2408816 ], [ 55.3263249, 25.2409205 ], [ 55.3263051, 25.2409632 ], [ 55.3262942, 25.2410085 ], [ 55.3262925, 25.2410549 ], [ 55.3262224, 25.2410652 ] ] ] ] } },
{ "type": "Feature", "properties": { "osm_id": 1348094365, "osm_type": "ways_poly", "opening_hours": null, "landuse": "grass", "denomination": null, "building": null, "leisure": null, "name": null, "historic": null, "amenity": null, "religion": null }, "geometry": { "type": "MultiPolygon", "coordinates": [ [ [ [ 55.3772222, 25.2681395 ], [ 55.3772639, 25.2680511 ], [ 55.3773154, 25.2678442 ], [ 55.3775841, 25.2678834 ], [ 55.3775787, 25.2679415 ], [ 55.3775371, 25.2679677 ], [ 55.377509, 25.2679661 ], [ 55.3774819, 25.2679661 ], [ 55.3773977, 25.2680135 ], [ 55.3773824, 25.268034 ], [ 55.3773769, 25.268056 ], [ 55.3772342, 25.2681482 ], [ 55.3772222, 25.2681395 ] ] ] ] } },
{ "type": "Feature", "properties": { "osm_id": 1348094366, "osm_type": "ways_poly", "opening_hours": null, "landuse": "grass", "denomination": null, "building": null, "leisure": null, "name": null, "historic": null, "amenity": null, "religion": null }, "geometry": { "type": "MultiPolygon", "coordinates": [ [ [ [ 55.3773343, 25.2677985 ], [ 55.3773363, 25.2677588 ], [ 55.3773824, 25.2674555 ], [ 55.3773946, 25.2674465 ], [ 55.3776125, 25.2677764 ], [ 55.3775962, 25.2678377 ], [ 55.3773343, 25.2677985 ] ] ] ] } },
{ "type": "Feature", "properties": { "osm_id": 263601215, "osm_type": "ways_poly", "opening_hours": null, "landuse": "industrial", "denomination": null, "building": null, "leisure": null, "name": "الجداف - عالم الحوض الجاف دبي", "historic": null, "amenity": null, "religion": null }, "geometry": { "type": "MultiPolygon", "coordinates": [ [ [ [ 55.330692, 25.2127132 ], [ 55.3349592, 25.2083996 ], [ 55.3355477, 25.2091572 ], [ 55.3359149, 25.2108623 ], [ 55.3366378, 25.2123496 ], [ 55.337349, 25.2134678 ], [ 55.3386173, 25.2143794 ], [ 55.3399673, 25.2154308 ], [ 55.3409658, 25.2162004 ], [ 55.3391634, 25.2180198 ], [ 55.3390695, 25.2179518 ], [ 55.3383882, 25.2186774 ], [ 55.3383862, 25.2188504 ], [ 55.3377299, 25.2195289 ], [ 55.3359297, 25.2180866 ], [ 55.3334424, 25.2161997 ], [ 55.3324055, 25.2149742 ], [ 55.3320458, 25.2138734 ], [ 55.330692, 25.2127132 ] ] ] ] } },
{ "type": "Feature", "properties": { "osm_id": 541342447, "osm_type": "ways_poly", "opening_hours": null, "landuse": "residential", "denomination": null, "building": null, "leisure": null, "name": "Creek Gate", "historic": null, "amenity": null, "religion": null }, "geometry": { "type": "MultiPolygon", "coordinates": [ [ [ [ 55.3460831, 25.2053785 ], [ 55.3467136, 25.2051378 ], [ 55.3474722, 25.2066496 ], [ 55.3474091, 25.206767 ], [ 55.346889, 25.2069884 ], [ 55.3460831, 25.2053785 ] ] ] ] } },
{ "type": "Feature", "properties": { "osm_id": 1264541012, "osm_type": "ways_poly", "opening_hours": null, "landuse": "construction", "denomination": null, "building": null, "leisure": null, "name": null, "historic": null, "amenity": null, "religion": null }, "geometry": { "type": "MultiPolygon", "coordinates": [ [ [ [ 55.3622685, 25.2055759 ], [ 55.3627909, 25.2055173 ], [ 55.3628076, 25.2058841 ], [ 55.3623939, 25.2058822 ], [ 55.3622685, 25.2055759 ] ] ] ] } },
{ "type": "Feature", "properties": { "osm_id": 498079359, "osm_type": "ways_poly", "opening_hours": null, "landuse": "construction", "denomination": null, "building": null, "leisure": null, "name": "برج خور دبي", "historic": null, "amenity": null, "religion": null }, "geometry": { "type": "MultiPolygon", "coordinates": [ [ [ [ 55.352705, 25.1978549 ], [ 55.3527442, 25.1971133 ], [ 55.3530476, 25.1964235 ], [ 55.3535822, 25.1958603 ], [ 55.35429, 25.1954848 ], [ 55.3550942, 25.1953378 ], [ 55.3559076, 25.1954352 ], [ 55.3566418, 25.1957664 ], [ 55.3572174, 25.1962955 ], [ 55.3575717, 25.1969651 ], [ 55.3576664, 25.1977015 ], [ 55.3574919, 25.1984259 ], [ 55.3570671, 25.1990599 ], [ 55.3564379, 25.1995348 ], [ 55.3556725, 25.1997994 ], [ 55.3548536, 25.1998248 ], [ 55.3540699, 25.1996085 ], [ 55.3534061, 25.1991738 ], [ 55.3529342, 25.1985677 ], [ 55.352705, 25.1978549 ] ] ] ] } },
{ "type": "Feature", "properties": { "osm_id": 378111721, "osm_type": "ways_poly", "opening_hours": null, "landuse": "residential", "denomination": null, "building": null, "leisure": null, "name": "Al Badia Hillside Village Buildings, Dubai Festival City", "historic": null, "amenity": null, "religion": null }, "geometry": { "type": "MultiPolygon", "coordinates": [ [ [ [ 55.3614701, 25.2210469 ], [ 55.3618216, 25.2209529 ], [ 55.3619336, 25.2212954 ], [ 55.361582, 25.2213895 ], [ 55.3614701, 25.2210469 ] ] ] ] } },
{ "type": "Feature", "properties": { "osm_id": 378111730, "osm_type": "ways_poly", "opening_hours": null, "landuse": "residential", "denomination": null, "building": null, "leisure": null, "name": "Al Badia Hillside Village Buildings, Dubai Festival City", "historic": null, "amenity": null, "religion": null }, "geometry": { "type": "MultiPolygon", "coordinates": [ [ [ [ 55.3610185, 25.2210604 ], [ 55.361125, 25.2210343 ], [ 55.3611111, 25.2209879 ], [ 55.361259, 25.2209517 ], [ 55.3612736, 25.2210005 ], [ 55.3613768, 25.2209752 ], [ 55.3614695, 25.2212846 ], [ 55.3611119, 25.2213722 ], [ 55.3610185, 25.2210604 ] ] ] ] } },
{ "type": "Feature", "properties": { "osm_id": 245390216, "osm_type": "ways_poly", "opening_hours": null, "landuse": null, "denomination": null, "building": "mosque", "leisure": null, "name": null, "historic": null, "amenity": "place_of_worship", "religion": "muslim" }, "geometry": { "type": "MultiPolygon", "coordinates": [ [ [ [ 55.3966101, 25.2592501 ], [ 55.3966356, 25.2591152 ], [ 55.3968373, 25.2591463 ], [ 55.3968118, 25.2592812 ], [ 55.3966101, 25.2592501 ] ] ] ] } },
{ "type": "Feature", "properties": { "osm_id": 375186168, "osm_type": "ways_poly", "opening_hours": null, "landuse": "cemetery", "denomination": "sunni", "building": null, "leisure": null, "name": "مقبرة القصيص", "historic": null, "amenity": null, "religion": "muslim" }, "geometry": { "type": "MultiPolygon", "coordinates": [ [ [ [ 55.4172142, 25.2678158 ], [ 55.4176746, 25.2674644 ], [ 55.4227364, 25.2635924 ], [ 55.4228214, 25.2636067 ], [ 55.427934, 25.2691948 ], [ 55.4279179, 25.2692579 ], [ 55.423139, 25.2729359 ], [ 55.4218145, 25.2739141 ], [ 55.4217112, 25.2739148 ], [ 55.4202602, 25.2723411 ], [ 55.4194355, 25.2714466 ], [ 55.4183024, 25.2702231 ], [ 55.4182582, 25.270214 ], [ 55.4182401, 25.2701118 ], [ 55.4188844, 25.2696248 ], [ 55.418388, 25.2690877 ], [ 55.4178842, 25.2685427 ], [ 55.4172142, 25.2678158 ] ] ] ] } },
{ "type": "Feature", "properties": { "osm_id": 1426585307, "osm_type": "ways_poly", "opening_hours": null, "landuse": "grass", "denomination": null, "building": null, "leisure": null, "name": null, "historic": null, "amenity": null, "religion": null }, "geometry": { "type": "MultiPolygon", "coordinates": [ [ [ [ 55.3823061, 25.2554253 ], [ 55.3823104, 25.2554107 ], [ 55.3823211, 25.255399 ], [ 55.3823362, 25.2553925 ], [ 55.3823805, 25.255455 ], [ 55.3823329, 25.2554774 ], [ 55.3823154, 25.2554501 ], [ 55.3823081, 25.2554385 ], [ 55.3823061, 25.2554253 ] ] ] ] } },
{ "type": "Feature", "properties": { "osm_id": 1429712442, "osm_type": "ways_poly", "opening_hours": null, "landuse": "grass", "denomination": null, "building": null, "leisure": null, "name": null, "historic": null, "amenity": null, "religion": null }, "geometry": { "type": "MultiPolygon", "coordinates": [ [ [ [ 55.3599131, 25.267502 ], [ 55.3600621, 25.2674956 ], [ 55.3600639, 25.2675504 ], [ 55.360473, 25.2675353 ], [ 55.3604744, 25.2674739 ], [ 55.3604736, 25.2674327 ], [ 55.3605325, 25.2674317 ], [ 55.3605317, 25.2673934 ], [ 55.3605968, 25.2673923 ], [ 55.3606048, 25.2675127 ], [ 55.3606102, 25.2675957 ], [ 55.3601363, 25.2675896 ], [ 55.3601236, 25.267609 ], [ 55.3600518, 25.2676059 ], [ 55.3600161, 25.2675934 ], [ 55.3599836, 25.2675751 ], [ 55.3599554, 25.2675518 ], [ 55.3599324, 25.2675241 ], [ 55.3599131, 25.267502 ] ] ] ] } },
{ "type": "Feature", "properties": { "osm_id": 389363746, "osm_type": "ways_poly", "opening_hours": null, "landuse": "cemetery", "denomination": null, "building": null, "leisure": null, "name": "مقبرة الجداف", "historic": null, "amenity": null, "religion": null }, "geometry": { "type": "MultiPolygon", "coordinates": [ [ [ [ 55.3269611, 25.2192296 ], [ 55.3274104, 25.2189023 ], [ 55.3282022, 25.2197651 ], [ 55.3277181, 25.220107 ], [ 55.3269611, 25.2192296 ] ] ] ] } },
{ "type": "Feature", "properties": { "osm_id": 1263704506, "osm_type": "ways_poly", "opening_hours": null, "landuse": "grass", "denomination": null, "building": null, "leisure": null, "name": null, "historic": null, "amenity": null, "religion": null }, "geometry": { "type": "MultiPolygon", "coordinates": [ [ [ [ 55.3250986, 25.2345911 ], [ 55.3251757, 25.234571 ], [ 55.3254419, 25.2341422 ], [ 55.3256679, 25.2338383 ], [ 55.3258207, 25.23364 ], [ 55.3259629, 25.2334683 ], [ 55.326046, 25.2333591 ], [ 55.3260829, 25.2333659 ], [ 55.3261205, 25.2333676 ], [ 55.3261648, 25.2333632 ], [ 55.3262077, 25.2333518 ], [ 55.3262063, 25.2333755 ], [ 55.3261946, 25.2333958 ], [ 55.3260923, 25.2334956 ], [ 55.3260239, 25.2335502 ], [ 55.3258751, 25.2336855 ], [ 55.3257738, 25.2338098 ], [ 55.3256551, 25.2339784 ], [ 55.3255653, 25.2341082 ], [ 55.3254821, 25.2342453 ], [ 55.3253641, 25.2344388 ], [ 55.3252719, 25.2345792 ], [ 55.3252276, 25.2346396 ], [ 55.325181, 25.2346978 ], [ 55.3250986, 25.2345911 ] ] ] ] } },
{ "type": "Feature", "properties": { "osm_id": 593463721, "osm_type": "ways_poly", "opening_hours": null, "landuse": "grass", "denomination": null, "building": null, "leisure": null, "name": null, "historic": null, "amenity": null, "religion": null }, "geometry": { "type": "MultiPolygon", "coordinates": [ [ [ [ 55.3306139, 25.2550487 ], [ 55.3306246, 25.2550038 ], [ 55.3306554, 25.2549383 ], [ 55.3307024, 25.2548861 ], [ 55.3307895, 25.2548194 ], [ 55.3308378, 25.254857 ], [ 55.3307815, 25.2549346 ], [ 55.3307573, 25.2550062 ], [ 55.3307439, 25.2550656 ], [ 55.3306139, 25.2550487 ] ] ] ] } },
{ "type": "Feature", "properties": { "osm_id": 1263704508, "osm_type": "ways_poly", "opening_hours": null, "landuse": "grass", "denomination": null, "building": null, "leisure": null, "name": null, "historic": null, "amenity": null, "religion": null }, "geometry": { "type": "MultiPolygon", "coordinates": [ [ [ [ 55.3252709, 25.2350193 ], [ 55.325346, 25.2348384 ], [ 55.3254288, 25.2346602 ], [ 55.3255191, 25.2344851 ], [ 55.3256169, 25.2343133 ], [ 55.3257268, 25.2341375 ], [ 55.3258444, 25.233966 ], [ 55.3259696, 25.2337989 ], [ 55.3265516, 25.2330844 ], [ 55.3274384, 25.2320166 ], [ 55.3274918, 25.2320592 ], [ 55.3268722, 25.2328017 ], [ 55.3266375, 25.2330916 ], [ 55.326437, 25.2333288 ], [ 55.3260165, 25.233828 ], [ 55.3258912, 25.233994 ], [ 55.3257731, 25.2341643 ], [ 55.3256625, 25.2343387 ], [ 55.3255642, 25.2345084 ], [ 55.3254731, 25.2346813 ], [ 55.3253891, 25.2348571 ], [ 55.3253125, 25.2350357 ], [ 55.3252709, 25.2350193 ] ] ] ] } },
{ "type": "Feature", "properties": { "osm_id": 1263704513, "osm_type": "ways_poly", "opening_hours": null, "landuse": "grass", "denomination": null, "building": null, "leisure": null, "name": null, "historic": null, "amenity": null, "religion": null }, "geometry": { "type": "MultiPolygon", "coordinates": [ [ [ [ 55.3267962, 25.231259 ], [ 55.3268394, 25.2312069 ], [ 55.3271131, 25.2313928 ], [ 55.3270699, 25.2314449 ], [ 55.3267962, 25.231259 ] ] ] ] } },
{ "type": "Feature", "properties": { "osm_id": 1263704517, "osm_type": "ways_poly", "opening_hours": null, "landuse": "grass", "denomination": null, "building": null, "leisure": null, "name": null, "historic": null, "amenity": null, "religion": null }, "geometry": { "type": "MultiPolygon", "coordinates": [ [ [ [ 55.326283, 25.2310768 ], [ 55.326317, 25.2310347 ], [ 55.3264713, 25.2311365 ], [ 55.3264373, 25.2311786 ], [ 55.326283, 25.2310768 ] ] ] ] } },
{ "type": "Feature", "properties": { "osm_id": 1258659209, "osm_type": "ways_poly", "opening_hours": null, "landuse": "grass", "denomination": null, "building": null, "leisure": null, "name": null, "historic": null, "amenity": null, "religion": null }, "geometry": { "type": "MultiPolygon", "coordinates": [ [ [ [ 55.3237045, 25.2336961 ], [ 55.3237715, 25.2336703 ], [ 55.3238438, 25.2336506 ], [ 55.3239181, 25.2336383 ], [ 55.3239934, 25.2336336 ], [ 55.3240688, 25.2336364 ], [ 55.3241434, 25.2336468 ], [ 55.3242163, 25.2336646 ], [ 55.3242996, 25.23369 ], [ 55.3243777, 25.2337048 ], [ 55.32447, 25.2337117 ], [ 55.3245627, 25.2337105 ], [ 55.3246548, 25.233701 ], [ 55.3247454, 25.2336836 ], [ 55.3248337, 25.2336582 ], [ 55.3249246, 25.2336225 ], [ 55.3250109, 25.2335785 ], [ 55.3250917, 25.2335266 ], [ 55.3251661, 25.2334673 ], [ 55.3252332, 25.2334013 ], [ 55.3252923, 25.2333294 ], [ 55.3261312, 25.2323092 ], [ 55.3261574, 25.2323249 ], [ 55.3253748, 25.233273 ], [ 55.3253193, 25.2333459 ], [ 55.325257, 25.2334142 ], [ 55.3251884, 25.2334774 ], [ 55.3251177, 25.2335324 ], [ 55.3250423, 25.233582 ], [ 55.3249627, 25.2336259 ], [ 55.3248793, 25.2336636 ], [ 55.3247876, 25.2336949 ], [ 55.324693, 25.2337174 ], [ 55.3245962, 25.2337311 ], [ 55.3244984, 25.2337358 ], [ 55.3244139, 25.2337325 ], [ 55.3243301, 25.2337225 ], [ 55.3242462, 25.2337031 ], [ 55.3241818, 25.2336836 ], [ 55.3241136, 25.2336683 ], [ 55.324044, 25.2336601 ], [ 55.3239738, 25.2336592 ], [ 55.3239039, 25.2336656 ], [ 55.3238353, 25.2336791 ], [ 55.3237688, 25.2336997 ], [ 55.3237196, 25.233719 ], [ 55.3237045, 25.2336961 ] ] ] ] } },
{ "type": "Feature", "properties": { "osm_id": 1258659211, "osm_type": "ways_poly", "opening_hours": null, "landuse": "grass", "denomination": null, "building": null, "leisure": null, "name": null, "historic": null, "amenity": null, "religion": null }, "geometry": { "type": "MultiPolygon", "coordinates": [ [ [ [ 55.3253554, 25.2313556 ], [ 55.3254383, 25.2313504 ], [ 55.3255214, 25.2313533 ], [ 55.3256036, 25.2313644 ], [ 55.325684, 25.2313835 ], [ 55.3257623, 25.2314107 ], [ 55.3258368, 25.2314456 ], [ 55.3259066, 25.2314876 ], [ 55.3262258, 25.2317123 ], [ 55.3261909, 25.2317353 ], [ 55.3259039, 25.2315218 ], [ 55.3258456, 25.2314876 ], [ 55.3257881, 25.2314566 ], [ 55.3257278, 25.2314303 ], [ 55.3256652, 25.231409 ], [ 55.3255898, 25.2313906 ], [ 55.3255127, 25.2313793 ], [ 55.3254347, 25.2313753 ], [ 55.3253567, 25.2313787 ], [ 55.3253554, 25.2313556 ] ] ] ] } },
{ "type": "Feature", "properties": { "osm_id": 389367466, "osm_type": "ways_poly", "opening_hours": null, "landuse": null, "denomination": null, "building": null, "leisure": "park", "name": null, "historic": null, "amenity": null, "religion": null }, "geometry": { "type": "MultiPolygon", "coordinates": [ [ [ [ 55.3239995, 25.2237817 ], [ 55.3241605, 25.2237635 ], [ 55.3241772, 25.223886 ], [ 55.3242024, 25.2241592 ], [ 55.3242126, 25.2241584 ], [ 55.3243133, 25.224933 ], [ 55.3244126, 25.2250143 ], [ 55.3253366, 25.2249755 ], [ 55.3253366, 25.2250713 ], [ 55.3255184, 25.2250774 ], [ 55.3257, 25.2250871 ], [ 55.3259314, 25.2251047 ], [ 55.3261621, 25.2251282 ], [ 55.326392, 25.2251575 ], [ 55.3266473, 25.2251885 ], [ 55.3269017, 25.2252254 ], [ 55.3271669, 25.2252704 ], [ 55.3274307, 25.2253218 ], [ 55.3276929, 25.2253795 ], [ 55.3279611, 25.2254584 ], [ 55.3279583, 25.2254829 ], [ 55.3276205, 25.2254159 ], [ 55.327249, 25.2253662 ], [ 55.327046, 25.2253425 ], [ 55.3268427, 25.2253213 ], [ 55.3266787, 25.2253 ], [ 55.3265154, 25.2252752 ], [ 55.3262957, 25.2252459 ], [ 55.3260755, 25.2252194 ], [ 55.325841, 25.2251941 ], [ 55.3256994, 25.2251793 ], [ 55.3255728, 25.2251718 ], [ 55.3254459, 25.2251696 ], [ 55.325293, 25.2251369 ], [ 55.3249973, 25.2251363 ], [ 55.3248404, 25.2251702 ], [ 55.3245521, 25.2251884 ], [ 55.3245063, 25.2251915 ], [ 55.3244606, 25.2251874 ], [ 55.3244164, 25.2251763 ], [ 55.3243748, 25.2251585 ], [ 55.3243373, 25.2251346 ], [ 55.3243047, 25.2251053 ], [ 55.3242782, 25.2250713 ], [ 55.3242585, 25.2250338 ], [ 55.3242461, 25.2249938 ], [ 55.3242415, 25.2249525 ], [ 55.3242168, 25.2247377 ], [ 55.324172, 25.224497 ], [ 55.3241208, 25.2242574 ], [ 55.3240633, 25.2240189 ], [ 55.3239995, 25.2237817 ] ] ] ] } },
{ "type": "Feature", "properties": { "osm_id": 530975835, "osm_type": "ways_poly", "opening_hours": null, "landuse": "industrial", "denomination": null, "building": null, "leisure": null, "name": null, "historic": null, "amenity": null, "religion": null }, "geometry": { "type": "MultiPolygon", "coordinates": [ [ [ [ 55.332, 25.2061321 ], [ 55.3323693, 25.2057442 ], [ 55.332683, 25.205413 ], [ 55.3326078, 25.2053541 ], [ 55.3330834, 25.2048778 ], [ 55.3329472, 25.2047729 ], [ 55.333026, 25.20469 ], [ 55.3333973, 25.2049725 ], [ 55.3333083, 25.2050731 ], [ 55.3331324, 25.2049381 ], [ 55.3329808, 25.2050972 ], [ 55.3327166, 25.2053828 ], [ 55.3329177, 25.2055381 ], [ 55.3328668, 25.2055963 ], [ 55.3329258, 25.20564 ], [ 55.3329821, 25.2055794 ], [ 55.3331549, 25.2056926 ], [ 55.3329127, 25.2058121 ], [ 55.3323191, 25.2064135 ], [ 55.332, 25.2061321 ] ] ] ] } },
{ "type": "Feature", "properties": { "osm_id": 1426637520, "osm_type": "ways_poly", "opening_hours": null, "landuse": "grass", "denomination": null, "building": null, "leisure": null, "name": null, "historic": null, "amenity": null, "religion": null }, "geometry": { "type": "MultiPolygon", "coordinates": [ [ [ [ 55.390141, 25.2321376 ], [ 55.3901425, 25.2321196 ], [ 55.390151, 25.2321032 ], [ 55.3901652, 25.2320906 ], [ 55.3903119, 25.2320073 ], [ 55.3905032, 25.2318883 ], [ 55.3908858, 25.2316638 ], [ 55.3910382, 25.2315798 ], [ 55.3911938, 25.2315006 ], [ 55.3913522, 25.2314262 ], [ 55.3915134, 25.2313568 ], [ 55.3917025, 25.2312774 ], [ 55.3917096, 25.2313649 ], [ 55.3915607, 25.2314312 ], [ 55.3913427, 25.2315339 ], [ 55.3911319, 25.2316407 ], [ 55.3910067, 25.2317082 ], [ 55.3908831, 25.2317779 ], [ 55.3906417, 25.2319185 ], [ 55.3904132, 25.2320539 ], [ 55.3903794, 25.2320747 ], [ 55.390409, 25.2321095 ], [ 55.390408, 25.2321264 ], [ 55.3904022, 25.2321396 ], [ 55.3903872, 25.2321592 ], [ 55.3903667, 25.2321743 ], [ 55.3903193, 25.2321967 ], [ 55.390286, 25.2322044 ], [ 55.3902502, 25.2322047 ], [ 55.3902154, 25.2321972 ], [ 55.3901726, 25.2321778 ], [ 55.3901575, 25.2321683 ], [ 55.3901466, 25.2321549 ], [ 55.390141, 25.2321376 ] ] ] ] } },
{ "type": "Feature", "properties": { "osm_id": 1134490286, "osm_type": "ways_poly", "opening_hours": null, "landuse": "residential", "denomination": null, "building": null, "leisure": null, "name": "المزهر 2", "historic": null, "amenity": null, "religion": null }, "geometry": { "type": "MultiPolygon", "coordinates": [ [ [ [ 55.4511123, 25.2313779 ], [ 55.4512248, 25.2311331 ], [ 55.451336, 25.2309225 ], [ 55.4529072, 25.2306403 ], [ 55.4550985, 25.2303176 ], [ 55.457036, 25.2300291 ], [ 55.459455, 25.2297052 ], [ 55.4619964, 25.2293674 ], [ 55.4628103, 25.2292617 ], [ 55.4633356, 25.2292364 ], [ 55.4637961, 25.2292189 ], [ 55.4644843, 25.2292438 ], [ 55.4647206, 25.2293827 ], [ 55.4648744, 25.2295511 ], [ 55.4649769, 25.2297961 ], [ 55.4650443, 25.2301088 ], [ 55.4654426, 25.2319557 ], [ 55.4658761, 25.2340633 ], [ 55.4661867, 25.2355561 ], [ 55.4666373, 25.2377863 ], [ 55.4671846, 25.2405242 ], [ 55.467603, 25.2425966 ], [ 55.4679899, 25.2444804 ], [ 55.4683143, 25.2461012 ], [ 55.4685917, 25.2474214 ], [ 55.4688137, 25.2485688 ], [ 55.4689087, 25.2493835 ], [ 55.4689737, 25.2500155 ], [ 55.4689703, 25.2508651 ], [ 55.4689189, 25.2517733 ], [ 55.4689369, 25.2529434 ], [ 55.4690589, 25.2540148 ], [ 55.4691445, 25.2544718 ], [ 55.4691753, 25.2547011 ], [ 55.4691378, 25.2548454 ], [ 55.4690684, 25.2549614 ], [ 55.4689775, 25.2550576 ], [ 55.4688628, 25.2551204 ], [ 55.4686544, 25.2551765 ], [ 55.4679809, 25.2552911 ], [ 55.4614735, 25.2564465 ], [ 55.4569967, 25.2571339 ], [ 55.456394, 25.25718 ], [ 55.4562298, 25.2571216 ], [ 55.4560986, 25.2570047 ], [ 55.4559916, 25.2568921 ], [ 55.4559098, 25.256623 ], [ 55.4557719, 25.2560938 ], [ 55.4555064, 25.2547312 ], [ 55.4552321, 25.2532191 ], [ 55.4548571, 25.2512978 ], [ 55.4545457, 25.249637 ], [ 55.4542514, 25.2480876 ], [ 55.4539536, 25.2465201 ], [ 55.4534847, 25.244088 ], [ 55.4532055, 25.2425446 ], [ 55.4532019, 25.2424103 ], [ 55.4532304, 25.2423247 ], [ 55.4532507, 25.2422656 ], [ 55.4532572, 25.2422023 ], [ 55.4532266, 25.2421343 ], [ 55.4531818, 25.2420699 ], [ 55.453112, 25.2420002 ], [ 55.4530915, 25.2419304 ], [ 55.453057, 25.241761 ], [ 55.4527309, 25.2400568 ], [ 55.4522982, 25.2377682 ], [ 55.4519133, 25.2356737 ], [ 55.4513316, 25.2326308 ], [ 55.4511123, 25.2313779 ] ] ] ] } },
{ "type": "Feature", "properties": { "osm_id": 462319147, "osm_type": "ways_poly", "opening_hours": "08:00-22:00", "landuse": null, "denomination": null, "building": null, "leisure": "park", "name": "الحديقة القرآنية", "historic": null, "amenity": null, "religion": null }, "geometry": { "type": "MultiPolygon", "coordinates": [ [ [ [ 55.4682168, 25.2369472 ], [ 55.4692489, 25.2367587 ], [ 55.4692935, 25.2369514 ], [ 55.4695884, 25.2369018 ], [ 55.4695839, 25.2368745 ], [ 55.4695777, 25.2368476 ], [ 55.4695515, 25.2367183 ], [ 55.4701098, 25.2366303 ], [ 55.4720999, 25.2363168 ], [ 55.4758793, 25.2357213 ], [ 55.4763893, 25.2360424 ], [ 55.4769885, 25.239025 ], [ 55.4775846, 25.2419917 ], [ 55.477475, 25.2421136 ], [ 55.4699994, 25.2433707 ], [ 55.4694859, 25.243457 ], [ 55.4688407, 25.2401477 ], [ 55.4682168, 25.2369472 ] ] ] ] } },
{ "type": "Feature", "properties": { "osm_id": 204274796, "osm_type": "ways_poly", "opening_hours": null, "landuse": "construction", "denomination": null, "building": null, "leisure": null, "name": null, "historic": null, "amenity": null, "religion": null }, "geometry": { "type": "MultiPolygon", "coordinates": [ [ [ [ 55.4773351, 25.2687737 ], [ 55.4774479, 25.2687272 ], [ 55.4779104, 25.2685331 ], [ 55.4779881, 25.2685501 ], [ 55.4788958, 25.2682025 ], [ 55.4792488, 25.2680436 ], [ 55.4793551, 25.2679999 ], [ 55.4804354, 25.2676325 ], [ 55.4826295, 25.2668174 ], [ 55.4829815, 25.2666738 ], [ 55.4830216, 25.2667637 ], [ 55.4820107, 25.2689824 ], [ 55.4818252, 25.2694036 ], [ 55.4818024, 25.2694545 ], [ 55.4816007, 25.269896 ], [ 55.4814667, 25.2700212 ], [ 55.4805453, 25.2703676 ], [ 55.4784174, 25.2711716 ], [ 55.4777577, 25.2697145 ], [ 55.4773351, 25.2687737 ] ] ] ] } },
{ "type": "Feature", "properties": { "osm_id": 183248446, "osm_type": "ways_poly", "opening_hours": null, "landuse": "residential", "denomination": null, "building": null, "leisure": null, "name": "منطقة 2", "historic": null, "amenity": null, "religion": null }, "geometry": { "type": "MultiPolygon", "coordinates": [ [ [ [ 55.4526971, 25.2647045 ], [ 55.4528023, 25.2645637 ], [ 55.4542313, 25.2643649 ], [ 55.4562484, 25.2640641 ], [ 55.4569425, 25.2644866 ], [ 55.4573105, 25.2665188 ], [ 55.4581151, 25.2685343 ], [ 55.4570904, 25.2687413 ], [ 55.456131, 25.2689224 ], [ 55.4556154, 25.269022 ], [ 55.4555295, 25.2693713 ], [ 55.4552935, 25.269594 ], [ 55.4547608, 25.269747 ], [ 55.4544784, 25.2697233 ], [ 55.4534978, 25.269498 ], [ 55.4534361, 25.2691972 ], [ 55.4534374, 25.2687698 ], [ 55.4533945, 25.2682944 ], [ 55.4533322, 25.2679507 ], [ 55.4526971, 25.2647045 ] ] ] ] } },
{ "type": "Feature", "properties": { "osm_id": 213547326, "osm_type": "ways_poly", "opening_hours": null, "landuse": "grass", "denomination": null, "building": null, "leisure": null, "name": null, "historic": null, "amenity": null, "religion": null }, "geometry": { "type": "MultiPolygon", "coordinates": [ [ [ [ 55.361679, 25.2132812 ], [ 55.3617325, 25.2131844 ], [ 55.361817, 25.213113 ], [ 55.3618339, 25.213034 ], [ 55.3618057, 25.2130009 ], [ 55.3617917, 25.2128531 ], [ 55.361924, 25.2126085 ], [ 55.3619916, 25.2125677 ], [ 55.3623652, 25.2124807 ], [ 55.3624863, 25.2125163 ], [ 55.3625539, 25.2125979 ], [ 55.3626891, 25.2128196 ], [ 55.362737, 25.213031 ], [ 55.3627482, 25.2131279 ], [ 55.3628186, 25.2132247 ], [ 55.3628609, 25.2134107 ], [ 55.3628553, 25.2135432 ], [ 55.36292, 25.213668 ], [ 55.3629904, 25.2137929 ], [ 55.3630186, 25.2138846 ], [ 55.3630524, 25.2139585 ], [ 55.363058, 25.2140426 ], [ 55.3630552, 25.2141037 ], [ 55.3630271, 25.2142566 ], [ 55.3630158, 25.2143025 ], [ 55.3631059, 25.214514 ], [ 55.3631256, 25.2146082 ], [ 55.3630946, 25.2147025 ], [ 55.3630806, 25.2148274 ], [ 55.3630918, 25.2149089 ], [ 55.3630709, 25.2150833 ], [ 55.3630012, 25.2151734 ], [ 55.3629176, 25.2152689 ], [ 55.3626733, 25.2153208 ], [ 55.3625086, 25.2153341 ], [ 55.3623906, 25.215348 ], [ 55.3623361, 25.215324 ], [ 55.3623222, 25.2152725 ], [ 55.3623261, 25.215204 ], [ 55.3623261, 25.21515 ], [ 55.3622883, 25.2151157 ], [ 55.3622266, 25.2150977 ], [ 55.3621907, 25.2150743 ], [ 55.3621768, 25.2150112 ], [ 55.3621808, 25.2149644 ], [ 55.3619212, 25.2144584 ], [ 55.361879, 25.2142418 ], [ 55.3617494, 25.2138647 ], [ 55.3617494, 25.2137398 ], [ 55.3617663, 25.2136532 ], [ 55.3617579, 25.2135666 ], [ 55.3617015, 25.2134544 ], [ 55.3616903, 25.21335 ], [ 55.361679, 25.2132812 ] ] ] ] } },
{ "type": "Feature", "properties": { "osm_id": 1126874637, "osm_type": "ways_poly", "opening_hours": null, "landuse": "industrial", "denomination": null, "building": "yes", "leisure": null, "name": null, "historic": null, "amenity": null, "religion": null }, "geometry": { "type": "MultiPolygon", "coordinates": [ [ [ [ 55.345928, 25.2043617 ], [ 55.3462529, 25.2042262 ], [ 55.3464342, 25.2045823 ], [ 55.346306, 25.2046358 ], [ 55.3462691, 25.2045634 ], [ 55.3461495, 25.2046133 ], [ 55.3460643, 25.2044461 ], [ 55.3459874, 25.2044782 ], [ 55.345928, 25.2043617 ] ] ] ] } },
{ "type": "Feature", "properties": { "osm_id": 1264556838, "osm_type": "ways_poly", "opening_hours": null, "landuse": "construction", "denomination": null, "building": null, "leisure": null, "name": null, "historic": null, "amenity": null, "religion": null }, "geometry": { "type": "MultiPolygon", "coordinates": [ [ [ [ 55.3610812, 25.1991052 ], [ 55.361201, 25.1986867 ], [ 55.3618121, 25.1988175 ], [ 55.3617254, 25.1992247 ], [ 55.3610812, 25.1991052 ] ] ] ] } },
{ "type": "Feature", "properties": { "osm_id": 1264556840, "osm_type": "ways_poly", "opening_hours": null, "landuse": "construction", "denomination": null, "building": null, "leisure": null, "name": null, "historic": null, "amenity": null, "religion": null }, "geometry": { "type": "MultiPolygon", "coordinates": [ [ [ [ 55.3612795, 25.1982122 ], [ 55.3613455, 25.1979693 ], [ 55.3620599, 25.1981636 ], [ 55.3620269, 25.198343 ], [ 55.3612795, 25.1982122 ] ] ] ] } },
{ "type": "Feature", "properties": { "osm_id": 1264556841, "osm_type": "ways_poly", "opening_hours": null, "landuse": "construction", "denomination": null, "building": null, "leisure": null, "name": null, "historic": null, "amenity": null, "religion": null }, "geometry": { "type": "MultiPolygon", "coordinates": [ [ [ [ 55.3614942, 25.1976331 ], [ 55.3617296, 25.1976667 ], [ 55.361998, 25.1976966 ], [ 55.3621218, 25.1977377 ], [ 55.3620145, 25.1980179 ], [ 55.3615148, 25.1979507 ], [ 55.3615148, 25.1977937 ], [ 55.3614942, 25.1976331 ] ] ] ] } },
{ "type": "Feature", "properties": { "osm_id": 1264557596, "osm_type": "ways_poly", "opening_hours": null, "landuse": "construction", "denomination": null, "building": null, "leisure": null, "name": null, "historic": null, "amenity": null, "religion": null }, "geometry": { "type": "MultiPolygon", "coordinates": [ [ [ [ 55.3569976, 25.2064941 ], [ 55.3575837, 25.2062984 ], [ 55.3576221, 25.2065068 ], [ 55.357043, 25.2066646 ], [ 55.3569976, 25.2064941 ] ] ] ] } },
{ "type": "Feature", "properties": { "osm_id": 1264541006, "osm_type": "ways_poly", "opening_hours": null, "landuse": "construction", "denomination": null, "building": null, "leisure": null, "name": null, "historic": null, "amenity": null, "religion": null }, "geometry": { "type": "MultiPolygon", "coordinates": [ [ [ [ 55.3588342, 25.206697 ], [ 55.3591462, 25.2066256 ], [ 55.3591932, 25.2068875 ], [ 55.3588473, 25.2069402 ], [ 55.3588342, 25.206697 ] ] ] ] } },
{ "type": "Feature", "properties": { "osm_id": 1264541007, "osm_type": "ways_poly", "opening_hours": null, "landuse": "construction", "denomination": null, "building": null, "leisure": null, "name": null, "historic": null, "amenity": null, "religion": null }, "geometry": { "type": "MultiPolygon", "coordinates": [ [ [ [ 55.3592477, 25.2066205 ], [ 55.3596123, 25.206527 ], [ 55.3596104, 25.206811 ], [ 55.3592871, 25.2068671 ], [ 55.3592477, 25.2066205 ] ] ] ] } },
{ "type": "Feature", "properties": { "osm_id": 570444833, "osm_type": "ways_poly", "opening_hours": null, "landuse": "residential", "denomination": null, "building": null, "leisure": null, "name": "Creek Edge", "historic": null, "amenity": null, "religion": null }, "geometry": { "type": "MultiPolygon", "coordinates": [ [ [ [ 55.3446655, 25.2102982 ], [ 55.3450172, 25.2095113 ], [ 55.3452302, 25.2095593 ], [ 55.3454989, 25.2095905 ], [ 55.3457587, 25.2095906 ], [ 55.3459637, 25.2095701 ], [ 55.3461762, 25.2104227 ], [ 55.3458943, 25.2104918 ], [ 55.3456365, 25.2105278 ], [ 55.3454013, 25.2105392 ], [ 55.3451627, 25.2105302 ], [ 55.3449651, 25.2105068 ], [ 55.3446655, 25.2102982 ] ] ] ] } },
{ "type": "Feature", "properties": { "osm_id": 541342444, "osm_type": "ways_poly", "opening_hours": null, "landuse": "residential", "denomination": null, "building": null, "leisure": null, "name": "17 Icon Bay", "historic": null, "amenity": null, "religion": null }, "geometry": { "type": "MultiPolygon", "coordinates": [ [ [ [ 55.3450789, 25.2034874 ], [ 55.3455378, 25.2030643 ], [ 55.3461819, 25.2041247 ], [ 55.3456044, 25.2043931 ], [ 55.3450789, 25.2034874 ] ] ] ] } },
{ "type": "Feature", "properties": { "osm_id": 618747501, "osm_type": "ways_poly", "opening_hours": null, "landuse": "residential", "denomination": null, "building": null, "leisure": null, "name": "Substation", "historic": null, "amenity": null, "religion": null }, "geometry": { "type": "MultiPolygon", "coordinates": [ [ [ [ 55.3456661, 25.2044257 ], [ 55.3462506, 25.2041702 ], [ 55.3464924, 25.2046232 ], [ 55.3459078, 25.2048786 ], [ 55.3456661, 25.2044257 ] ] ] ] } },
{ "type": "Feature", "properties": { "osm_id": 488231360, "osm_type": "ways_poly", "opening_hours": null, "landuse": "grass", "denomination": null, "building": null, "leisure": null, "name": null, "historic": null, "amenity": null, "religion": null }, "geometry": { "type": "MultiPolygon", "coordinates": [ [ [ [ 55.3293953, 25.2486219 ], [ 55.3294977, 25.2485387 ], [ 55.3295311, 25.2485723 ], [ 55.3294287, 25.2486555 ], [ 55.3293953, 25.2486219 ] ] ] ] } },
{ "type": "Feature", "properties": { "osm_id": 488231361, "osm_type": "ways_poly", "opening_hours": null, "landuse": "grass", "denomination": null, "building": null, "leisure": null, "name": null, "historic": null, "amenity": null, "religion": null }, "geometry": { "type": "MultiPolygon", "coordinates": [ [ [ [ 55.3291754, 25.2487935 ], [ 55.3292778, 25.2487103 ], [ 55.3293112, 25.248744 ], [ 55.3292087, 25.2488272 ], [ 55.3291754, 25.2487935 ] ] ] ] } },
{ "type": "Feature", "properties": { "osm_id": 627292093, "osm_type": "ways_poly", "opening_hours": null, "landuse": null, "denomination": null, "building": "mosque", "leisure": null, "name": null, "historic": null, "amenity": "place_of_worship", "religion": "muslim" }, "geometry": { "type": "MultiPolygon", "coordinates": [ [ [ [ 55.3381303, 25.2579192 ], [ 55.3381751, 25.257887 ], [ 55.3381761, 25.2578612 ], [ 55.3382259, 25.2578622 ], [ 55.3382564, 25.257841 ], [ 55.3382767, 25.2578823 ], [ 55.3383087, 25.2578824 ], [ 55.3383737, 25.2578476 ], [ 55.3383298, 25.2577805 ], [ 55.3383833, 25.2577518 ], [ 55.338568, 25.2580336 ], [ 55.3385161, 25.2580614 ], [ 55.338448, 25.2579575 ], [ 55.3382597, 25.2580584 ], [ 55.3382389, 25.2580267 ], [ 55.3382708, 25.2580096 ], [ 55.3382493, 25.2580056 ], [ 55.3382117, 25.2580285 ], [ 55.3381893, 25.2579982 ], [ 55.338148, 25.257986 ], [ 55.3381629, 25.2579476 ], [ 55.3381303, 25.2579192 ] ] ] ] } },
{ "type": "Feature", "properties": { "osm_id": 593463768, "osm_type": "ways_poly", "opening_hours": null, "landuse": "commercial", "denomination": null, "building": null, "leisure": null, "name": null, "historic": null, "amenity": null, "religion": null }, "geometry": { "type": "MultiPolygon", "coordinates": [ [ [ [ 55.3322953, 25.2553416 ], [ 55.3327264, 25.2552532 ], [ 55.3328082, 25.2552749 ], [ 55.3329863, 25.2560626 ], [ 55.3329375, 25.2560722 ], [ 55.332541, 25.25615 ], [ 55.3324686, 25.2561087 ], [ 55.332305, 25.2553845 ], [ 55.3322953, 25.2553416 ] ] ] ] } },
{ "type": "Feature", "properties": { "osm_id": 1072525966, "osm_type": "ways_poly", "opening_hours": null, "landuse": "grass", "denomination": null, "building": null, "leisure": null, "name": null, "historic": null, "amenity": null, "religion": null }, "geometry": { "type": "MultiPolygon", "coordinates": [ [ [ [ 55.3358128, 25.2517175 ], [ 55.3358181, 25.2515099 ], [ 55.3360207, 25.2513887 ], [ 55.3360061, 25.2518192 ], [ 55.3360191, 25.2520636 ], [ 55.3358789, 25.252074 ], [ 55.3358428, 25.2519474 ], [ 55.3358128, 25.2517175 ] ] ] ] } },
{ "type": "Feature", "properties": { "osm_id": 1427923646, "osm_type": "ways_poly", "opening_hours": null, "landuse": "grass", "denomination": null, "building": null, "leisure": null, "name": null, "historic": null, "amenity": null, "religion": null }, "geometry": { "type": "MultiPolygon", "coordinates": [ [ [ [ 55.3377479, 25.2591725 ], [ 55.3377767, 25.2590949 ], [ 55.3378181, 25.2590317 ], [ 55.3378673, 25.2589732 ], [ 55.3379235, 25.2589202 ], [ 55.3379877, 25.2588724 ], [ 55.3380577, 25.2588317 ], [ 55.3380697, 25.2588215 ], [ 55.3380853, 25.2588167 ], [ 55.3381017, 25.2588182 ], [ 55.338116, 25.2588256 ], [ 55.338126, 25.2588386 ], [ 55.3381287, 25.2588541 ], [ 55.3381643, 25.2590879 ], [ 55.3381586, 25.259098 ], [ 55.3381482, 25.2591043 ], [ 55.3381358, 25.2591052 ], [ 55.3381269, 25.259102 ], [ 55.33812, 25.2590961 ], [ 55.3380901, 25.2590753 ], [ 55.3380561, 25.2590606 ], [ 55.3380195, 25.2590524 ], [ 55.3379819, 25.2590512 ], [ 55.3379503, 25.2590557 ], [ 55.3379191, 25.259065 ], [ 55.3378894, 25.2590776 ], [ 55.3378615, 25.2590932 ], [ 55.3378357, 25.2591116 ], [ 55.3378125, 25.2591326 ], [ 55.3377921, 25.2591558 ], [ 55.3377749, 25.2591811 ], [ 55.3377479, 25.2591725 ] ] ] ] } },
{ "type": "Feature", "properties": { "osm_id": 1119563227, "osm_type": "ways_poly", "opening_hours": null, "landuse": null, "denomination": null, "building": "mosque", "leisure": null, "name": null, "historic": null, "amenity": "place_of_worship", "religion": "muslim" }, "geometry": { "type": "MultiPolygon", "coordinates": [ [ [ [ 55.3916586, 25.2615279 ], [ 55.3916764, 25.2613718 ], [ 55.3918229, 25.2613855 ], [ 55.3918074, 25.2615211 ], [ 55.3918024, 25.2615643 ], [ 55.3917332, 25.2615579 ], [ 55.3917358, 25.2615351 ], [ 55.3916586, 25.2615279 ] ] ] ] } },
{ "type": "Feature", "properties": { "osm_id": 1264556839, "osm_type": "ways_poly", "opening_hours": null, "landuse": "construction", "denomination": null, "building": null, "leisure": null, "name": null, "historic": null, "amenity": null, "religion": null }, "geometry": { "type": "MultiPolygon", "coordinates": [ [ [ [ 55.3616346, 25.1986867 ], [ 55.3617667, 25.1983542 ], [ 55.3619608, 25.1983953 ], [ 55.3618658, 25.1987502 ], [ 55.3618644, 25.1987498 ], [ 55.3617657, 25.1987227 ], [ 55.3616597, 25.1986936 ], [ 55.3616346, 25.1986867 ] ] ] ] } },
{ "type": "Feature", "properties": { "osm_id": 1264541015, "osm_type": "ways_poly", "opening_hours": null, "landuse": "construction", "denomination": null, "building": null, "leisure": null, "name": null, "historic": null, "amenity": null, "religion": null }, "geometry": { "type": "MultiPolygon", "coordinates": [ [ [ [ 55.3617232, 25.204487 ], [ 55.3625172, 25.2043962 ], [ 55.3626195, 25.2045116 ], [ 55.3626404, 25.2047214 ], [ 55.361859, 25.2047725 ], [ 55.3617232, 25.204487 ] ] ] ] } },
{ "type": "Feature", "properties": { "osm_id": 244497640, "osm_type": "ways_poly", "opening_hours": null, "landuse": null, "denomination": null, "building": "mosque", "leisure": null, "name": null, "historic": null, "amenity": "place_of_worship", "religion": "muslim" }, "geometry": { "type": "MultiPolygon", "coordinates": [ [ [ [ 55.3834589, 25.2573446 ], [ 55.3834936, 25.2571834 ], [ 55.3836762, 25.2572156 ], [ 55.3836414, 25.2573768 ], [ 55.3834589, 25.2573446 ] ] ] ] } },
{ "type": "Feature", "properties": { "osm_id": 1426585311, "osm_type": "ways_poly", "opening_hours": null, "landuse": "grass", "denomination": null, "building": null, "leisure": null, "name": null, "historic": null, "amenity": null, "religion": null }, "geometry": { "type": "MultiPolygon", "coordinates": [ [ [ [ 55.3865442, 25.2552794 ], [ 55.3866124, 25.2551651 ], [ 55.3866448, 25.255199 ], [ 55.3866709, 25.2552404 ], [ 55.3866912, 25.2552844 ], [ 55.3867052, 25.2553304 ], [ 55.3867131, 25.2553817 ], [ 55.3865442, 25.2552794 ] ] ] ] } },
{ "type": "Feature", "properties": { "osm_id": 1154053782, "osm_type": "ways_poly", "opening_hours": null, "landuse": "residential", "denomination": null, "building": null, "leisure": null, "name": "ند الحمر", "historic": null, "amenity": null, "religion": null }, "geometry": { "type": "MultiPolygon", "coordinates": [ [ [ [ 55.3707923, 25.1849211 ], [ 55.3736384, 25.1843038 ], [ 55.3748695, 25.1840443 ], [ 55.3768486, 25.1836778 ], [ 55.379206, 25.183228 ], [ 55.3802104, 25.1830389 ], [ 55.3822594, 25.1826905 ], [ 55.3833765, 25.1824729 ], [ 55.3842421, 25.1823071 ], [ 55.3842734, 25.1822994 ], [ 55.3854191, 25.1820474 ], [ 55.3868735, 25.1817727 ], [ 55.3870738, 25.1817346 ], [ 55.3882528, 25.1814794 ], [ 55.3896656, 25.1812388 ], [ 55.3928548, 25.1806689 ], [ 55.3955829, 25.1801346 ], [ 55.3969292, 25.1798898 ], [ 55.397022, 25.1810729 ], [ 55.397101, 25.1824263 ], [ 55.3971269, 25.18321 ], [ 55.3971386, 25.1838461 ], [ 55.3971185, 25.1847206 ], [ 55.3970846, 25.1859788 ], [ 55.3969759, 25.1886284 ], [ 55.3969286, 25.1898158 ], [ 55.3968753, 25.1911496 ], [ 55.3967876, 25.1933501 ], [ 55.3967604, 25.1940308 ], [ 55.3967251, 25.194915 ], [ 55.3966884, 25.1958347 ], [ 55.3966802, 25.1964015 ], [ 55.396669, 25.1973688 ], [ 55.3968369, 25.1984947 ], [ 55.3971254, 25.1997331 ], [ 55.3974393, 25.2007116 ], [ 55.3978008, 25.2015353 ], [ 55.3983562, 25.2028087 ], [ 55.3996757, 25.2056101 ], [ 55.4005033, 25.2073621 ], [ 55.4010371, 25.2086132 ], [ 55.4026609, 25.2121835 ], [ 55.399599, 25.2122153 ], [ 55.3983326, 25.2122332 ], [ 55.3977935, 25.2122525 ], [ 55.3963344, 25.2123663 ], [ 55.3953808, 25.212456 ], [ 55.394313, 25.2125317 ], [ 55.3929064, 25.2126314 ], [ 55.3921709, 25.2126835 ], [ 55.3905526, 25.212792 ], [ 55.3901041, 25.2128037 ], [ 55.3889159, 25.2128658 ], [ 55.388122, 25.2129259 ], [ 55.3872846, 25.2129666 ], [ 55.3861561, 25.213016 ], [ 55.3848148, 25.213084 ], [ 55.3836772, 25.2131808 ], [ 55.3832156, 25.2132251 ], [ 55.3828236, 25.2132682 ], [ 55.3825129, 25.2133024 ], [ 55.3821658, 25.2133702 ], [ 55.38189, 25.213424 ], [ 55.3815765, 25.2135113 ], [ 55.3812806, 25.2136218 ], [ 55.3808766, 25.2137828 ], [ 55.3806277, 25.2139036 ], [ 55.3804565, 25.2139892 ], [ 55.3802926, 25.2140765 ], [ 55.3800268, 25.2142351 ], [ 55.3798174, 25.2143939 ], [ 55.3794708, 25.2146734 ], [ 55.3789528, 25.2150911 ], [ 55.3783541, 25.2156017 ], [ 55.3766616, 25.2170229 ], [ 55.3766638, 25.2166412 ], [ 55.3766559, 25.2158865 ], [ 55.3766551, 25.215321 ], [ 55.376631, 25.2146055 ], [ 55.3765968, 25.2140679 ], [ 55.3765566, 25.2137491 ], [ 55.3765219, 25.2135271 ], [ 55.3764061, 25.212942 ], [ 55.3763129, 25.2125529 ], [ 55.37626, 25.2122637 ], [ 55.3762276, 25.2119534 ], [ 55.3761831, 25.211438 ], [ 55.3761629, 25.210952 ], [ 55.376168, 25.210619 ], [ 55.3761991, 25.2099949 ], [ 55.3763491, 25.2085952 ], [ 55.3764373, 25.2071509 ], [ 55.3764401, 25.206404 ], [ 55.3763785, 25.2053056 ], [ 55.3762368, 25.2042023 ], [ 55.3761135, 25.2034837 ], [ 55.375842, 25.2023877 ], [ 55.3753245, 25.2005251 ], [ 55.3749395, 25.1992769 ], [ 55.3740849, 25.1963171 ], [ 55.3729696, 25.1927595 ], [ 55.3726484, 25.1916376 ], [ 55.3723472, 25.1906388 ], [ 55.3722438, 25.1901485 ], [ 55.3716641, 25.1878793 ], [ 55.3712549, 25.1865675 ], [ 55.3707932, 25.1849243 ], [ 55.3707923, 25.1849211 ] ] ] ] } },
{ "type": "Feature", "properties": { "osm_id": 1190947327, "osm_type": "ways_poly", "opening_hours": null, "landuse": null, "denomination": null, "building": "yes", "leisure": null, "name": null, "historic": null, "amenity": "place_of_worship", "religion": "muslim" }, "geometry": { "type": "MultiPolygon", "coordinates": [ [ [ [ 55.3949152, 25.1885685 ], [ 55.3949923, 25.1883503 ], [ 55.395055, 25.1883338 ], [ 55.3952423, 25.1883837 ], [ 55.3951725, 25.1885978 ], [ 55.3951147, 25.1885823 ], [ 55.3951025, 25.1886195 ], [ 55.3949603, 25.1885816 ], [ 55.3949152, 25.1885685 ] ] ] ] } },
{ "type": "Feature", "properties": { "osm_id": 409858299, "osm_type": "ways_poly", "opening_hours": null, "landuse": null, "denomination": null, "building": "yes", "leisure": null, "name": "مسجد الفتح", "historic": null, "amenity": "place_of_worship", "religion": "muslim" }, "geometry": { "type": "MultiPolygon", "coordinates": [ [ [ [ 55.4449197, 25.2413472 ], [ 55.4449371, 25.2412811 ], [ 55.4449317, 25.2412774 ], [ 55.444925, 25.2412689 ], [ 55.4449237, 25.241258 ], [ 55.4449304, 25.2412447 ], [ 55.4449398, 25.2412429 ], [ 55.4449539, 25.2412416 ], [ 55.4449713, 25.2411846 ], [ 55.445039, 25.2411968 ], [ 55.4450504, 25.2411337 ], [ 55.4451805, 25.2411737 ], [ 55.4451684, 25.2412216 ], [ 55.4451785, 25.2412247 ], [ 55.4451222, 25.2414121 ], [ 55.4450886, 25.241406 ], [ 55.4450947, 25.2413799 ], [ 55.4449197, 25.2413472 ] ] ] ] } },
{ "type": "Feature", "properties": { "osm_id": 627288026, "osm_type": "ways_poly", "opening_hours": null, "landuse": "industrial", "denomination": null, "building": null, "leisure": null, "name": null, "historic": null, "amenity": null, "religion": null }, "geometry": { "type": "MultiPolygon", "coordinates": [ [ [ [ 55.3868438, 25.245004 ], [ 55.3869671, 25.2449446 ], [ 55.3870235, 25.245038 ], [ 55.3869081, 25.2450986 ], [ 55.3868438, 25.245004 ] ] ] ] } },
{ "type": "Feature", "properties": { "osm_id": 1363059172, "osm_type": "ways_poly", "opening_hours": null, "landuse": "grass", "denomination": null, "building": null, "leisure": null, "name": null, "historic": null, "amenity": null, "religion": null }, "geometry": { "type": "MultiPolygon", "coordinates": [ [ [ [ 55.3754056, 25.2606088 ], [ 55.3754399, 25.2605829 ], [ 55.3754338, 25.2606413 ], [ 55.3754056, 25.2606088 ] ] ] ] } },
{ "type": "Feature", "properties": { "osm_id": 1425240142, "osm_type": "ways_poly", "opening_hours": null, "landuse": "grass", "denomination": null, "building": null, "leisure": null, "name": null, "historic": null, "amenity": null, "religion": null }, "geometry": { "type": "MultiPolygon", "coordinates": [ [ [ [ 55.3562122, 25.2672573 ], [ 55.3562584, 25.2672206 ], [ 55.356302, 25.2671815 ], [ 55.3563557, 25.2671257 ], [ 55.35634, 25.267182 ], [ 55.3563285, 25.2672317 ], [ 55.3563248, 25.2672824 ], [ 55.3563255, 25.2673246 ], [ 55.3563329, 25.2673592 ], [ 55.3563105, 25.2673297 ], [ 55.356284, 25.2673033 ], [ 55.3562538, 25.2672803 ], [ 55.3562122, 25.2672573 ] ] ] ] } },
{ "type": "Feature", "properties": { "osm_id": 1425253854, "osm_type": "ways_poly", "opening_hours": null, "landuse": "grass", "denomination": null, "building": null, "leisure": null, "name": null, "historic": null, "amenity": null, "religion": null }, "geometry": { "type": "MultiPolygon", "coordinates": [ [ [ [ 55.3596937, 25.2665163 ], [ 55.3597138, 25.2665107 ], [ 55.3597445, 25.2664976 ], [ 55.3598927, 25.2664163 ], [ 55.3598576, 25.2663641 ], [ 55.3599059, 25.2663334 ], [ 55.3598917, 25.2662095 ], [ 55.3598812, 25.2661983 ], [ 55.3598778, 25.266184 ], [ 55.3598819, 25.2661703 ], [ 55.3598925, 25.2661598 ], [ 55.3599184, 25.2661472 ], [ 55.3599274, 25.2662752 ], [ 55.3599318, 25.2663139 ], [ 55.3599425, 25.2663516 ], [ 55.3599548, 25.2663794 ], [ 55.3599705, 25.2664058 ], [ 55.3600052, 25.2664568 ], [ 55.3600292, 25.266486 ], [ 55.3600555, 25.2665135 ], [ 55.3600737, 25.2665365 ], [ 55.360088, 25.2665617 ], [ 55.3600984, 25.2665899 ], [ 55.3597044, 25.2665887 ], [ 55.3596937, 25.2665163 ] ] ] ] } },
{ "type": "Feature", "properties": { "osm_id": 301083988, "osm_type": "ways_poly", "opening_hours": null, "landuse": null, "denomination": "sunni", "building": "mosque", "leisure": null, "name": "Al Khabeesi Mosque", "historic": null, "amenity": "place_of_worship", "religion": "muslim" }, "geometry": { "type": "MultiPolygon", "coordinates": [ [ [ [ 55.3275762, 25.2661476 ], [ 55.3275904, 25.2660606 ], [ 55.3276198, 25.2660675 ], [ 55.3276353, 25.2660087 ], [ 55.3276648, 25.2660087 ], [ 55.3276701, 25.2659602 ], [ 55.327713, 25.2659359 ], [ 55.3277539, 25.265939 ], [ 55.3277634, 25.2659068 ], [ 55.3278356, 25.2659236 ], [ 55.327829, 25.2659541 ], [ 55.3278512, 25.2659632 ], [ 55.3278425, 25.2659838 ], [ 55.3278612, 25.265996 ], [ 55.3278693, 25.266022 ], [ 55.3278176, 25.2662185 ], [ 55.3277855, 25.2662137 ], [ 55.3277781, 25.2662634 ], [ 55.3277151, 25.2662943 ], [ 55.3276527, 25.2662701 ], [ 55.3276224, 25.2662267 ], [ 55.3276245, 25.2661755 ], [ 55.3275937, 25.26617 ], [ 55.3275964, 25.2661494 ], [ 55.3275762, 25.2661476 ] ] ] ] } },
{ "type": "Feature", "properties": { "osm_id": 1348094369, "osm_type": "ways_poly", "opening_hours": null, "landuse": "grass", "denomination": null, "building": null, "leisure": null, "name": null, "historic": null, "amenity": null, "religion": null }, "geometry": { "type": "MultiPolygon", "coordinates": [ [ [ [ 55.3782837, 25.2681121 ], [ 55.3782879, 25.2680909 ], [ 55.3782984, 25.2680705 ], [ 55.3783119, 25.2680606 ], [ 55.3784149, 25.2680989 ], [ 55.3783924, 25.2681745 ], [ 55.3783893, 25.2682099 ], [ 55.3783908, 25.2682468 ], [ 55.3783799, 25.2682458 ], [ 55.3783678, 25.2682321 ], [ 55.3782837, 25.2681121 ] ] ] ] } },
{ "type": "Feature", "properties": { "osm_id": 1427694274, "osm_type": "ways_poly", "opening_hours": null, "landuse": "grass", "denomination": null, "building": null, "leisure": null, "name": null, "historic": null, "amenity": null, "religion": null }, "geometry": { "type": "MultiPolygon", "coordinates": [ [ [ [ 55.3628225, 25.2658137 ], [ 55.3629934, 25.2657175 ], [ 55.3630063, 25.2657148 ], [ 55.3630194, 25.2657161 ], [ 55.3630288, 25.2657199 ], [ 55.3630368, 25.2657258 ], [ 55.3631356, 25.2658801 ], [ 55.3630718, 25.2659153 ], [ 55.3630285, 25.2659391 ], [ 55.3629781, 25.2659669 ], [ 55.3629627, 25.2659716 ], [ 55.3629465, 25.2659717 ], [ 55.3629326, 25.2659679 ], [ 55.3629204, 25.2659608 ], [ 55.3628225, 25.2658137 ] ] ] ] } },
{ "type": "Feature", "properties": { "osm_id": 489091244, "osm_type": "ways_poly", "opening_hours": null, "landuse": "grass", "denomination": null, "building": null, "leisure": null, "name": null, "historic": null, "amenity": null, "religion": null }, "geometry": { "type": "MultiPolygon", "coordinates": [ [ [ [ 55.3388759, 25.2372245 ], [ 55.3388806, 25.2371875 ], [ 55.3389027, 25.2371662 ], [ 55.3389409, 25.2371553 ], [ 55.3389892, 25.2371523 ], [ 55.3390361, 25.2371559 ], [ 55.3391012, 25.2371802 ], [ 55.3391334, 25.2372026 ], [ 55.3391561, 25.2372311 ], [ 55.3391702, 25.2372675 ], [ 55.3391689, 25.2373045 ], [ 55.3391615, 25.2373349 ], [ 55.339136, 25.2373694 ], [ 55.3390918, 25.2373797 ], [ 55.3390556, 25.2373767 ], [ 55.3390241, 25.2373688 ], [ 55.3389925, 25.2373446 ], [ 55.3389731, 25.2373209 ], [ 55.3389449, 25.2372997 ], [ 55.3389054, 25.2372839 ], [ 55.3388852, 25.2372603 ], [ 55.3388759, 25.2372245 ] ] ] ] } },
{ "type": "Feature", "properties": { "osm_id": 489091248, "osm_type": "ways_poly", "opening_hours": null, "landuse": "grass", "denomination": null, "building": null, "leisure": null, "name": null, "historic": null, "amenity": null, "religion": null }, "geometry": { "type": "MultiPolygon", "coordinates": [ [ [ [ 55.3397583, 25.2401361 ], [ 55.3398112, 25.2401338 ], [ 55.339816, 25.2402211 ], [ 55.339763, 25.2402235 ], [ 55.3397583, 25.2401361 ] ] ] ] } },
{ "type": "Feature", "properties": { "osm_id": 489091263, "osm_type": "ways_poly", "opening_hours": null, "landuse": "grass", "denomination": null, "building": null, "leisure": null, "name": null, "historic": null, "amenity": null, "religion": null }, "geometry": { "type": "MultiPolygon", "coordinates": [ [ [ [ 55.3384594, 25.2373121 ], [ 55.3385008, 25.2372984 ], [ 55.3385299, 25.2373701 ], [ 55.3384885, 25.2373838 ], [ 55.3384594, 25.2373121 ] ] ] ] } },
{ "type": "Feature", "properties": { "osm_id": 488231340, "osm_type": "ways_poly", "opening_hours": null, "landuse": "grass", "denomination": null, "building": null, "leisure": null, "name": null, "historic": null, "amenity": null, "religion": null }, "geometry": { "type": "MultiPolygon", "coordinates": [ [ [ [ 55.3373721, 25.2411873 ], [ 55.3373781, 25.2411317 ], [ 55.3374901, 25.2411416 ], [ 55.3374842, 25.2411972 ], [ 55.3373721, 25.2411873 ] ] ] ] } },
{ "type": "Feature", "properties": { "osm_id": 488231354, "osm_type": "ways_poly", "opening_hours": null, "landuse": "grass", "denomination": null, "building": null, "leisure": null, "name": null, "historic": null, "amenity": null, "religion": null }, "geometry": { "type": "MultiPolygon", "coordinates": [ [ [ [ 55.3366359, 25.2444146 ], [ 55.3366426, 25.2443855 ], [ 55.3366667, 25.2443552 ], [ 55.3366908, 25.2443267 ], [ 55.3367106, 25.2443074 ], [ 55.3367321, 25.2442926 ], [ 55.3367589, 25.2442838 ], [ 55.3367955, 25.2442826 ], [ 55.3368323, 25.2442874 ], [ 55.3368887, 25.2443053 ], [ 55.3369292, 25.2443223 ], [ 55.3369628, 25.2443463 ], [ 55.3369829, 25.244376 ], [ 55.3369825, 25.2444245 ], [ 55.3369638, 25.2444478 ], [ 55.3369393, 25.2444591 ], [ 55.3369007, 25.2444621 ], [ 55.3368132, 25.2444554 ], [ 55.3367666, 25.2444624 ], [ 55.3367264, 25.2444633 ], [ 55.3366707, 25.2444438 ], [ 55.3366493, 25.2444322 ], [ 55.3366359, 25.2444146 ] ] ] ] } },
{ "type": "Feature", "properties": { "osm_id": 1267885818, "osm_type": "ways_poly", "opening_hours": null, "landuse": "grass", "denomination": null, "building": null, "leisure": null, "name": null, "historic": null, "amenity": null, "religion": null }, "geometry": { "type": "MultiPolygon", "coordinates": [ [ [ [ 55.3279381, 25.2354728 ], [ 55.3279766, 25.2354365 ], [ 55.328019, 25.2354041 ], [ 55.3282044, 25.2354556 ], [ 55.3281634, 25.23553 ], [ 55.3279381, 25.2354728 ] ] ] ] } },
{ "type": "Feature", "properties": { "osm_id": 386206264, "osm_type": "ways_poly", "opening_hours": null, "landuse": null, "denomination": null, "building": "yes", "leisure": null, "name": null, "historic": null, "amenity": "toilets", "religion": null }, "geometry": { "type": "MultiPolygon", "coordinates": [ [ [ [ 55.3265316, 25.2385046 ], [ 55.3265452, 25.2384748 ], [ 55.3265615, 25.2384674 ], [ 55.3266069, 25.2384891 ], [ 55.326607, 25.2384975 ], [ 55.3266072, 25.2385059 ], [ 55.3265866, 25.2385381 ], [ 55.3265659, 25.2385414 ], [ 55.3265327, 25.2385225 ], [ 55.3265316, 25.2385046 ] ] ] ] } },
{ "type": "Feature", "properties": { "osm_id": 1363059168, "osm_type": "ways_poly", "opening_hours": null, "landuse": "grass", "denomination": null, "building": null, "leisure": null, "name": null, "historic": null, "amenity": null, "religion": null }, "geometry": { "type": "MultiPolygon", "coordinates": [ [ [ [ 55.374418, 25.2611952 ], [ 55.3744317, 25.2611081 ], [ 55.374468, 25.2611446 ], [ 55.3745003, 25.2611523 ], [ 55.3744896, 25.2612056 ], [ 55.374418, 25.2611952 ] ] ] ] } },
{ "type": "Feature", "properties": { "osm_id": 1363059169, "osm_type": "ways_poly", "opening_hours": null, "landuse": "grass", "denomination": null, "building": null, "leisure": null, "name": null, "historic": null, "amenity": null, "religion": null }, "geometry": { "type": "MultiPolygon", "coordinates": [ [ [ [ 55.3746282, 25.2612355 ], [ 55.3746349, 25.2611986 ], [ 55.3746909, 25.2611652 ], [ 55.3747167, 25.2612016 ], [ 55.3746597, 25.2612352 ], [ 55.3746282, 25.2612355 ] ] ] ] } },
{ "type": "Feature", "properties": { "osm_id": 1426381817, "osm_type": "ways_poly", "opening_hours": null, "landuse": "grass", "denomination": null, "building": null, "leisure": null, "name": null, "historic": null, "amenity": null, "religion": null }, "geometry": { "type": "MultiPolygon", "coordinates": [ [ [ [ 55.3739526, 25.2588852 ], [ 55.3739791, 25.2588271 ], [ 55.3739968, 25.2588348 ], [ 55.3740063, 25.2588455 ], [ 55.37401, 25.2588589 ], [ 55.3740072, 25.2588725 ], [ 55.3739984, 25.2588837 ], [ 55.3739851, 25.2588906 ], [ 55.3739681, 25.2588915 ], [ 55.3739526, 25.2588852 ] ] ] ] } },
{ "type": "Feature", "properties": { "osm_id": 1426381820, "osm_type": "ways_poly", "opening_hours": null, "landuse": "grass", "denomination": null, "building": null, "leisure": null, "name": null, "historic": null, "amenity": null, "religion": null }, "geometry": { "type": "MultiPolygon", "coordinates": [ [ [ [ 55.3727107, 25.2586672 ], [ 55.3727146, 25.2586563 ], [ 55.3727223, 25.2586473 ], [ 55.3727323, 25.2586413 ], [ 55.3727439, 25.2586383 ], [ 55.372756, 25.2586387 ], [ 55.3727725, 25.2586428 ], [ 55.3727872, 25.2586509 ], [ 55.3727972, 25.2586608 ], [ 55.3728011, 25.2586727 ], [ 55.3728066, 25.2587374 ], [ 55.372742, 25.2587406 ], [ 55.3727351, 25.2587178 ], [ 55.3727272, 25.2587037 ], [ 55.3727168, 25.2586909 ], [ 55.3727111, 25.2586786 ], [ 55.3727107, 25.2586672 ] ] ] ] } },
{ "type": "Feature", "properties": { "osm_id": 1108160299, "osm_type": "ways_poly", "opening_hours": null, "landuse": "industrial", "denomination": null, "building": null, "leisure": null, "name": null, "historic": null, "amenity": null, "religion": null }, "geometry": { "type": "MultiPolygon", "coordinates": [ [ [ [ 55.3962935, 25.2297525 ], [ 55.3963692, 25.2295152 ], [ 55.4037174, 25.2265847 ], [ 55.4038222, 25.2266852 ], [ 55.4035297, 25.2287577 ], [ 55.4033733, 25.229221 ], [ 55.4031101, 25.2294451 ], [ 55.4026771, 25.2296196 ], [ 55.4027676, 25.2298034 ], [ 55.400671, 25.230689 ], [ 55.4002996, 25.2307979 ], [ 55.3983172, 25.2301703 ], [ 55.3971806, 25.2299076 ], [ 55.3962935, 25.2297525 ] ] ] ] } },
{ "type": "Feature", "properties": { "osm_id": 646914160, "osm_type": "ways_poly", "opening_hours": null, "landuse": "grass", "denomination": null, "building": null, "leisure": null, "name": null, "historic": null, "amenity": null, "religion": null }, "geometry": { "type": "MultiPolygon", "coordinates": [ [ [ [ 55.4096931, 25.2192295 ], [ 55.4097159, 25.2192004 ], [ 55.4097215, 25.2191835 ], [ 55.4097239, 25.2191652 ], [ 55.4097226, 25.2191252 ], [ 55.4097507, 25.219124 ], [ 55.4097528, 25.2191622 ], [ 55.4097494, 25.2191883 ], [ 55.4097387, 25.2192125 ], [ 55.4097177, 25.2192435 ], [ 55.4096931, 25.2192295 ] ] ] ] } },
{ "type": "Feature", "properties": { "osm_id": 1426637514, "osm_type": "ways_poly", "opening_hours": null, "landuse": "grass", "denomination": null, "building": null, "leisure": null, "name": null, "historic": null, "amenity": null, "religion": null }, "geometry": { "type": "MultiPolygon", "coordinates": [ [ [ [ 55.3879135, 25.2339637 ], [ 55.387914, 25.2339467 ], [ 55.3879177, 25.2339309 ], [ 55.3885383, 25.2345421 ], [ 55.3885509, 25.2345576 ], [ 55.3885596, 25.2345751 ], [ 55.3885641, 25.234594 ], [ 55.3885633, 25.2346194 ], [ 55.3885548, 25.2346436 ], [ 55.3885394, 25.2346648 ], [ 55.388518, 25.2346814 ], [ 55.3884905, 25.2347127 ], [ 55.3884708, 25.2347485 ], [ 55.3884602, 25.2347848 ], [ 55.3884576, 25.2348223 ], [ 55.388463, 25.2348595 ], [ 55.3884765, 25.234895 ], [ 55.388545, 25.2350729 ], [ 55.3885287, 25.2350785 ], [ 55.3883691, 25.2348014 ], [ 55.3883342, 25.2348162 ], [ 55.3881167, 25.2345065 ], [ 55.3880998, 25.2344689 ], [ 55.3880867, 25.2344237 ], [ 55.3880805, 25.2343773 ], [ 55.3880813, 25.2343306 ], [ 55.388083, 25.2342813 ], [ 55.3880757, 25.2342324 ], [ 55.3880612, 25.2341891 ], [ 55.3880397, 25.2341483 ], [ 55.3880116, 25.2341109 ], [ 55.3879261, 25.233994 ], [ 55.3879185, 25.2339797 ], [ 55.3879135, 25.2339637 ] ] ] ] } },
{ "type": "Feature", "properties": { "osm_id": 1426785864, "osm_type": "ways_poly", "opening_hours": null, "landuse": "grass", "denomination": null, "building": null, "leisure": null, "name": null, "historic": null, "amenity": null, "religion": null }, "geometry": { "type": "MultiPolygon", "coordinates": [ [ [ [ 55.3923918, 25.2309892 ], [ 55.3928481, 25.230876 ], [ 55.3928547, 25.2308895 ], [ 55.3924192, 25.2310592 ], [ 55.3923918, 25.2309892 ] ] ] ] } },
{ "type": "Feature", "properties": { "osm_id": 646505825, "osm_type": "ways_poly", "opening_hours": null, "landuse": "construction", "denomination": null, "building": null, "leisure": null, "name": null, "historic": null, "amenity": null, "religion": null }, "geometry": { "type": "MultiPolygon", "coordinates": [ [ [ [ 55.407678, 25.222925 ], [ 55.4078496, 25.2228068 ], [ 55.4080834, 25.222748 ], [ 55.4083424, 25.2227125 ], [ 55.4085835, 25.2226998 ], [ 55.4088422, 25.2226917 ], [ 55.4092157, 25.2226863 ], [ 55.4094383, 25.2226767 ], [ 55.4097582, 25.222647 ], [ 55.4099107, 25.22248 ], [ 55.4099179, 25.2226933 ], [ 55.4099192, 25.2227445 ], [ 55.4099206, 25.2228024 ], [ 55.4099072, 25.2228752 ], [ 55.4098777, 25.222948 ], [ 55.4099314, 25.2240351 ], [ 55.4082416, 25.2240982 ], [ 55.407678, 25.222925 ] ] ] ] } },
{ "type": "Feature", "properties": { "osm_id": 500741473, "osm_type": "ways_poly", "opening_hours": null, "landuse": null, "denomination": null, "building": "yes", "leisure": null, "name": null, "historic": null, "amenity": "place_of_worship", "religion": "muslim" }, "geometry": { "type": "MultiPolygon", "coordinates": [ [ [ [ 55.4337615, 25.242351 ], [ 55.4338048, 25.2421438 ], [ 55.4340389, 25.2421838 ], [ 55.4339956, 25.242391 ], [ 55.4337615, 25.242351 ] ] ] ] } },
{ "type": "Feature", "properties": { "osm_id": 1348094368, "osm_type": "ways_poly", "opening_hours": null, "landuse": "grass", "denomination": null, "building": null, "leisure": null, "name": null, "historic": null, "amenity": null, "religion": null }, "geometry": { "type": "MultiPolygon", "coordinates": [ [ [ [ 55.3780694, 25.2675882 ], [ 55.3781338, 25.2673714 ], [ 55.3783344, 25.2674216 ], [ 55.3784041, 25.2674235 ], [ 55.378408, 25.2674415 ], [ 55.3781265, 25.2676104 ], [ 55.3780853, 25.2676111 ], [ 55.3780694, 25.2675882 ] ] ] ] } },
{ "type": "Feature", "properties": { "osm_id": 264965340, "osm_type": "ways_poly", "opening_hours": null, "landuse": "industrial", "denomination": null, "building": null, "leisure": null, "name": "الإمارات لتموين الطائرات", "historic": null, "amenity": null, "religion": null }, "geometry": { "type": "MultiPolygon", "coordinates": [ [ [ [ 55.3456905, 25.2530012 ], [ 55.3457563, 25.2528824 ], [ 55.3468835, 25.2522362 ], [ 55.3466052, 25.2518125 ], [ 55.3465808, 25.2517711 ], [ 55.3465636, 25.2517269 ], [ 55.3465537, 25.2516808 ], [ 55.3465529, 25.251643 ], [ 55.3465585, 25.2515876 ], [ 55.3465836, 25.2514971 ], [ 55.3466174, 25.2514467 ], [ 55.3466499, 25.2513981 ], [ 55.3467866, 25.2512638 ], [ 55.3469291, 25.2511347 ], [ 55.3470772, 25.2510108 ], [ 55.3472436, 25.2508829 ], [ 55.3474526, 25.2507432 ], [ 55.3477309, 25.250561 ], [ 55.3485605, 25.2500322 ], [ 55.3487963, 25.2501026 ], [ 55.3488393, 25.2499518 ], [ 55.3497487, 25.2501787 ], [ 55.3497993, 25.2501891 ], [ 55.3498627, 25.2502005 ], [ 55.3499371, 25.2501973 ], [ 55.3499949, 25.2502845 ], [ 55.3506231, 25.2512267 ], [ 55.348019, 25.2527142 ], [ 55.3477351, 25.2529378 ], [ 55.3476271, 25.2531335 ], [ 55.3475775, 25.2532487 ], [ 55.3474796, 25.2533251 ], [ 55.3463668, 25.2539858 ], [ 55.3456905, 25.2530012 ] ] ] ] } },
{ "type": "Feature", "properties": { "osm_id": 1425253851, "osm_type": "ways_poly", "opening_hours": null, "landuse": "grass", "denomination": null, "building": null, "leisure": null, "name": null, "historic": null, "amenity": null, "religion": null }, "geometry": { "type": "MultiPolygon", "coordinates": [ [ [ [ 55.3604, 25.2665212 ], [ 55.3606479, 25.2665096 ], [ 55.360668, 25.2664762 ], [ 55.3608658, 25.266364 ], [ 55.360896, 25.266415 ], [ 55.3609012, 25.2664453 ], [ 55.360898, 25.2664765 ], [ 55.3608873, 25.2665053 ], [ 55.3608649, 25.2665284 ], [ 55.3608366, 25.2665454 ], [ 55.3608161, 25.2665525 ], [ 55.3607946, 25.2665564 ], [ 55.3604029, 25.2665598 ], [ 55.3604, 25.2665212 ] ] ] ] } },
{ "type": "Feature", "properties": { "osm_id": 1425253852, "osm_type": "ways_poly", "opening_hours": null, "landuse": "grass", "denomination": null, "building": null, "leisure": null, "name": null, "historic": null, "amenity": null, "religion": null }, "geometry": { "type": "MultiPolygon", "coordinates": [ [ [ [ 55.3591646, 25.266421 ], [ 55.3593068, 25.2663368 ], [ 55.3593409, 25.2663218 ], [ 55.3593772, 25.2663122 ], [ 55.3594129, 25.2663082 ], [ 55.3594488, 25.2663115 ], [ 55.3594829, 25.2663219 ], [ 55.3595136, 25.2663389 ], [ 55.3595378, 25.2663599 ], [ 55.3595576, 25.2663845 ], [ 55.3595722, 25.2664118 ], [ 55.3595814, 25.2664411 ], [ 55.3595847, 25.2664754 ], [ 55.3595794, 25.2665095 ], [ 55.3595658, 25.2665416 ], [ 55.3595483, 25.266566 ], [ 55.3595234, 25.2665844 ], [ 55.3594935, 25.2665951 ], [ 55.3594661, 25.2665972 ], [ 55.35928, 25.2665999 ], [ 55.3591646, 25.266421 ] ] ] ] } },
{ "type": "Feature", "properties": { "osm_id": 1425253853, "osm_type": "ways_poly", "opening_hours": null, "landuse": "grass", "denomination": null, "building": null, "leisure": null, "name": null, "historic": null, "amenity": null, "religion": null }, "geometry": { "type": "MultiPolygon", "coordinates": [ [ [ [ 55.3599483, 25.2662425 ], [ 55.3599539, 25.2662237 ], [ 55.3599693, 25.2662115 ], [ 55.3601182, 25.2664175 ], [ 55.3601316, 25.2664329 ], [ 55.3601503, 25.2664428 ], [ 55.3601717, 25.2664457 ], [ 55.3601842, 25.266444 ], [ 55.3601959, 25.26644 ], [ 55.3602878, 25.2663983 ], [ 55.3603247, 25.2664674 ], [ 55.3603422, 25.2665026 ], [ 55.3603532, 25.2665399 ], [ 55.3603572, 25.2665857 ], [ 55.3601185, 25.2665908 ], [ 55.3601085, 25.2665564 ], [ 55.3600928, 25.2665237 ], [ 55.3600709, 25.2664947 ], [ 55.3600387, 25.2664602 ], [ 55.3600117, 25.2664253 ], [ 55.3599891, 25.266388 ], [ 55.3599705, 25.2663475 ], [ 55.3599574, 25.2663052 ], [ 55.3599498, 25.2662619 ], [ 55.3599483, 25.2662425 ] ] ] ] } },
{ "type": "Feature", "properties": { "osm_id": 1425253860, "osm_type": "ways_poly", "opening_hours": null, "landuse": "grass", "denomination": null, "building": null, "leisure": null, "name": null, "historic": null, "amenity": null, "religion": null }, "geometry": { "type": "MultiPolygon", "coordinates": [ [ [ [ 55.3573052, 25.2676884 ], [ 55.3573367, 25.2676733 ], [ 55.3573736, 25.2676606 ], [ 55.3574121, 25.2676525 ], [ 55.3574514, 25.267649 ], [ 55.357788, 25.267618 ], [ 55.3579174, 25.2675611 ], [ 55.3579482, 25.2675565 ], [ 55.3579527, 25.267617 ], [ 55.3587731, 25.2675667 ], [ 55.3587643, 25.2676084 ], [ 55.3587449, 25.2676293 ], [ 55.3587203, 25.2676451 ], [ 55.3586921, 25.2676548 ], [ 55.3586618, 25.2676602 ], [ 55.3582233, 25.2677122 ], [ 55.3582019, 25.2677103 ], [ 55.3581839, 25.2677005 ], [ 55.3581699, 25.2676878 ], [ 55.3581486, 25.2676646 ], [ 55.3581078, 25.2676442 ], [ 55.3580684, 25.2676326 ], [ 55.3580272, 25.2676277 ], [ 55.3577774, 25.2676499 ], [ 55.3575689, 25.2676685 ], [ 55.357429, 25.2676918 ], [ 55.3573193, 25.2677101 ], [ 55.3573052, 25.2676884 ] ] ] ] } },
{ "type": "Feature", "properties": { "osm_id": 1426381800, "osm_type": "ways_poly", "opening_hours": null, "landuse": "grass", "denomination": null, "building": null, "leisure": null, "name": null, "historic": null, "amenity": null, "religion": null }, "geometry": { "type": "MultiPolygon", "coordinates": [ [ [ [ 55.3852104, 25.2545292 ], [ 55.3852321, 25.2545073 ], [ 55.3852559, 25.2544873 ], [ 55.3852967, 25.2544606 ], [ 55.3853413, 25.2544395 ], [ 55.3854249, 25.2543966 ], [ 55.3855068, 25.2543513 ], [ 55.3856206, 25.2542823 ], [ 55.3856497, 25.2542649 ], [ 55.3856839, 25.2542495 ], [ 55.3857106, 25.2542412 ], [ 55.3856802, 25.2542781 ], [ 55.385725, 25.254325 ], [ 55.3856982, 25.2543204 ], [ 55.3856708, 25.2543202 ], [ 55.3856439, 25.2543245 ], [ 55.3856232, 25.2543311 ], [ 55.3856039, 25.2543403 ], [ 55.3855485, 25.2543712 ], [ 55.3854689, 25.2544244 ], [ 55.3853959, 25.2544847 ], [ 55.3853334, 25.254548 ], [ 55.3852759, 25.2545345 ], [ 55.3852433, 25.2545305 ], [ 55.3852104, 25.2545292 ] ] ] ] } },
{ "type": "Feature", "properties": { "osm_id": 1426637517, "osm_type": "ways_poly", "opening_hours": null, "landuse": "grass", "denomination": null, "building": null, "leisure": null, "name": null, "historic": null, "amenity": null, "religion": null }, "geometry": { "type": "MultiPolygon", "coordinates": [ [ [ [ 55.3890064, 25.2331865 ], [ 55.3890093, 25.2331623 ], [ 55.3890197, 25.2331398 ], [ 55.3890368, 25.233121 ], [ 55.3896446, 25.2326152 ], [ 55.3896877, 25.232576 ], [ 55.3897291, 25.2325259 ], [ 55.3897577, 25.2324834 ], [ 55.38978, 25.2324379 ], [ 55.3897923, 25.2323963 ], [ 55.3897968, 25.2323585 ], [ 55.389798, 25.2323335 ], [ 55.389803, 25.2323136 ], [ 55.3898142, 25.2322905 ], [ 55.3898304, 25.2322699 ], [ 55.389851, 25.2322529 ], [ 55.3898841, 25.2322339 ], [ 55.3899203, 25.2322227 ], [ 55.3899391, 25.2322191 ], [ 55.3899583, 25.2322196 ], [ 55.3899774, 25.232224 ], [ 55.3899949, 25.2322324 ], [ 55.3900148, 25.2322447 ], [ 55.3900686, 25.2323015 ], [ 55.3900777, 25.2323137 ], [ 55.3900837, 25.2323274 ], [ 55.3900862, 25.2323481 ], [ 55.3900818, 25.2323684 ], [ 55.3900707, 25.2323866 ], [ 55.3899733, 25.2324707 ], [ 55.3898983, 25.2325372 ], [ 55.3897938, 25.2326378 ], [ 55.3896949, 25.232743 ], [ 55.3896018, 25.2328525 ], [ 55.3895147, 25.2329659 ], [ 55.3893883, 25.2331333 ], [ 55.3893625, 25.2331723 ], [ 55.3893428, 25.233214 ], [ 55.3893296, 25.2332578 ], [ 55.3893226, 25.2333119 ], [ 55.3893255, 25.2333663 ], [ 55.3893381, 25.2334195 ], [ 55.3893601, 25.2334702 ], [ 55.3893996, 25.2335314 ], [ 55.389759, 25.2339259 ], [ 55.389761, 25.2339372 ], [ 55.3897567, 25.2339479 ], [ 55.3897451, 25.2339564 ], [ 55.3897303, 25.2339575 ], [ 55.3897172, 25.2339509 ], [ 55.3890289, 25.2332379 ], [ 55.3890187, 25.2332249 ], [ 55.3890114, 25.2332104 ], [ 55.3890064, 25.2331865 ] ] ] ] } },
{ "type": "Feature", "properties": { "osm_id": 1426637522, "osm_type": "ways_poly", "opening_hours": null, "landuse": "grass", "denomination": null, "building": null, "leisure": null, "name": null, "historic": null, "amenity": null, "religion": null }, "geometry": { "type": "MultiPolygon", "coordinates": [ [ [ [ 55.3900727, 25.2319727 ], [ 55.3900891, 25.2318721 ], [ 55.3902036, 25.2318951 ], [ 55.3900727, 25.2319727 ] ] ] ] } },
{ "type": "Feature", "properties": { "osm_id": 1264557595, "osm_type": "ways_poly", "opening_hours": null, "landuse": "construction", "denomination": null, "building": null, "leisure": null, "name": null, "historic": null, "amenity": null, "religion": null }, "geometry": { "type": "MultiPolygon", "coordinates": [ [ [ [ 55.3578593, 25.206229 ], [ 55.3580442, 25.2061943 ], [ 55.3581419, 25.2067151 ], [ 55.3580303, 25.2067404 ], [ 55.3578593, 25.206229 ] ] ] ] } },
{ "type": "Feature", "properties": { "osm_id": 1264541008, "osm_type": "ways_poly", "opening_hours": null, "landuse": "construction", "denomination": null, "building": null, "leisure": null, "name": null, "historic": null, "amenity": null, "religion": null }, "geometry": { "type": "MultiPolygon", "coordinates": [ [ [ [ 55.3597213, 25.2065338 ], [ 55.3600615, 25.2064267 ], [ 55.3601085, 25.2066749 ], [ 55.3597533, 25.2067702 ], [ 55.3597213, 25.2065338 ] ] ] ] } },
{ "type": "Feature", "properties": { "osm_id": 1264541009, "osm_type": "ways_poly", "opening_hours": null, "landuse": "construction", "denomination": null, "building": null, "leisure": null, "name": null, "historic": null, "amenity": null, "religion": null }, "geometry": { "type": "MultiPolygon", "coordinates": [ [ [ [ 55.3601724, 25.2063977 ], [ 55.3604938, 25.2063127 ], [ 55.3605596, 25.2065457 ], [ 55.3602683, 25.2066239 ], [ 55.3601724, 25.2063977 ] ] ] ] } },
{ "type": "Feature", "properties": { "osm_id": 753679508, "osm_type": "ways_poly", "opening_hours": null, "landuse": "industrial", "denomination": null, "building": null, "leisure": null, "name": null, "historic": null, "amenity": null, "religion": null }, "geometry": { "type": "MultiPolygon", "coordinates": [ [ [ [ 55.3470474, 25.1967542 ], [ 55.3471284, 25.1965894 ], [ 55.3472194, 25.1964099 ], [ 55.3472741, 25.1962561 ], [ 55.3480411, 25.1962927 ], [ 55.348029, 25.1968275 ], [ 55.3477234, 25.1968257 ], [ 55.3476282, 25.1968239 ], [ 55.3475867, 25.1968236 ], [ 55.347518, 25.1968236 ], [ 55.3474178, 25.1968238 ], [ 55.3471243, 25.1968202 ], [ 55.3470474, 25.1967542 ] ] ] ] } },
{ "type": "Feature", "properties": { "osm_id": 1114890603, "osm_type": "ways_poly", "opening_hours": null, "landuse": null, "denomination": null, "building": "yes", "leisure": null, "name": null, "historic": null, "amenity": "place_of_worship", "religion": "muslim" }, "geometry": { "type": "MultiPolygon", "coordinates": [ [ [ [ 55.4001174, 25.1944764 ], [ 55.4001379, 25.1943968 ], [ 55.4001674, 25.1944031 ], [ 55.4001794, 25.1943565 ], [ 55.4002288, 25.194367 ], [ 55.4002342, 25.1943459 ], [ 55.4003949, 25.1943799 ], [ 55.4003881, 25.1944063 ], [ 55.4004714, 25.1944238 ], [ 55.4004885, 25.1944275 ], [ 55.400479, 25.1944641 ], [ 55.4005326, 25.1944754 ], [ 55.4005134, 25.1945497 ], [ 55.4004609, 25.1945386 ], [ 55.4004508, 25.1945777 ], [ 55.4003432, 25.194555 ], [ 55.4003393, 25.1945704 ], [ 55.4001377, 25.1945278 ], [ 55.4001492, 25.1944831 ], [ 55.4001174, 25.1944764 ] ] ] ] } },
{ "type": "Feature", "properties": { "osm_id": 1419981446, "osm_type": "ways_poly", "opening_hours": null, "landuse": "construction", "denomination": null, "building": null, "leisure": null, "name": null, "historic": null, "amenity": null, "religion": null }, "geometry": { "type": "MultiPolygon", "coordinates": [ [ [ [ 55.4002491, 25.1881235 ], [ 55.4015585, 25.1878688 ], [ 55.4018514, 25.189102 ], [ 55.4005422, 25.1893567 ], [ 55.4002491, 25.1881235 ] ] ] ] } },
{ "type": "Feature", "properties": { "osm_id": 1042558925, "osm_type": "ways_poly", "opening_hours": null, "landuse": "residential", "denomination": null, "building": null, "leisure": null, "name": "Nadd Al Hamar", "historic": null, "amenity": null, "religion": null }, "geometry": { "type": "MultiPolygon", "coordinates": [ [ [ [ 55.3707923, 25.1849211 ], [ 55.3736384, 25.1843038 ], [ 55.3748695, 25.1840443 ], [ 55.3768486, 25.1836778 ], [ 55.379206, 25.183228 ], [ 55.3802104, 25.1830389 ], [ 55.3822594, 25.1826905 ], [ 55.3833765, 25.1824729 ], [ 55.3842421, 25.1823071 ], [ 55.3847704, 25.1836189 ], [ 55.3868496, 25.1876856 ], [ 55.3901326, 25.1945398 ], [ 55.393244, 25.2014907 ], [ 55.3969561, 25.2093924 ], [ 55.3983326, 25.2122332 ], [ 55.3977935, 25.2122525 ], [ 55.3963344, 25.2123663 ], [ 55.3953808, 25.212456 ], [ 55.394313, 25.2125317 ], [ 55.3929064, 25.2126314 ], [ 55.3921709, 25.2126835 ], [ 55.3905526, 25.212792 ], [ 55.3901041, 25.2128037 ], [ 55.3889159, 25.2128658 ], [ 55.388122, 25.2129259 ], [ 55.3872846, 25.2129666 ], [ 55.3861561, 25.213016 ], [ 55.3848148, 25.213084 ], [ 55.3836772, 25.2131808 ], [ 55.3832156, 25.2132251 ], [ 55.3828236, 25.2132682 ], [ 55.3825129, 25.2133024 ], [ 55.3821658, 25.2133702 ], [ 55.38189, 25.213424 ], [ 55.3815765, 25.2135113 ], [ 55.3808766, 25.2137828 ], [ 55.3803105, 25.2140658 ], [ 55.3802926, 25.2140765 ], [ 55.3800268, 25.2142351 ], [ 55.3798174, 25.2143939 ], [ 55.3794708, 25.2146734 ], [ 55.3789528, 25.2150911 ], [ 55.3785026, 25.2154542 ], [ 55.3773072, 25.2164903 ], [ 55.3772452, 25.2165441 ], [ 55.3772252, 25.2165613 ], [ 55.3766616, 25.2170229 ], [ 55.3766638, 25.2166412 ], [ 55.3766559, 25.2158865 ], [ 55.3766551, 25.215321 ], [ 55.376631, 25.2146055 ], [ 55.3765968, 25.2140679 ], [ 55.3765566, 25.2137491 ], [ 55.3765219, 25.2135271 ], [ 55.3764061, 25.212942 ], [ 55.3763129, 25.2125529 ], [ 55.37626, 25.2122637 ], [ 55.3762276, 25.2119534 ], [ 55.3761831, 25.211438 ], [ 55.3761629, 25.210952 ], [ 55.376168, 25.210619 ], [ 55.3761991, 25.2099949 ], [ 55.3763491, 25.2085952 ], [ 55.3764373, 25.2071509 ], [ 55.3764401, 25.206404 ], [ 55.3763785, 25.2053056 ], [ 55.3762368, 25.2042023 ], [ 55.3761135, 25.2034837 ], [ 55.375842, 25.2023877 ], [ 55.3753245, 25.2005251 ], [ 55.3749395, 25.1992769 ], [ 55.3740849, 25.1963171 ], [ 55.3729696, 25.1927595 ], [ 55.3726484, 25.1916376 ], [ 55.3723472, 25.1906388 ], [ 55.3722438, 25.1901485 ], [ 55.3716641, 25.1878793 ], [ 55.3712549, 25.1865675 ], [ 55.3707932, 25.1849243 ], [ 55.3707923, 25.1849211 ] ] ] ] } },
{ "type": "Feature", "properties": { "osm_id": 1264541014, "osm_type": "ways_poly", "opening_hours": null, "landuse": "construction", "denomination": null, "building": null, "leisure": null, "name": null, "historic": null, "amenity": null, "religion": null }, "geometry": { "type": "MultiPolygon", "coordinates": [ [ [ [ 55.3619321, 25.2048481 ], [ 55.3626906, 25.2047951 ], [ 55.3627345, 25.2051014 ], [ 55.3620261, 25.2051562 ], [ 55.3619321, 25.2048481 ] ] ] ] } },
{ "type": "Feature", "properties": { "osm_id": 378111608, "osm_type": "ways_poly", "opening_hours": null, "landuse": "residential", "denomination": null, "building": null, "leisure": null, "name": "Al Badia Hillside Village Buildings, Dubai Festival City", "historic": null, "amenity": null, "religion": null }, "geometry": { "type": "MultiPolygon", "coordinates": [ [ [ [ 55.3626926, 25.220435 ], [ 55.3629141, 25.2201782 ], [ 55.363191, 25.2203736 ], [ 55.3629666, 25.2206338 ], [ 55.3629135, 25.2205963 ], [ 55.3628764, 25.2206393 ], [ 55.3628173, 25.2205976 ], [ 55.3628573, 25.2205513 ], [ 55.3626926, 25.220435 ] ] ] ] } },
{ "type": "Feature", "properties": { "osm_id": 1267885816, "osm_type": "ways_poly", "opening_hours": null, "landuse": "grass", "denomination": null, "building": null, "leisure": null, "name": null, "historic": null, "amenity": null, "religion": null }, "geometry": { "type": "MultiPolygon", "coordinates": [ [ [ [ 55.327822, 25.2356777 ], [ 55.3278299, 25.2356511 ], [ 55.3278394, 25.235625 ], [ 55.3278506, 25.2355994 ], [ 55.328096, 25.2356523 ], [ 55.3280545, 25.2357277 ], [ 55.327822, 25.2356777 ] ] ] ] } },
{ "type": "Feature", "properties": { "osm_id": 489091220, "osm_type": "ways_poly", "opening_hours": null, "landuse": "grass", "denomination": null, "building": null, "leisure": null, "name": null, "historic": null, "amenity": null, "religion": null }, "geometry": { "type": "MultiPolygon", "coordinates": [ [ [ [ 55.3345015, 25.2434719 ], [ 55.3360411, 25.2430595 ], [ 55.3372266, 25.2423268 ], [ 55.337294, 25.2422275 ], [ 55.3374067, 25.2421547 ], [ 55.3376427, 25.2424737 ], [ 55.3376373, 25.2425453 ], [ 55.3375056, 25.2426422 ], [ 55.3364756, 25.243632 ], [ 55.3354832, 25.2441075 ], [ 55.3347966, 25.2443307 ], [ 55.3346088, 25.2439426 ], [ 55.3345015, 25.2434719 ] ] ] ] } },
{ "type": "Feature", "properties": { "osm_id": 378111777, "osm_type": "ways_poly", "opening_hours": null, "landuse": "residential", "denomination": null, "building": null, "leisure": null, "name": "Al Badia Hillside Village Buildings, Dubai Festival City", "historic": null, "amenity": null, "religion": null }, "geometry": { "type": "MultiPolygon", "coordinates": [ [ [ [ 55.3601996, 25.2217665 ], [ 55.3602031, 25.2216197 ], [ 55.3602039, 25.2215876 ], [ 55.360293, 25.2215894 ], [ 55.3602973, 25.2214105 ], [ 55.3604627, 25.2214138 ], [ 55.3604621, 25.2214386 ], [ 55.3605759, 25.2214408 ], [ 55.3605677, 25.2217738 ], [ 55.3601996, 25.2217665 ] ] ] ] } },
{ "type": "Feature", "properties": { "osm_id": 244497636, "osm_type": "ways_poly", "opening_hours": null, "landuse": null, "denomination": null, "building": "mosque", "leisure": null, "name": null, "historic": null, "amenity": "place_of_worship", "religion": "muslim" }, "geometry": { "type": "MultiPolygon", "coordinates": [ [ [ [ 55.3769069, 25.2621048 ], [ 55.3769431, 25.2619547 ], [ 55.3771017, 25.2619859 ], [ 55.37709, 25.2620345 ], [ 55.377134, 25.2620431 ], [ 55.3771166, 25.2621153 ], [ 55.3770759, 25.2621073 ], [ 55.3770688, 25.2621368 ], [ 55.3769069, 25.2621048 ] ] ] ] } },
{ "type": "Feature", "properties": { "osm_id": 1426381816, "osm_type": "ways_poly", "opening_hours": null, "landuse": "grass", "denomination": null, "building": null, "leisure": null, "name": null, "historic": null, "amenity": null, "religion": null }, "geometry": { "type": "MultiPolygon", "coordinates": [ [ [ [ 55.374946, 25.2596278 ], [ 55.374949, 25.2596184 ], [ 55.3749563, 25.2596111 ], [ 55.3749664, 25.2596076 ], [ 55.3749773, 25.2596085 ], [ 55.3749865, 25.2596136 ], [ 55.3750198, 25.2596674 ], [ 55.3749834, 25.2596868 ], [ 55.3749479, 25.2596375 ], [ 55.374946, 25.2596278 ] ] ] ] } },
{ "type": "Feature", "properties": { "osm_id": 1426381818, "osm_type": "ways_poly", "opening_hours": null, "landuse": "grass", "denomination": null, "building": null, "leisure": null, "name": null, "historic": null, "amenity": null, "religion": null }, "geometry": { "type": "MultiPolygon", "coordinates": [ [ [ [ 55.373562, 25.2588203 ], [ 55.3735832, 25.2587974 ], [ 55.3736038, 25.2587781 ], [ 55.3736369, 25.2587554 ], [ 55.3736692, 25.2587478 ], [ 55.3736988, 25.2587459 ], [ 55.3736896, 25.2587866 ], [ 55.3736358, 25.2587753 ], [ 55.3736196, 25.2588366 ], [ 55.373562, 25.2588203 ] ] ] ] } },
{ "type": "Feature", "properties": { "osm_id": 1427694273, "osm_type": "ways_poly", "opening_hours": null, "landuse": "grass", "denomination": null, "building": null, "leisure": null, "name": null, "historic": null, "amenity": null, "religion": null }, "geometry": { "type": "MultiPolygon", "coordinates": [ [ [ [ 55.3624942, 25.2660091 ], [ 55.3626727, 25.2659128 ], [ 55.3626899, 25.2659385 ], [ 55.362771, 25.265894 ], [ 55.3628637, 25.2660339 ], [ 55.3626033, 25.2661744 ], [ 55.3624942, 25.2660091 ] ] ] ] } },
{ "type": "Feature", "properties": { "osm_id": 1429712440, "osm_type": "ways_poly", "opening_hours": null, "landuse": "grass", "denomination": null, "building": null, "leisure": null, "name": null, "historic": null, "amenity": null, "religion": null }, "geometry": { "type": "MultiPolygon", "coordinates": [ [ [ [ 55.3588464, 25.2675622 ], [ 55.3593681, 25.2675301 ], [ 55.3595915, 25.2675169 ], [ 55.3595827, 25.2675426 ], [ 55.359569, 25.2675606 ], [ 55.3595521, 25.2675781 ], [ 55.3595267, 25.2675968 ], [ 55.359495, 25.2676104 ], [ 55.3594604, 25.2676204 ], [ 55.3594248, 25.2676248 ], [ 55.3588541, 25.2676527 ], [ 55.3588464, 25.2675622 ] ] ] ] } },
{ "type": "Feature", "properties": { "osm_id": 1491868405, "osm_type": "ways_poly", "opening_hours": null, "landuse": "grass", "denomination": null, "building": null, "leisure": null, "name": null, "historic": null, "amenity": null, "religion": null }, "geometry": { "type": "MultiPolygon", "coordinates": [ [ [ [ 55.3448644, 25.2356069 ], [ 55.3448707, 25.2355847 ], [ 55.3448845, 25.2355655 ], [ 55.3449043, 25.2355513 ], [ 55.3449281, 25.2355436 ], [ 55.3449534, 25.2355431 ], [ 55.3449775, 25.23555 ], [ 55.344998, 25.2355634 ], [ 55.3450126, 25.2355821 ], [ 55.34502, 25.235604 ], [ 55.3450192, 25.2356268 ], [ 55.3450104, 25.2356483 ], [ 55.3449945, 25.2356661 ], [ 55.3449732, 25.2356784 ], [ 55.3449471, 25.2356839 ], [ 55.3449204, 25.2356812 ], [ 55.3448963, 25.2356705 ], [ 55.3448776, 25.2356531 ], [ 55.3448666, 25.235631 ], [ 55.3448644, 25.2356069 ] ] ] ] } },
{ "type": "Feature", "properties": { "osm_id": 646914168, "osm_type": "ways_poly", "opening_hours": null, "landuse": "grass", "denomination": null, "building": null, "leisure": null, "name": null, "historic": null, "amenity": null, "religion": null }, "geometry": { "type": "MultiPolygon", "coordinates": [ [ [ [ 55.4098146, 25.2182753 ], [ 55.4098561, 25.218274 ], [ 55.409858, 25.2183231 ], [ 55.4098165, 25.2183244 ], [ 55.4098146, 25.2182753 ] ] ] ] } },
{ "type": "Feature", "properties": { "osm_id": 445161116, "osm_type": "ways_poly", "opening_hours": null, "landuse": null, "denomination": null, "building": null, "leisure": "park", "name": "Mirdif Park", "historic": null, "amenity": null, "religion": null }, "geometry": { "type": "MultiPolygon", "coordinates": [ [ [ [ 55.4174709, 25.2191276 ], [ 55.4190051, 25.2190916 ], [ 55.4190311, 25.2199979 ], [ 55.4174969, 25.2200339 ], [ 55.4174709, 25.2191276 ] ] ] ] } },
{ "type": "Feature", "properties": { "osm_id": 1125155559, "osm_type": "ways_poly", "opening_hours": null, "landuse": null, "denomination": null, "building": "mosque", "leisure": null, "name": null, "historic": null, "amenity": "place_of_worship", "religion": "muslim" }, "geometry": { "type": "MultiPolygon", "coordinates": [ [ [ [ 55.3836414, 25.2573768 ], [ 55.3836762, 25.2572156 ], [ 55.3837553, 25.2572295 ], [ 55.3837205, 25.2573907 ], [ 55.3836414, 25.2573768 ] ] ] ] } },
{ "type": "Feature", "properties": { "osm_id": 244249818, "osm_type": "ways_poly", "opening_hours": null, "landuse": null, "denomination": null, "building": null, "leisure": "park", "name": null, "historic": null, "amenity": null, "religion": null }, "geometry": { "type": "MultiPolygon", "coordinates": [ [ [ [ 55.3909961, 25.2551623 ], [ 55.3910049, 25.2550836 ], [ 55.3915966, 25.25473 ], [ 55.3918503, 25.2550896 ], [ 55.3915676, 25.2552543 ], [ 55.3913882, 25.2553588 ], [ 55.3912138, 25.2554666 ], [ 55.3909961, 25.2551623 ] ] ] ] } },
{ "type": "Feature", "properties": { "osm_id": 437963120, "osm_type": "ways_poly", "opening_hours": null, "landuse": null, "denomination": null, "building": "yes", "leisure": null, "name": null, "historic": null, "amenity": "place_of_worship", "religion": "muslim" }, "geometry": { "type": "MultiPolygon", "coordinates": [ [ [ [ 55.3401772, 25.24485 ], [ 55.3402163, 25.2446543 ], [ 55.3403673, 25.244679 ], [ 55.3403735, 25.2446484 ], [ 55.340446, 25.2446603 ], [ 55.3403928, 25.2449266 ], [ 55.3403122, 25.2449134 ], [ 55.3403202, 25.2448734 ], [ 55.3401772, 25.24485 ] ] ] ] } },
{ "type": "Feature", "properties": { "osm_id": 518516744, "osm_type": "ways_poly", "opening_hours": null, "landuse": "residential", "denomination": null, "building": null, "leisure": null, "name": null, "historic": null, "amenity": null, "religion": null }, "geometry": { "type": "MultiPolygon", "coordinates": [ [ [ [ 55.4032115, 25.2405194 ], [ 55.4034036, 25.2404958 ], [ 55.4034335, 25.2405172 ], [ 55.4034796, 25.2405506 ], [ 55.4037052, 25.240715 ], [ 55.4037211, 25.2408479 ], [ 55.4037826, 25.2408419 ], [ 55.403806, 25.2410086 ], [ 55.4038146, 25.2411209 ], [ 55.4038897, 25.2415952 ], [ 55.4039, 25.2416575 ], [ 55.4039479, 25.2419309 ], [ 55.4039612, 25.242017 ], [ 55.404019, 25.2424353 ], [ 55.4040452, 25.2426501 ], [ 55.404063, 25.2427668 ], [ 55.4035912, 25.2428179 ], [ 55.403526, 25.2428255 ], [ 55.4035198, 25.2427822 ], [ 55.4034287, 25.2420686 ], [ 55.4033865, 25.2417274 ], [ 55.4033687, 25.2415835 ], [ 55.4033587, 25.2415008 ], [ 55.4033519, 25.2414508 ], [ 55.4033347, 25.2413242 ], [ 55.4033208, 25.2412339 ], [ 55.4033139, 25.2411893 ], [ 55.4032934, 25.2410528 ], [ 55.4032874, 25.2410112 ], [ 55.4032709, 25.2409013 ], [ 55.4032183, 25.2405645 ], [ 55.4032115, 25.2405194 ] ] ] ] } },
{ "type": "Feature", "properties": { "osm_id": 1426381799, "osm_type": "ways_poly", "opening_hours": null, "landuse": "grass", "denomination": null, "building": null, "leisure": null, "name": null, "historic": null, "amenity": null, "religion": null }, "geometry": { "type": "MultiPolygon", "coordinates": [ [ [ [ 55.3847364, 25.2550218 ], [ 55.3847394, 25.2550149 ], [ 55.3847456, 25.2550102 ], [ 55.3849067, 25.2549244 ], [ 55.3849236, 25.2549513 ], [ 55.3847495, 25.255046 ], [ 55.3847392, 25.2550323 ], [ 55.3847364, 25.2550218 ] ] ] ] } },
{ "type": "Feature", "properties": { "osm_id": 489091258, "osm_type": "ways_poly", "opening_hours": null, "landuse": "grass", "denomination": null, "building": null, "leisure": null, "name": null, "historic": null, "amenity": null, "religion": null }, "geometry": { "type": "MultiPolygon", "coordinates": [ [ [ [ 55.3385691, 25.2400297 ], [ 55.338647, 25.2400198 ], [ 55.3386562, 25.2400791 ], [ 55.3385783, 25.240089 ], [ 55.3385691, 25.2400297 ] ] ] ] } },
{ "type": "Feature", "properties": { "osm_id": 244249816, "osm_type": "ways_poly", "opening_hours": null, "landuse": null, "denomination": null, "building": "mosque", "leisure": null, "name": null, "historic": null, "amenity": "place_of_worship", "religion": "muslim" }, "geometry": { "type": "MultiPolygon", "coordinates": [ [ [ [ 55.392005, 25.2545459 ], [ 55.3921655, 25.2544201 ], [ 55.3923914, 25.254475 ], [ 55.3923507, 25.2546855 ], [ 55.392298, 25.2546666 ], [ 55.3921974, 25.254726 ], [ 55.3922255, 25.2547854 ], [ 55.392175, 25.2548098 ], [ 55.392005, 25.2545459 ] ] ] ] } },
{ "type": "Feature", "properties": { "osm_id": 500542086, "osm_type": "ways_poly", "opening_hours": null, "landuse": null, "denomination": null, "building": "yes", "leisure": null, "name": null, "historic": null, "amenity": "place_of_worship", "religion": "muslim" }, "geometry": { "type": "MultiPolygon", "coordinates": [ [ [ [ 55.4397254, 25.239022 ], [ 55.4397631, 25.2388441 ], [ 55.4398241, 25.2388547 ], [ 55.4398391, 25.2387842 ], [ 55.4399676, 25.2388065 ], [ 55.4399519, 25.2388806 ], [ 55.4399943, 25.238888 ], [ 55.4399839, 25.2389372 ], [ 55.4400224, 25.2389439 ], [ 55.440004, 25.2390312 ], [ 55.4399504, 25.2390219 ], [ 55.4399424, 25.2390596 ], [ 55.4397254, 25.239022 ] ] ] ] } },
{ "type": "Feature", "properties": { "osm_id": 500542087, "osm_type": "ways_poly", "opening_hours": null, "landuse": null, "denomination": null, "building": "yes", "leisure": null, "name": null, "historic": null, "amenity": "place_of_worship", "religion": "muslim" }, "geometry": { "type": "MultiPolygon", "coordinates": [ [ [ [ 55.4379383, 25.2439173 ], [ 55.4379848, 25.2437143 ], [ 55.438273, 25.2437683 ], [ 55.4382265, 25.2439713 ], [ 55.4379383, 25.2439173 ] ] ] ] } },
{ "type": "Feature", "properties": { "osm_id": 500529176, "osm_type": "ways_poly", "opening_hours": null, "landuse": null, "denomination": null, "building": "yes", "leisure": null, "name": null, "historic": null, "amenity": "place_of_worship", "religion": "muslim" }, "geometry": { "type": "MultiPolygon", "coordinates": [ [ [ [ 55.4387279, 25.2490242 ], [ 55.4387646, 25.248836 ], [ 55.4389082, 25.2488589 ], [ 55.4388714, 25.2490471 ], [ 55.4387279, 25.2490242 ] ] ] ] } },
{ "type": "Feature", "properties": { "osm_id": 211605112, "osm_type": "ways_poly", "opening_hours": null, "landuse": "grass", "denomination": null, "building": null, "leisure": null, "name": null, "historic": null, "amenity": null, "religion": null }, "geometry": { "type": "MultiPolygon", "coordinates": [ [ [ [ 55.4541113, 25.2679245 ], [ 55.4541174, 25.2678998 ], [ 55.4541377, 25.2678735 ], [ 55.4541615, 25.2678596 ], [ 55.454291, 25.2678281 ], [ 55.4543205, 25.2678315 ], [ 55.4543401, 25.2678383 ], [ 55.4543565, 25.2678524 ], [ 55.4543723, 25.2678755 ], [ 55.4543781, 25.2679006 ], [ 55.4543686, 25.2679387 ], [ 55.4543515, 25.2679591 ], [ 55.454327, 25.2679734 ], [ 55.4541966, 25.2680015 ], [ 55.4541682, 25.2679982 ], [ 55.4541491, 25.2679902 ], [ 55.4541279, 25.2679726 ], [ 55.4541149, 25.2679499 ], [ 55.4541113, 25.2679245 ] ] ] ] } },
{ "type": "Feature", "properties": { "osm_id": 500746584, "osm_type": "ways_poly", "opening_hours": null, "landuse": null, "denomination": null, "building": "yes", "leisure": null, "name": null, "historic": null, "amenity": "place_of_worship", "religion": "muslim" }, "geometry": { "type": "MultiPolygon", "coordinates": [ [ [ [ 55.4422245, 25.2328351 ], [ 55.4422927, 25.2325778 ], [ 55.4425891, 25.232642 ], [ 55.442521, 25.2328994 ], [ 55.4422245, 25.2328351 ] ] ] ] } },
{ "type": "Feature", "properties": { "osm_id": 462318595, "osm_type": "ways_poly", "opening_hours": null, "landuse": null, "denomination": null, "building": "yes", "leisure": null, "name": null, "historic": null, "amenity": "place_of_worship", "religion": "muslim" }, "geometry": { "type": "MultiPolygon", "coordinates": [ [ [ [ 55.4598911, 25.2322702 ], [ 55.4599377, 25.2320878 ], [ 55.4601383, 25.2321297 ], [ 55.4600917, 25.2323121 ], [ 55.4598911, 25.2322702 ] ] ] ] } },
{ "type": "Feature", "properties": { "osm_id": 500537281, "osm_type": "ways_poly", "opening_hours": null, "landuse": null, "denomination": null, "building": "yes", "leisure": null, "name": null, "historic": null, "amenity": "place_of_worship", "religion": "muslim" }, "geometry": { "type": "MultiPolygon", "coordinates": [ [ [ [ 55.4381721, 25.2538948 ], [ 55.4382215, 25.2537033 ], [ 55.4385073, 25.2537635 ], [ 55.4384978, 25.2538005 ], [ 55.438527, 25.2538067 ], [ 55.4384999, 25.2539116 ], [ 55.4384351, 25.2538979 ], [ 55.4384223, 25.2539476 ], [ 55.4381721, 25.2538948 ] ] ] ] } },
{ "type": "Feature", "properties": { "osm_id": 500503087, "osm_type": "ways_poly", "opening_hours": null, "landuse": null, "denomination": null, "building": "yes", "leisure": null, "name": null, "historic": null, "amenity": "place_of_worship", "religion": "muslim" }, "geometry": { "type": "MultiPolygon", "coordinates": [ [ [ [ 55.4435641, 25.2511108 ], [ 55.4435851, 25.2510082 ], [ 55.4436103, 25.2509892 ], [ 55.44365, 25.2509962 ], [ 55.4436603, 25.2509489 ], [ 55.4437357, 25.2509623 ], [ 55.443718, 25.2510441 ], [ 55.4437575, 25.2510511 ], [ 55.4437328, 25.2511647 ], [ 55.4435788, 25.2511374 ], [ 55.4435641, 25.2511108 ] ] ] ] } },
{ "type": "Feature", "properties": { "osm_id": 245395244, "osm_type": "ways_poly", "opening_hours": null, "landuse": null, "denomination": null, "building": "public", "leisure": null, "name": null, "historic": null, "amenity": null, "religion": null }, "geometry": { "type": "MultiPolygon", "coordinates": [ [ [ [ 55.3872303, 25.2633123 ], [ 55.3879052, 25.262909 ], [ 55.3881318, 25.2632192 ], [ 55.3874569, 25.2636225 ], [ 55.3872303, 25.2633123 ] ] ] ] } },
{ "type": "Feature", "properties": { "osm_id": 1119541167, "osm_type": "ways_poly", "opening_hours": null, "landuse": null, "denomination": null, "building": "mosque", "leisure": null, "name": null, "historic": null, "amenity": "place_of_worship", "religion": "muslim" }, "geometry": { "type": "MultiPolygon", "coordinates": [ [ [ [ 55.3943013, 25.2638324 ], [ 55.3943261, 25.263662 ], [ 55.3944985, 25.2636826 ], [ 55.3944905, 25.2637373 ], [ 55.3945337, 25.2637424 ], [ 55.3945224, 25.2638203 ], [ 55.3944383, 25.2638103 ], [ 55.3944328, 25.2638481 ], [ 55.3943013, 25.2638324 ] ] ] ] } },
{ "type": "Feature", "properties": { "osm_id": 224344466, "osm_type": "ways_poly", "opening_hours": null, "landuse": null, "denomination": null, "building": null, "leisure": null, "name": null, "historic": null, "amenity": "place_of_worship", "religion": "muslim" }, "geometry": { "type": "MultiPolygon", "coordinates": [ [ [ [ 55.4111419, 25.1873719 ], [ 55.4118339, 25.1872942 ], [ 55.4118496, 25.187627 ], [ 55.4117508, 25.1876365 ], [ 55.4117322, 25.1876606 ], [ 55.4116703, 25.1877408 ], [ 55.411555, 25.1877433 ], [ 55.411268, 25.1875224 ], [ 55.4111419, 25.1873719 ] ] ] ] } },
{ "type": "Feature", "properties": { "osm_id": 224344447, "osm_type": "ways_poly", "opening_hours": null, "landuse": null, "denomination": null, "building": "yes", "leisure": null, "name": null, "historic": null, "amenity": "place_of_worship", "religion": "muslim" }, "geometry": { "type": "MultiPolygon", "coordinates": [ [ [ [ 55.4113963, 25.1875129 ], [ 55.4114419, 25.1873697 ], [ 55.4117397, 25.1874401 ], [ 55.4117508, 25.1876365 ], [ 55.4117322, 25.1876606 ], [ 55.4114178, 25.187576 ], [ 55.4114339, 25.1875226 ], [ 55.4113963, 25.1875129 ] ] ] ] } },
{ "type": "Feature", "properties": { "osm_id": 224343312, "osm_type": "ways_poly", "opening_hours": null, "landuse": null, "denomination": null, "building": "yes", "leisure": null, "name": null, "historic": null, "amenity": "place_of_worship", "religion": "muslim" }, "geometry": { "type": "MultiPolygon", "coordinates": [ [ [ [ 55.4229761, 25.1882862 ], [ 55.4230301, 25.1880508 ], [ 55.4233191, 25.1881051 ], [ 55.4232514, 25.1883999 ], [ 55.4231382, 25.1883787 ], [ 55.4231519, 25.1883193 ], [ 55.4229761, 25.1882862 ] ] ] ] } },
{ "type": "Feature", "properties": { "osm_id": 527625896, "osm_type": "ways_poly", "opening_hours": null, "landuse": null, "denomination": null, "building": null, "leisure": null, "name": null, "historic": null, "amenity": "place_of_worship", "religion": "muslim" }, "geometry": { "type": "MultiPolygon", "coordinates": [ [ [ [ 55.4177981, 25.1910958 ], [ 55.417884, 25.1906948 ], [ 55.4184527, 25.1908134 ], [ 55.4183507, 25.1911485 ], [ 55.4177981, 25.1910958 ] ] ] ] } },
{ "type": "Feature", "properties": { "osm_id": 462772438, "osm_type": "ways_poly", "opening_hours": null, "landuse": "forest", "denomination": null, "building": null, "leisure": null, "name": null, "historic": null, "amenity": null, "religion": null }, "geometry": { "type": "MultiPolygon", "coordinates": [ [ [ [ 55.4605758, 25.2104884 ], [ 55.4609195, 25.2104945 ], [ 55.461216, 25.2112627 ], [ 55.461371, 25.2119821 ], [ 55.4610004, 25.2120918 ], [ 55.4607578, 25.2114456 ], [ 55.4605758, 25.2104884 ] ] ] ] } },
{ "type": "Feature", "properties": { "osm_id": 1426585306, "osm_type": "ways_poly", "opening_hours": null, "landuse": "grass", "denomination": null, "building": null, "leisure": null, "name": null, "historic": null, "amenity": null, "religion": null }, "geometry": { "type": "MultiPolygon", "coordinates": [ [ [ [ 55.3824107, 25.255324 ], [ 55.3824388, 25.2553098 ], [ 55.3824613, 25.2553079 ], [ 55.3824838, 25.2553103 ], [ 55.3825052, 25.2553169 ], [ 55.3825201, 25.2553246 ], [ 55.3825334, 25.2553344 ], [ 55.382646, 25.2555253 ], [ 55.3825676, 25.2555641 ], [ 55.3824107, 25.255324 ] ] ] ] } },
{ "type": "Feature", "properties": { "osm_id": 1426785877, "osm_type": "ways_poly", "opening_hours": null, "landuse": "grass", "denomination": null, "building": null, "leisure": null, "name": null, "historic": null, "amenity": null, "religion": null }, "geometry": { "type": "MultiPolygon", "coordinates": [ [ [ [ 55.3884691, 25.2333919 ], [ 55.3884906, 25.2333876 ], [ 55.3885105, 25.2333893 ], [ 55.388529, 25.2333962 ], [ 55.3885445, 25.2334077 ], [ 55.3885537, 25.2334248 ], [ 55.3885538, 25.2334438 ], [ 55.3885493, 25.2334562 ], [ 55.3885402, 25.2334665 ], [ 55.3885298, 25.2334696 ], [ 55.3885191, 25.2334676 ], [ 55.388511, 25.233461 ], [ 55.3884906, 25.2334349 ], [ 55.3884785, 25.233414 ], [ 55.3884691, 25.2333919 ] ] ] ] } },
{ "type": "Feature", "properties": { "osm_id": 503629889, "osm_type": "ways_poly", "opening_hours": null, "landuse": null, "denomination": null, "building": "yes", "leisure": null, "name": null, "historic": null, "amenity": "place_of_worship", "religion": "muslim" }, "geometry": { "type": "MultiPolygon", "coordinates": [ [ [ [ 55.4683475, 25.266357 ], [ 55.4683884, 25.2661811 ], [ 55.4685472, 25.2662113 ], [ 55.4685063, 25.2663873 ], [ 55.4683475, 25.266357 ] ] ] ] } },
{ "type": "Feature", "properties": { "osm_id": 502906917, "osm_type": "ways_poly", "opening_hours": null, "landuse": null, "denomination": null, "building": "yes", "leisure": null, "name": null, "historic": null, "amenity": "place_of_worship", "religion": "muslim" }, "geometry": { "type": "MultiPolygon", "coordinates": [ [ [ [ 55.4656171, 25.2517724 ], [ 55.4657161, 25.2514543 ], [ 55.4659168, 25.2515053 ], [ 55.4658177, 25.2518235 ], [ 55.4656171, 25.2517724 ] ] ] ] } },
{ "type": "Feature", "properties": { "osm_id": 488231338, "osm_type": "ways_poly", "opening_hours": null, "landuse": "grass", "denomination": null, "building": null, "leisure": null, "name": null, "historic": null, "amenity": null, "religion": null }, "geometry": { "type": "MultiPolygon", "coordinates": [ [ [ [ 55.3344023, 25.2415308 ], [ 55.3344049, 25.2414895 ], [ 55.3344204, 25.2414501 ], [ 55.3344639, 25.2414319 ], [ 55.3345189, 25.2414253 ], [ 55.3345753, 25.2414277 ], [ 55.334639, 25.2414168 ], [ 55.334708, 25.2414277 ], [ 55.3347382, 25.241455 ], [ 55.3347496, 25.2415041 ], [ 55.3347369, 25.2415472 ], [ 55.3346986, 25.2415769 ], [ 55.334647, 25.2415914 ], [ 55.3345826, 25.2415921 ], [ 55.3345055, 25.2415914 ], [ 55.3344458, 25.2415811 ], [ 55.3344197, 25.2415666 ], [ 55.3344023, 25.2415308 ] ] ] ] } },
{ "type": "Feature", "properties": { "osm_id": 733438098, "osm_type": "ways_poly", "opening_hours": "08:00-22:00", "landuse": null, "denomination": null, "building": null, "leisure": "park", "name": "Muhaisnah 1 Park 2", "historic": null, "amenity": null, "religion": null }, "geometry": { "type": "MultiPolygon", "coordinates": [ [ [ [ 55.4244384, 25.2522032 ], [ 55.4246396, 25.2512425 ], [ 55.4247066, 25.2511989 ], [ 55.4259458, 25.2514221 ], [ 55.4257473, 25.2524531 ], [ 55.4257286, 25.2524676 ], [ 55.4255676, 25.2524458 ], [ 55.4244787, 25.252259 ], [ 55.4244384, 25.2522032 ] ] ] ] } },
{ "type": "Feature", "properties": { "osm_id": 733438093, "osm_type": "ways_poly", "opening_hours": "24/7", "landuse": null, "denomination": null, "building": null, "leisure": "park", "name": "Al Rashidiya Park 3", "historic": null, "amenity": null, "religion": null }, "geometry": { "type": "MultiPolygon", "coordinates": [ [ [ [ 55.3843518, 25.2150832 ], [ 55.384379, 25.2150049 ], [ 55.3850866, 25.2147236 ], [ 55.3852666, 25.2150941 ], [ 55.3845043, 25.2153971 ], [ 55.3843518, 25.2150832 ] ] ] ] } },
{ "type": "Feature", "properties": { "osm_id": 733438094, "osm_type": "ways_poly", "opening_hours": null, "landuse": null, "denomination": null, "building": null, "leisure": "park", "name": "Nad Shamma Park", "historic": null, "amenity": null, "religion": null }, "geometry": { "type": "MultiPolygon", "coordinates": [ [ [ [ 55.3768728, 25.2208792 ], [ 55.3801773, 25.2171617 ], [ 55.380349, 25.2173073 ], [ 55.3810034, 25.2177247 ], [ 55.3814755, 25.2187439 ], [ 55.3818618, 25.2186565 ], [ 55.3822695, 25.2193845 ], [ 55.3825913, 25.2192583 ], [ 55.3826771, 25.2193262 ], [ 55.3833853, 25.2190642 ], [ 55.3835111, 25.2196659 ], [ 55.3800054, 25.2210576 ], [ 55.3768757, 25.2218057 ], [ 55.3768728, 25.2208792 ] ] ] ] } },
{ "type": "Feature", "properties": { "osm_id": 733438096, "osm_type": "ways_poly", "opening_hours": "24/7", "landuse": null, "denomination": null, "building": null, "leisure": "park", "name": "Al Rashidiya PArk 7", "historic": null, "amenity": null, "religion": null }, "geometry": { "type": "MultiPolygon", "coordinates": [ [ [ [ 55.397644, 25.2189516 ], [ 55.398098, 25.218765 ], [ 55.3983371, 25.2192411 ], [ 55.3978832, 25.2194277 ], [ 55.397644, 25.2189516 ] ] ] ] } },
{ "type": "Feature", "properties": { "osm_id": 733438097, "osm_type": "ways_poly", "opening_hours": "24/7", "landuse": null, "denomination": null, "building": null, "leisure": "park", "name": "Al Mizhar 1 Park", "historic": null, "amenity": null, "religion": null }, "geometry": { "type": "MultiPolygon", "coordinates": [ [ [ [ 55.4465633, 25.2366224 ], [ 55.4472741, 25.2365132 ], [ 55.447309, 25.2366685 ], [ 55.447419, 25.236654 ], [ 55.4475155, 25.2371562 ], [ 55.4466626, 25.2372605 ], [ 55.4465633, 25.2366224 ] ] ] ] } },
{ "type": "Feature", "properties": { "osm_id": 733438099, "osm_type": "ways_poly", "opening_hours": "07:00-22:00", "landuse": null, "denomination": null, "building": null, "leisure": "park", "name": "Muhaisnah 1 Park 1", "historic": null, "amenity": null, "religion": null }, "geometry": { "type": "MultiPolygon", "coordinates": [ [ [ [ 55.4106448, 25.2485208 ], [ 55.4108862, 25.2473952 ], [ 55.4109184, 25.2474024 ], [ 55.4122541, 25.2476402 ], [ 55.4120557, 25.2487367 ], [ 55.4106448, 25.2485208 ] ] ] ] } },
{ "type": "Feature", "properties": { "osm_id": 1173254714, "osm_type": "ways_poly", "opening_hours": null, "landuse": "construction", "denomination": null, "building": null, "leisure": null, "name": null, "historic": null, "amenity": null, "religion": null }, "geometry": { "type": "MultiPolygon", "coordinates": [ [ [ [ 55.3328602, 25.2221454 ], [ 55.333131, 25.2214357 ], [ 55.3332968, 25.221499 ], [ 55.3333482, 25.2215307 ], [ 55.3334182, 25.221611 ], [ 55.3334859, 25.2217229 ], [ 55.333542, 25.2218856 ], [ 55.3335583, 25.2220208 ], [ 55.3335396, 25.2221856 ], [ 55.3334252, 25.2224031 ], [ 55.3333435, 25.2224517 ], [ 55.3332034, 25.2223186 ], [ 55.3331287, 25.2222679 ], [ 55.3330306, 25.2222088 ], [ 55.3328602, 25.2221454 ] ] ] ] } },
{ "type": "Feature", "properties": { "osm_id": 488231397, "osm_type": "ways_poly", "opening_hours": null, "landuse": "grass", "denomination": null, "building": null, "leisure": null, "name": null, "historic": null, "amenity": null, "religion": null }, "geometry": { "type": "MultiPolygon", "coordinates": [ [ [ [ 55.3374471, 25.240567 ], [ 55.3374572, 25.2405306 ], [ 55.3374726, 25.2405148 ], [ 55.3374968, 25.2405009 ], [ 55.3375397, 25.2404966 ], [ 55.337592, 25.2404875 ], [ 55.3376543, 25.240479 ], [ 55.3376999, 25.2404657 ], [ 55.3377442, 25.2404675 ], [ 55.3377885, 25.2404887 ], [ 55.3378126, 25.2405385 ], [ 55.3378193, 25.2405894 ], [ 55.3377972, 25.2406228 ], [ 55.3377482, 25.2406464 ], [ 55.3377053, 25.240647 ], [ 55.337653, 25.2406404 ], [ 55.3376168, 25.2406295 ], [ 55.3375665, 25.2406204 ], [ 55.3375256, 25.2406216 ], [ 55.3374934, 25.2406222 ], [ 55.3374666, 25.24061 ], [ 55.3374525, 25.24059 ], [ 55.3374471, 25.240567 ] ] ] ] } },
{ "type": "Feature", "properties": { "osm_id": 1182762498, "osm_type": "ways_poly", "opening_hours": null, "landuse": null, "denomination": null, "building": "yes", "leisure": null, "name": null, "historic": null, "amenity": "place_of_worship", "religion": "muslim" }, "geometry": { "type": "MultiPolygon", "coordinates": [ [ [ [ 55.3422115, 25.2192291 ], [ 55.3422155, 25.2191693 ], [ 55.3422886, 25.2191733 ], [ 55.3422846, 25.219233 ], [ 55.3422115, 25.2192291 ] ] ] ] } },
{ "type": "Feature", "properties": { "osm_id": 503423348, "osm_type": "ways_poly", "opening_hours": null, "landuse": null, "denomination": null, "building": "yes", "leisure": null, "name": null, "historic": null, "amenity": "place_of_worship", "religion": "muslim" }, "geometry": { "type": "MultiPolygon", "coordinates": [ [ [ [ 55.4799043, 25.2492107 ], [ 55.4799352, 25.2490597 ], [ 55.4801458, 25.249095 ], [ 55.4801148, 25.249246 ], [ 55.4799043, 25.2492107 ] ] ] ] } },
{ "type": "Feature", "properties": { "osm_id": 445161117, "osm_type": "ways_poly", "opening_hours": null, "landuse": null, "denomination": null, "building": "mosque", "leisure": null, "name": null, "historic": null, "amenity": "place_of_worship", "religion": "muslim" }, "geometry": { "type": "MultiPolygon", "coordinates": [ [ [ [ 55.4312638, 25.2289271 ], [ 55.4312822, 25.2288444 ], [ 55.4313077, 25.2287296 ], [ 55.4313995, 25.2287462 ], [ 55.4314128, 25.2286864 ], [ 55.4315598, 25.2287131 ], [ 55.4315482, 25.228765 ], [ 55.4315928, 25.2287731 ], [ 55.4315811, 25.2288255 ], [ 55.4316093, 25.2288306 ], [ 55.4315841, 25.2289444 ], [ 55.4315359, 25.2289356 ], [ 55.4315237, 25.2289905 ], [ 55.431428, 25.2289731 ], [ 55.4314314, 25.2289576 ], [ 55.4312638, 25.2289271 ] ] ] ] } },
{ "type": "Feature", "properties": { "osm_id": 445155444, "osm_type": "ways_poly", "opening_hours": null, "landuse": null, "denomination": null, "building": "mosque", "leisure": null, "name": null, "historic": null, "amenity": "place_of_worship", "religion": "muslim" }, "geometry": { "type": "MultiPolygon", "coordinates": [ [ [ [ 55.4341591, 25.2228375 ], [ 55.4346474, 25.2225907 ], [ 55.434962, 25.2231001 ], [ 55.4344737, 25.2233469 ], [ 55.4341591, 25.2228375 ] ] ] ] } },
{ "type": "Feature", "properties": { "osm_id": 428655526, "osm_type": "ways_poly", "opening_hours": null, "landuse": null, "denomination": null, "building": null, "leisure": "park", "name": "Uptown Mirdif Park", "historic": null, "amenity": null, "religion": null }, "geometry": { "type": "MultiPolygon", "coordinates": [ [ [ [ 55.4261508, 25.2217002 ], [ 55.4263689, 25.2214889 ], [ 55.426538, 25.221753 ], [ 55.4265705, 25.2217353 ], [ 55.4270204, 25.221529 ], [ 55.4271363, 25.2215276 ], [ 55.4272537, 25.2215671 ], [ 55.4280784, 25.2229547 ], [ 55.4280685, 25.2230663 ], [ 55.42715, 25.2235265 ], [ 55.4261832, 25.2219521 ], [ 55.4261508, 25.2217002 ] ] ] ] } },
{ "type": "Feature", "properties": { "osm_id": 503409091, "osm_type": "ways_poly", "opening_hours": null, "landuse": null, "denomination": null, "building": "yes", "leisure": null, "name": null, "historic": null, "amenity": "place_of_worship", "religion": "muslim" }, "geometry": { "type": "MultiPolygon", "coordinates": [ [ [ [ 55.4808222, 25.2597907 ], [ 55.4808704, 25.2595643 ], [ 55.4811243, 25.2596085 ], [ 55.4811054, 25.2596973 ], [ 55.4812855, 25.2597287 ], [ 55.4812684, 25.2598091 ], [ 55.4810759, 25.2597756 ], [ 55.4810637, 25.2598327 ], [ 55.4808222, 25.2597907 ] ] ] ] } },
{ "type": "Feature", "properties": { "osm_id": 500494833, "osm_type": "ways_poly", "opening_hours": null, "landuse": null, "denomination": null, "building": "yes", "leisure": null, "name": null, "historic": null, "amenity": "place_of_worship", "religion": "muslim" }, "geometry": { "type": "MultiPolygon", "coordinates": [ [ [ [ 55.4419786, 25.187741 ], [ 55.4420404, 25.1874805 ], [ 55.4422516, 25.1875215 ], [ 55.4422343, 25.1875945 ], [ 55.4423111, 25.1876094 ], [ 55.4422792, 25.187744 ], [ 55.4422042, 25.1877295 ], [ 55.4421917, 25.1877823 ], [ 55.4419786, 25.187741 ] ] ] ] } },
{ "type": "Feature", "properties": { "osm_id": 390021861, "osm_type": "ways_poly", "opening_hours": null, "landuse": null, "denomination": null, "building": "yes", "leisure": null, "name": null, "historic": null, "amenity": "place_of_worship", "religion": "muslim" }, "geometry": { "type": "MultiPolygon", "coordinates": [ [ [ [ 55.3834315, 25.1967768 ], [ 55.3834384, 25.1967448 ], [ 55.3834722, 25.1967507 ], [ 55.3834889, 25.1966727 ], [ 55.3836802, 25.1967062 ], [ 55.3836871, 25.1966741 ], [ 55.3837777, 25.1966899 ], [ 55.383756, 25.1967916 ], [ 55.3837856, 25.1967968 ], [ 55.3837716, 25.1968622 ], [ 55.3837362, 25.196856 ], [ 55.3837152, 25.1969542 ], [ 55.383636, 25.1969403 ], [ 55.383628, 25.196978 ], [ 55.3834693, 25.1969502 ], [ 55.3834787, 25.1969062 ], [ 55.3834374, 25.1968989 ], [ 55.3834623, 25.1967822 ], [ 55.3834315, 25.1967768 ] ] ] ] } },
{ "type": "Feature", "properties": { "osm_id": 500242370, "osm_type": "ways_poly", "opening_hours": null, "landuse": null, "denomination": null, "building": "yes", "leisure": null, "name": null, "historic": null, "amenity": "place_of_worship", "religion": "muslim" }, "geometry": { "type": "MultiPolygon", "coordinates": [ [ [ [ 55.3798699, 25.206693 ], [ 55.3799173, 25.2064917 ], [ 55.3801692, 25.2065403 ], [ 55.3801219, 25.2067415 ], [ 55.3798699, 25.206693 ] ] ] ] } },
{ "type": "Feature", "properties": { "osm_id": 213911428, "osm_type": "ways_poly", "opening_hours": null, "landuse": "grass", "denomination": null, "building": null, "leisure": null, "name": null, "historic": null, "amenity": null, "religion": null }, "geometry": { "type": "MultiPolygon", "coordinates": [ [ [ [ 55.3644065, 25.2172249 ], [ 55.3644354, 25.2171858 ], [ 55.3644684, 25.2171494 ], [ 55.3645189, 25.217127 ], [ 55.3645911, 25.2171093 ], [ 55.3646416, 25.2171167 ], [ 55.3647035, 25.2171699 ], [ 55.3647365, 25.2172016 ], [ 55.3647582, 25.2172268 ], [ 55.3648066, 25.2172819 ], [ 55.3648386, 25.2173192 ], [ 55.3648902, 25.217364 ], [ 55.3649428, 25.2174003 ], [ 55.3650181, 25.2174768 ], [ 55.3650624, 25.2175198 ], [ 55.3650954, 25.2175757 ], [ 55.3651387, 25.2176606 ], [ 55.365149, 25.2176933 ], [ 55.3651624, 25.2177288 ], [ 55.3651769, 25.2177493 ], [ 55.3651913, 25.2177931 ], [ 55.3652006, 25.2178165 ], [ 55.3652171, 25.2178388 ], [ 55.3652346, 25.2178668 ], [ 55.3652645, 25.2178958 ], [ 55.3652841, 25.2179265 ], [ 55.3653357, 25.2179517 ], [ 55.3654532, 25.2179844 ], [ 55.3655966, 25.2179974 ], [ 55.3656729, 25.2180049 ], [ 55.3657307, 25.2180152 ], [ 55.3657647, 25.2180553 ], [ 55.3657822, 25.2180917 ], [ 55.3657874, 25.2181281 ], [ 55.3657925, 25.2181607 ], [ 55.3658121, 25.2182074 ], [ 55.3658369, 25.2182335 ], [ 55.3658761, 25.2182494 ], [ 55.3659204, 25.2182661 ], [ 55.3659441, 25.2182671 ], [ 55.3659761, 25.2182587 ], [ 55.366005, 25.2182521 ], [ 55.3660244, 25.2182428 ], [ 55.3660326, 25.2182736 ], [ 55.3660481, 25.2183006 ], [ 55.3660749, 25.2183212 ], [ 55.3660956, 25.2183305 ], [ 55.3661172, 25.2183324 ], [ 55.3661356, 25.2183298 ], [ 55.366152, 25.2183677 ], [ 55.3661582, 25.218405 ], [ 55.3661376, 25.2184368 ], [ 55.3660716, 25.2184815 ], [ 55.3659767, 25.2184965 ], [ 55.3658983, 25.2184834 ], [ 55.3658406, 25.2184647 ], [ 55.3657601, 25.21842 ], [ 55.3656941, 25.2183901 ], [ 55.3656261, 25.2183808 ], [ 55.3654611, 25.2183789 ], [ 55.3653043, 25.218377 ], [ 55.3652466, 25.2183472 ], [ 55.3650981, 25.2182184 ], [ 55.3649063, 25.2180244 ], [ 55.3646567, 25.2177146 ], [ 55.3644797, 25.2174237 ], [ 55.3644395, 25.2173462 ], [ 55.3644065, 25.2172753 ], [ 55.3644065, 25.2172249 ] ] ] ] } },
{ "type": "Feature", "properties": { "osm_id": 386161384, "osm_type": "ways_poly", "opening_hours": null, "landuse": null, "denomination": null, "building": "yes", "leisure": null, "name": null, "historic": null, "amenity": "place_of_worship", "religion": "muslim" }, "geometry": { "type": "MultiPolygon", "coordinates": [ [ [ [ 55.3405751, 25.2184465 ], [ 55.340593, 25.2183922 ], [ 55.3405797, 25.2183886 ], [ 55.340586, 25.2183695 ], [ 55.3406003, 25.2183734 ], [ 55.3406186, 25.2183182 ], [ 55.3407454, 25.2183524 ], [ 55.3407029, 25.2184811 ], [ 55.3405751, 25.2184465 ] ] ] ] } },
{ "type": "Feature", "properties": { "osm_id": 213911426, "osm_type": "ways_poly", "opening_hours": null, "landuse": "grass", "denomination": null, "building": null, "leisure": null, "name": null, "historic": null, "amenity": null, "religion": null }, "geometry": { "type": "MultiPolygon", "coordinates": [ [ [ [ 55.3660244, 25.2182428 ], [ 55.3660296, 25.2182101 ], [ 55.3660481, 25.2181887 ], [ 55.3660718, 25.2181709 ], [ 55.3660842, 25.2181486 ], [ 55.3660997, 25.218115 ], [ 55.3661131, 25.2180963 ], [ 55.3661368, 25.2180851 ], [ 55.366176, 25.2180814 ], [ 55.3661997, 25.2180907 ], [ 55.3662193, 25.2181056 ], [ 55.3662327, 25.2181383 ], [ 55.3662368, 25.2181626 ], [ 55.3662296, 25.2181933 ], [ 55.3662245, 25.2182111 ], [ 55.3662214, 25.2182316 ], [ 55.3662152, 25.2182465 ], [ 55.3662038, 25.2182633 ], [ 55.3661935, 25.2182932 ], [ 55.3661739, 25.2183193 ], [ 55.3661512, 25.2183277 ], [ 55.3661356, 25.2183298 ], [ 55.3661172, 25.2183324 ], [ 55.3660956, 25.2183305 ], [ 55.3660749, 25.2183212 ], [ 55.3660481, 25.2183006 ], [ 55.3660326, 25.2182736 ], [ 55.3660244, 25.2182428 ] ] ] ] } },
{ "type": "Feature", "properties": { "osm_id": 213547312, "osm_type": "ways_poly", "opening_hours": null, "landuse": "grass", "denomination": null, "building": null, "leisure": null, "name": null, "historic": null, "amenity": null, "religion": null }, "geometry": { "type": "MultiPolygon", "coordinates": [ [ [ [ 55.3676503, 25.2166167 ], [ 55.3676545, 25.2165899 ], [ 55.3676742, 25.2165772 ], [ 55.3677066, 25.2165734 ], [ 55.3677235, 25.2165836 ], [ 55.3677347, 25.2165976 ], [ 55.3677263, 25.2166294 ], [ 55.367708, 25.2166485 ], [ 55.3676784, 25.2166549 ], [ 55.3676573, 25.2166371 ], [ 55.3676503, 25.2166167 ] ] ] ] } },
{ "type": "Feature", "properties": { "osm_id": 527666143, "osm_type": "ways_poly", "opening_hours": null, "landuse": null, "denomination": null, "building": null, "leisure": "park", "name": null, "historic": null, "amenity": null, "religion": null }, "geometry": { "type": "MultiPolygon", "coordinates": [ [ [ [ 55.4231309, 25.2053968 ], [ 55.4238249, 25.205154 ], [ 55.4239196, 25.2053692 ], [ 55.4240169, 25.2055905 ], [ 55.4237007, 25.2057013 ], [ 55.4233179, 25.2058355 ], [ 55.4232223, 25.2056111 ], [ 55.4231309, 25.2053968 ] ] ] ] } },
{ "type": "Feature", "properties": { "osm_id": 462773186, "osm_type": "ways_poly", "opening_hours": null, "landuse": "forest", "denomination": null, "building": null, "leisure": null, "name": null, "historic": null, "amenity": null, "religion": null }, "geometry": { "type": "MultiPolygon", "coordinates": [ [ [ [ 55.4377938, 25.2143422 ], [ 55.4378948, 25.214074 ], [ 55.4383867, 25.2137448 ], [ 55.4384946, 25.2138362 ], [ 55.439101, 25.2135192 ], [ 55.4393301, 25.2136472 ], [ 55.4395659, 25.2138972 ], [ 55.4400039, 25.2137326 ], [ 55.4401791, 25.2134156 ], [ 55.440698, 25.2133729 ], [ 55.4410349, 25.2133729 ], [ 55.4411764, 25.2137692 ], [ 55.4410214, 25.2144581 ], [ 55.4406239, 25.2147263 ], [ 55.44026, 25.2152262 ], [ 55.4395053, 25.2157992 ], [ 55.4389393, 25.2160614 ], [ 55.4386697, 25.2158053 ], [ 55.4385754, 25.21547 ], [ 55.4377938, 25.2143422 ] ] ] ] } },
{ "type": "Feature", "properties": { "osm_id": 1134786867, "osm_type": "ways_poly", "opening_hours": null, "landuse": "residential", "denomination": null, "building": null, "leisure": null, "name": "الطوار 5", "historic": null, "amenity": null, "religion": null }, "geometry": { "type": "MultiPolygon", "coordinates": [ [ [ [ 55.3785075, 25.2684193 ], [ 55.3785456, 25.2680731 ], [ 55.3786644, 25.267852 ], [ 55.3892547, 25.261693 ], [ 55.3894803, 25.2616739 ], [ 55.389651, 25.261742 ], [ 55.3898007, 25.2618327 ], [ 55.3899624, 25.2619372 ], [ 55.3907757, 25.2630654 ], [ 55.3931207, 25.2663186 ], [ 55.3949003, 25.2689097 ], [ 55.3952694, 25.269649 ], [ 55.3955468, 25.2704148 ], [ 55.395568, 25.2705318 ], [ 55.3955781, 25.2706725 ], [ 55.3955605, 25.270818 ], [ 55.3955353, 25.2709214 ], [ 55.3954926, 25.2710275 ], [ 55.3954284, 25.2711263 ], [ 55.395343, 25.2712222 ], [ 55.3952463, 25.271316 ], [ 55.3951505, 25.2714037 ], [ 55.3939502, 25.2720715 ], [ 55.3868956, 25.2762251 ], [ 55.3846247, 25.2775581 ], [ 55.383552, 25.2759362 ], [ 55.3814357, 25.2726399 ], [ 55.379823, 25.2702951 ], [ 55.3785075, 25.2684193 ] ] ] ] } },
{ "type": "Feature", "properties": { "osm_id": 499361195, "osm_type": "ways_poly", "opening_hours": null, "landuse": null, "denomination": null, "building": "yes", "leisure": null, "name": null, "historic": null, "amenity": "place_of_worship", "religion": "muslim" }, "geometry": { "type": "MultiPolygon", "coordinates": [ [ [ [ 55.3847267, 25.2155611 ], [ 55.3847714, 25.2154047 ], [ 55.3848306, 25.2154186 ], [ 55.3848465, 25.2153629 ], [ 55.3849346, 25.2153835 ], [ 55.384919, 25.215438 ], [ 55.3849886, 25.2154543 ], [ 55.3849436, 25.2156118 ], [ 55.3847267, 25.2155611 ] ] ] ] } },
{ "type": "Feature", "properties": { "osm_id": 500205297, "osm_type": "ways_poly", "opening_hours": null, "landuse": null, "denomination": null, "building": "yes", "leisure": null, "name": null, "historic": null, "amenity": "place_of_worship", "religion": "muslim" }, "geometry": { "type": "MultiPolygon", "coordinates": [ [ [ [ 55.3826306, 25.2101251 ], [ 55.3826668, 25.2099342 ], [ 55.382869, 25.2099656 ], [ 55.3828093, 25.2102805 ], [ 55.3827252, 25.2102675 ], [ 55.3827487, 25.2101435 ], [ 55.3826306, 25.2101251 ] ] ] ] } },
{ "type": "Feature", "properties": { "osm_id": 489091230, "osm_type": "ways_poly", "opening_hours": null, "landuse": "grass", "denomination": null, "building": null, "leisure": null, "name": null, "historic": null, "amenity": null, "religion": null }, "geometry": { "type": "MultiPolygon", "coordinates": [ [ [ [ 55.3358269, 25.2374052 ], [ 55.3358322, 25.2373737 ], [ 55.335849, 25.2373464 ], [ 55.3358704, 25.2373306 ], [ 55.3358986, 25.2373252 ], [ 55.3359315, 25.2373343 ], [ 55.335965, 25.2373349 ], [ 55.3360052, 25.2373373 ], [ 55.3360448, 25.2373452 ], [ 55.3360743, 25.2373555 ], [ 55.3361031, 25.2373743 ], [ 55.3361139, 25.2373955 ], [ 55.3361132, 25.2374271 ], [ 55.3361011, 25.237458 ], [ 55.3360709, 25.2374859 ], [ 55.3360233, 25.2374998 ], [ 55.3359268, 25.2375059 ], [ 55.3358919, 25.2374968 ], [ 55.3358564, 25.2374622 ], [ 55.3358362, 25.2374331 ], [ 55.3358269, 25.2374052 ] ] ] ] } },
{ "type": "Feature", "properties": { "osm_id": 390593884, "osm_type": "ways_poly", "opening_hours": null, "landuse": null, "denomination": null, "building": null, "leisure": "park", "name": null, "historic": null, "amenity": null, "religion": null }, "geometry": { "type": "MultiPolygon", "coordinates": [ [ [ [ 55.3868825, 25.1970315 ], [ 55.3878025, 25.1968301 ], [ 55.3880305, 25.1973786 ], [ 55.387419, 25.1975727 ], [ 55.3875598, 25.1979428 ], [ 55.3871856, 25.1980605 ], [ 55.3868825, 25.1970315 ] ] ] ] } },
{ "type": "Feature", "properties": { "osm_id": 386161429, "osm_type": "ways_poly", "opening_hours": null, "landuse": "construction", "denomination": null, "building": null, "leisure": null, "name": null, "historic": null, "amenity": null, "religion": null }, "geometry": { "type": "MultiPolygon", "coordinates": [ [ [ [ 55.3362178, 25.2276222 ], [ 55.3364597, 25.2274508 ], [ 55.3366317, 25.2276116 ], [ 55.3366171, 25.2277962 ], [ 55.3364685, 25.2279175 ], [ 55.3362178, 25.2276222 ] ] ] ] } },
{ "type": "Feature", "properties": { "osm_id": 527666128, "osm_type": "ways_poly", "opening_hours": null, "landuse": null, "denomination": null, "building": null, "leisure": "park", "name": null, "historic": null, "amenity": null, "religion": null }, "geometry": { "type": "MultiPolygon", "coordinates": [ [ [ [ 55.406177, 25.2070542 ], [ 55.4065371, 25.2065039 ], [ 55.4067905, 25.2061167 ], [ 55.4074714, 25.2064885 ], [ 55.406858, 25.207426 ], [ 55.406177, 25.2070542 ] ] ] ] } },
{ "type": "Feature", "properties": { "osm_id": 627288027, "osm_type": "ways_poly", "opening_hours": null, "landuse": "industrial", "denomination": null, "building": null, "leisure": null, "name": null, "historic": null, "amenity": null, "religion": null }, "geometry": { "type": "MultiPolygon", "coordinates": [ [ [ [ 55.3867459, 25.2448985 ], [ 55.3868478, 25.2448281 ], [ 55.3868692, 25.2448439 ], [ 55.3868813, 25.2448694 ], [ 55.3867727, 25.2449349 ], [ 55.3867459, 25.2448985 ] ] ] ] } },
{ "type": "Feature", "properties": { "osm_id": 500722121, "osm_type": "ways_poly", "opening_hours": null, "landuse": null, "denomination": null, "building": "yes", "leisure": null, "name": null, "historic": null, "amenity": "place_of_worship", "religion": "muslim" }, "geometry": { "type": "MultiPolygon", "coordinates": [ [ [ [ 55.4207777, 25.2424832 ], [ 55.4208265, 25.2423 ], [ 55.4210821, 25.2423557 ], [ 55.42104, 25.2425137 ], [ 55.4210075, 25.2425066 ], [ 55.4209893, 25.2425749 ], [ 55.4208551, 25.2425457 ], [ 55.4208666, 25.2425026 ], [ 55.4207777, 25.2424832 ] ] ] ] } },
{ "type": "Feature", "properties": { "osm_id": 500742014, "osm_type": "ways_poly", "opening_hours": null, "landuse": null, "denomination": null, "building": "yes", "leisure": null, "name": null, "historic": null, "amenity": "place_of_worship", "religion": "muslim" }, "geometry": { "type": "MultiPolygon", "coordinates": [ [ [ [ 55.4245411, 25.2405405 ], [ 55.4245816, 25.240347 ], [ 55.4247677, 25.2403788 ], [ 55.4247786, 25.2403591 ], [ 55.4248153, 25.2403645 ], [ 55.4248122, 25.2403815 ], [ 55.4247707, 25.2405798 ], [ 55.4245411, 25.2405405 ] ] ] ] } },
{ "type": "Feature", "properties": { "osm_id": 1348094401, "osm_type": "ways_poly", "opening_hours": null, "landuse": "grass", "denomination": null, "building": null, "leisure": null, "name": null, "historic": null, "amenity": null, "religion": null }, "geometry": { "type": "MultiPolygon", "coordinates": [ [ [ [ 55.4094671, 25.2561678 ], [ 55.409542, 25.2561613 ], [ 55.4095551, 25.2561721 ], [ 55.4095736, 25.2562492 ], [ 55.4095994, 25.2563167 ], [ 55.4097216, 25.2564207 ], [ 55.4096967, 25.2564463 ], [ 55.4096571, 25.2565275 ], [ 55.4096518, 25.2565972 ], [ 55.4097044, 25.2567963 ], [ 55.4096528, 25.2568081 ], [ 55.4095652, 25.25649 ], [ 55.4094811, 25.2561861 ], [ 55.4094671, 25.2561678 ] ] ] ] } },
{ "type": "Feature", "properties": { "osm_id": 1426637516, "osm_type": "ways_poly", "opening_hours": null, "landuse": "grass", "denomination": null, "building": null, "leisure": null, "name": null, "historic": null, "amenity": null, "religion": null }, "geometry": { "type": "MultiPolygon", "coordinates": [ [ [ [ 55.3889487, 25.2330535 ], [ 55.3889548, 25.2330461 ], [ 55.3893635, 25.2327166 ], [ 55.389398, 25.2326859 ], [ 55.3894259, 25.23265 ], [ 55.389444, 25.2326159 ], [ 55.389456, 25.2325797 ], [ 55.3894618, 25.2325422 ], [ 55.3894626, 25.2325135 ], [ 55.3894605, 25.2324766 ], [ 55.3894601, 25.2324663 ], [ 55.3894622, 25.2324562 ], [ 55.3894711, 25.2324409 ], [ 55.3894881, 25.2324303 ], [ 55.3895146, 25.2324237 ], [ 55.389546, 25.2324147 ], [ 55.3895893, 25.2323967 ], [ 55.3896292, 25.2323732 ], [ 55.3896663, 25.232346 ], [ 55.3896739, 25.2323429 ], [ 55.3896822, 25.2323425 ], [ 55.3896934, 25.2323469 ], [ 55.3897003, 25.232356 ], [ 55.3897008, 25.2323671 ], [ 55.3896921, 25.232398 ], [ 55.38968, 25.2324315 ], [ 55.3896581, 25.2324755 ], [ 55.3896304, 25.2325166 ], [ 55.3895973, 25.2325544 ], [ 55.3895593, 25.2325882 ], [ 55.3889717, 25.233067 ], [ 55.3889647, 25.2330698 ], [ 55.3889571, 25.233069 ], [ 55.3889496, 25.2330627 ], [ 55.3889487, 25.2330535 ] ] ] ] } },
{ "type": "Feature", "properties": { "osm_id": 1426637519, "osm_type": "ways_poly", "opening_hours": null, "landuse": "grass", "denomination": null, "building": null, "leisure": null, "name": null, "historic": null, "amenity": null, "religion": null }, "geometry": { "type": "MultiPolygon", "coordinates": [ [ [ [ 55.3897181, 25.2329815 ], [ 55.3897188, 25.2329651 ], [ 55.3897244, 25.2329496 ], [ 55.3897344, 25.232936 ], [ 55.3900095, 25.2326454 ], [ 55.3900447, 25.2326108 ], [ 55.3900817, 25.232578 ], [ 55.3901338, 25.232537 ], [ 55.3901889, 25.2324994 ], [ 55.3902052, 25.2324949 ], [ 55.3902222, 25.2324953 ], [ 55.3902436, 25.2325038 ], [ 55.3902589, 25.2325198 ], [ 55.3903243, 25.232602 ], [ 55.3898041, 25.2329771 ], [ 55.3898289, 25.2330111 ], [ 55.3898013, 25.2330303 ], [ 55.3897898, 25.2330348 ], [ 55.3897775, 25.2330361 ], [ 55.3897629, 25.2330334 ], [ 55.3897502, 25.2330265 ], [ 55.3897237, 25.2330003 ], [ 55.3897181, 25.2329815 ] ] ] ] } },
{ "type": "Feature", "properties": { "osm_id": 213547322, "osm_type": "ways_poly", "opening_hours": null, "landuse": "grass", "denomination": null, "building": null, "leisure": null, "name": null, "historic": null, "amenity": null, "religion": null }, "geometry": { "type": "MultiPolygon", "coordinates": [ [ [ [ 55.368897, 25.2133706 ], [ 55.3689026, 25.2132992 ], [ 55.3689491, 25.2132534 ], [ 55.3689927, 25.2132648 ], [ 55.3690378, 25.2132891 ], [ 55.3690772, 25.2133158 ], [ 55.3690997, 25.2133247 ], [ 55.3691687, 25.2133872 ], [ 55.3691772, 25.2134254 ], [ 55.369142, 25.2134598 ], [ 55.3691335, 25.2134878 ], [ 55.3691138, 25.2135413 ], [ 55.3690955, 25.2135668 ], [ 55.3690617, 25.2135833 ], [ 55.3690096, 25.2135872 ], [ 55.3689829, 25.2135591 ], [ 55.3689336, 25.2134509 ], [ 55.368897, 25.2133706 ] ] ] ] } },
{ "type": "Feature", "properties": { "osm_id": 213547324, "osm_type": "ways_poly", "opening_hours": null, "landuse": "grass", "denomination": null, "building": null, "leisure": null, "name": null, "historic": null, "amenity": null, "religion": null }, "geometry": { "type": "MultiPolygon", "coordinates": [ [ [ [ 55.3648175, 25.2153923 ], [ 55.3648264, 25.2153351 ], [ 55.3648284, 25.2153103 ], [ 55.3648409, 25.2152923 ], [ 55.3648538, 25.2152752 ], [ 55.3648832, 25.2152563 ], [ 55.3649081, 25.2152477 ], [ 55.3649459, 25.2152414 ], [ 55.3649678, 25.2152378 ], [ 55.3649972, 25.2152369 ], [ 55.3650156, 25.2152459 ], [ 55.365034, 25.2152581 ], [ 55.365046, 25.2152761 ], [ 55.365051, 25.2153022 ], [ 55.365048, 25.2153423 ], [ 55.365038, 25.2153873 ], [ 55.3650326, 25.2154126 ], [ 55.3650161, 25.2154337 ], [ 55.3649902, 25.2154567 ], [ 55.3649624, 25.2154702 ], [ 55.3649166, 25.2154792 ], [ 55.3648842, 25.2154743 ], [ 55.3648488, 25.2154702 ], [ 55.3648299, 25.2154491 ], [ 55.3648185, 25.215418 ], [ 55.3648175, 25.2153923 ] ] ] ] } },
{ "type": "Feature", "properties": { "osm_id": 500277711, "osm_type": "ways_poly", "opening_hours": null, "landuse": null, "denomination": null, "building": "yes", "leisure": null, "name": null, "historic": null, "amenity": "place_of_worship", "religion": "muslim" }, "geometry": { "type": "MultiPolygon", "coordinates": [ [ [ [ 55.3915038, 25.2079271 ], [ 55.3915395, 25.2077516 ], [ 55.3916558, 25.207771 ], [ 55.391665, 25.2077259 ], [ 55.3917458, 25.2077393 ], [ 55.3916925, 25.2080011 ], [ 55.3916376, 25.207992 ], [ 55.391646, 25.2079508 ], [ 55.3915038, 25.2079271 ] ] ] ] } },
{ "type": "Feature", "properties": { "osm_id": 39484981, "osm_type": "ways_poly", "opening_hours": "24/7", "landuse": "commercial", "denomination": null, "building": null, "leisure": null, "name": "ENOC", "historic": null, "amenity": "fuel", "religion": null }, "geometry": { "type": "MultiPolygon", "coordinates": [ [ [ [ 55.3317245, 25.2615823 ], [ 55.3322111, 25.2611621 ], [ 55.332887, 25.2618146 ], [ 55.3324455, 25.2622266 ], [ 55.3317245, 25.2615823 ] ] ] ] } },
{ "type": "Feature", "properties": { "osm_id": 1511865044, "osm_type": "ways_poly", "opening_hours": null, "landuse": "grass", "denomination": null, "building": null, "leisure": null, "name": null, "historic": null, "amenity": null, "religion": null }, "geometry": { "type": "MultiPolygon", "coordinates": [ [ [ [ 55.3302601, 25.2519152 ], [ 55.3302685, 25.2518808 ], [ 55.3302905, 25.2518971 ], [ 55.3303311, 25.2518779 ], [ 55.3304949, 25.2520721 ], [ 55.330493, 25.2521141 ], [ 55.3305143, 25.252148 ], [ 55.3306039, 25.2522506 ], [ 55.3305975, 25.2522646 ], [ 55.330334, 25.2520809 ], [ 55.3302847, 25.252029 ], [ 55.3302621, 25.2519665 ], [ 55.3302601, 25.2519152 ] ] ] ] } },
{ "type": "Feature", "properties": { "osm_id": 1511865053, "osm_type": "ways_poly", "opening_hours": null, "landuse": "grass", "denomination": null, "building": null, "leisure": null, "name": null, "historic": null, "amenity": null, "religion": null }, "geometry": { "type": "MultiPolygon", "coordinates": [ [ [ [ 55.3336809, 25.2500189 ], [ 55.333684, 25.2499636 ], [ 55.3343152, 25.2498256 ], [ 55.3346359, 25.2497625 ], [ 55.3348714, 25.2497366 ], [ 55.3350906, 25.249738 ], [ 55.3352927, 25.2497681 ], [ 55.3354515, 25.2498207 ], [ 55.335584, 25.2498879 ], [ 55.3356908, 25.2499671 ], [ 55.3357691, 25.2500441 ], [ 55.335855, 25.2501373 ], [ 55.3359193, 25.2502312 ], [ 55.3358519, 25.2502935 ], [ 55.3357365, 25.2503643 ], [ 55.3356033, 25.2504021 ], [ 55.3354585, 25.2503993 ], [ 55.3353392, 25.2503664 ], [ 55.3352269, 25.2503208 ], [ 55.3350758, 25.2502508 ], [ 55.334948, 25.2502018 ], [ 55.3349473, 25.2501373 ], [ 55.3349922, 25.2501345 ], [ 55.3353082, 25.2501219 ], [ 55.3354786, 25.2501037 ], [ 55.3355127, 25.2500967 ], [ 55.3354918, 25.2499706 ], [ 55.3352579, 25.2499951 ], [ 55.3350356, 25.2499993 ], [ 55.3345778, 25.2499888 ], [ 55.334251, 25.2499832 ], [ 55.3339133, 25.2499923 ], [ 55.3336809, 25.2500189 ] ] ] ] } },
{ "type": "Feature", "properties": { "osm_id": 1511865054, "osm_type": "ways_poly", "opening_hours": null, "landuse": "grass", "denomination": null, "building": null, "leisure": null, "name": null, "historic": null, "amenity": null, "religion": null }, "geometry": { "type": "MultiPolygon", "coordinates": [ [ [ [ 55.3354342, 25.2504821 ], [ 55.335502, 25.2504878 ], [ 55.3356359, 25.2504811 ], [ 55.3357451, 25.2504517 ], [ 55.3358109, 25.2504237 ], [ 55.3358946, 25.2503746 ], [ 55.3359612, 25.2503158 ], [ 55.3359861, 25.2504255 ], [ 55.3359705, 25.25054 ], [ 55.3359511, 25.250755 ], [ 55.3359527, 25.2508454 ], [ 55.335949, 25.2508641 ], [ 55.3359372, 25.2508707 ], [ 55.3359189, 25.2508667 ], [ 55.3359028, 25.2508574 ], [ 55.3358877, 25.2508347 ], [ 55.3358404, 25.2507494 ], [ 55.3357869, 25.2506808 ], [ 55.3356777, 25.2505946 ], [ 55.3355584, 25.2505358 ], [ 55.3354973, 25.2505052 ], [ 55.3354342, 25.2504821 ] ] ] ] } },
{ "type": "Feature", "properties": { "osm_id": 1511865056, "osm_type": "ways_poly", "opening_hours": null, "landuse": "grass", "denomination": null, "building": null, "leisure": null, "name": null, "historic": null, "amenity": null, "religion": null }, "geometry": { "type": "MultiPolygon", "coordinates": [ [ [ [ 55.3358392, 25.2513285 ], [ 55.3358803, 25.2512045 ], [ 55.3359015, 25.2511182 ], [ 55.3359221, 25.2510252 ], [ 55.3359229, 25.2509573 ], [ 55.3359508, 25.2509411 ], [ 55.3359415, 25.2511793 ], [ 55.3359198, 25.2512494 ], [ 55.3358795, 25.2513061 ], [ 55.3358392, 25.2513285 ] ] ] ] } },
{ "type": "Feature", "properties": { "osm_id": 1511865057, "osm_type": "ways_poly", "opening_hours": null, "landuse": "grass", "denomination": null, "building": null, "leisure": null, "name": null, "historic": null, "amenity": null, "religion": null }, "geometry": { "type": "MultiPolygon", "coordinates": [ [ [ [ 55.3337107, 25.2523795 ], [ 55.3344073, 25.2518941 ], [ 55.3343999, 25.2519404 ], [ 55.3343739, 25.2519757 ], [ 55.333786, 25.2523854 ], [ 55.3337442, 25.2523913 ], [ 55.3337107, 25.2523795 ] ] ] ] } },
{ "type": "Feature", "properties": { "osm_id": 1511865059, "osm_type": "ways_poly", "opening_hours": null, "landuse": "grass", "denomination": null, "building": null, "leisure": null, "name": null, "historic": null, "amenity": null, "religion": null }, "geometry": { "type": "MultiPolygon", "coordinates": [ [ [ [ 55.335354, 25.2513852 ], [ 55.3353681, 25.2512691 ], [ 55.3354705, 25.2514092 ], [ 55.335354, 25.2513852 ] ] ] ] } },
{ "type": "Feature", "properties": { "osm_id": 1511865060, "osm_type": "ways_poly", "opening_hours": null, "landuse": "grass", "denomination": null, "building": null, "leisure": null, "name": null, "historic": null, "amenity": null, "religion": null }, "geometry": { "type": "MultiPolygon", "coordinates": [ [ [ [ 55.3352592, 25.2515146 ], [ 55.335341, 25.2514166 ], [ 55.3354587, 25.2514517 ], [ 55.3354488, 25.2514714 ], [ 55.3352786, 25.2515272 ], [ 55.3352624, 25.2515262 ], [ 55.3352592, 25.2515146 ] ] ] ] } },
{ "type": "Feature", "properties": { "osm_id": 1511865061, "osm_type": "ways_poly", "opening_hours": null, "landuse": "grass", "denomination": null, "building": null, "leisure": null, "name": null, "historic": null, "amenity": null, "religion": null }, "geometry": { "type": "MultiPolygon", "coordinates": [ [ [ [ 55.3351821, 25.2513405 ], [ 55.3352857, 25.2512675 ], [ 55.3352892, 25.2513027 ], [ 55.3352851, 25.2513405 ], [ 55.3352763, 25.2513751 ], [ 55.3351821, 25.2513405 ] ] ] ] } },
{ "type": "Feature", "properties": { "osm_id": 1511865062, "osm_type": "ways_poly", "opening_hours": null, "landuse": "grass", "denomination": null, "building": null, "leisure": null, "name": null, "historic": null, "amenity": null, "religion": null }, "geometry": { "type": "MultiPolygon", "coordinates": [ [ [ [ 55.3350381, 25.2513731 ], [ 55.3352751, 25.2512104 ], [ 55.3352834, 25.2512322 ], [ 55.3352839, 25.2512495 ], [ 55.3350589, 25.2514026 ], [ 55.3350381, 25.2513731 ] ] ] ] } },
{ "type": "Feature", "properties": { "osm_id": 1419981440, "osm_type": "ways_poly", "opening_hours": null, "landuse": "construction", "denomination": null, "building": null, "leisure": null, "name": null, "historic": null, "amenity": null, "religion": null }, "geometry": { "type": "MultiPolygon", "coordinates": [ [ [ [ 55.4049442, 25.1928473 ], [ 55.4057603, 25.1924771 ], [ 55.4060991, 25.1929418 ], [ 55.4061141, 25.1929996 ], [ 55.4060949, 25.1930613 ], [ 55.4057241, 25.1934238 ], [ 55.4054492, 25.1930883 ], [ 55.4052511, 25.1931674 ], [ 55.4049442, 25.1928473 ] ] ] ] } },
{ "type": "Feature", "properties": { "osm_id": 527666145, "osm_type": "ways_poly", "opening_hours": null, "landuse": null, "denomination": null, "building": "yes", "leisure": null, "name": null, "historic": null, "amenity": "place_of_worship", "religion": "muslim" }, "geometry": { "type": "MultiPolygon", "coordinates": [ [ [ [ 55.4233179, 25.2058355 ], [ 55.4237007, 25.2057013 ], [ 55.4238545, 25.2060693 ], [ 55.4235222, 25.2061895 ], [ 55.4234459, 25.2061517 ], [ 55.4233179, 25.2058355 ] ] ] ] } },
{ "type": "Feature", "properties": { "osm_id": 500239751, "osm_type": "ways_poly", "opening_hours": null, "landuse": null, "denomination": null, "building": "yes", "leisure": null, "name": null, "historic": null, "amenity": "place_of_worship", "religion": "muslim" }, "geometry": { "type": "MultiPolygon", "coordinates": [ [ [ [ 55.4281465, 25.1991239 ], [ 55.4281538, 25.1989857 ], [ 55.4282413, 25.1989909 ], [ 55.4282461, 25.1989242 ], [ 55.4283953, 25.198933 ], [ 55.4283749, 25.1992153 ], [ 55.4282329, 25.1991878 ], [ 55.4282284, 25.199134 ], [ 55.4281465, 25.1991239 ] ] ] ] } },
{ "type": "Feature", "properties": { "osm_id": 527602290, "osm_type": "ways_poly", "opening_hours": null, "landuse": null, "denomination": null, "building": null, "leisure": "park", "name": "منتزه الورقاء 3", "historic": null, "amenity": null, "religion": null }, "geometry": { "type": "MultiPolygon", "coordinates": [ [ [ [ 55.4120452, 25.1889002 ], [ 55.4120565, 25.188832 ], [ 55.4125205, 25.1886579 ], [ 55.4132071, 25.1884292 ], [ 55.413837, 25.1882482 ], [ 55.4143916, 25.1881254 ], [ 55.4148744, 25.1880366 ], [ 55.4154855, 25.1879479 ], [ 55.4160777, 25.1878898 ], [ 55.41667, 25.1878591 ], [ 55.417183, 25.1878625 ], [ 55.4177149, 25.187883 ], [ 55.4184052, 25.1879342 ], [ 55.4190503, 25.1880332 ], [ 55.4196237, 25.1881356 ], [ 55.4201404, 25.1882687 ], [ 55.4204158, 25.1883541 ], [ 55.4207559, 25.1884705 ], [ 55.4208345, 25.1884974 ], [ 55.4212231, 25.1886647 ], [ 55.4217776, 25.1889412 ], [ 55.4223585, 25.1892894 ], [ 55.4229394, 25.1896956 ], [ 55.4233054, 25.1899857 ], [ 55.4239202, 25.1903749 ], [ 55.4244446, 25.1906992 ], [ 55.4247614, 25.1909552 ], [ 55.4250185, 25.1912319 ], [ 55.4251923, 25.1915293 ], [ 55.4253218, 25.1918085 ], [ 55.4254094, 25.1920911 ], [ 55.4254475, 25.1923289 ], [ 55.4254132, 25.1925805 ], [ 55.4253484, 25.1927942 ], [ 55.4252626, 25.1929575 ], [ 55.4250742, 25.1931458 ], [ 55.424878, 25.193278 ], [ 55.4246511, 25.1933755 ], [ 55.4243934, 25.1934207 ], [ 55.4241626, 25.1934138 ], [ 55.4239211, 25.1933575 ], [ 55.423777, 25.1933081 ], [ 55.4235433, 25.1931672 ], [ 55.4233564, 25.1929557 ], [ 55.4233265, 25.1929009 ], [ 55.423224, 25.1927126 ], [ 55.4231616, 25.1924729 ], [ 55.4230643, 25.1921558 ], [ 55.4229085, 25.1918386 ], [ 55.4227021, 25.1915461 ], [ 55.4224451, 25.1912924 ], [ 55.4221841, 25.191095 ], [ 55.4218453, 25.1909012 ], [ 55.4214208, 25.1907391 ], [ 55.4209846, 25.1906228 ], [ 55.4206965, 25.1905276 ], [ 55.4201473, 25.1903268 ], [ 55.4195554, 25.1901048 ], [ 55.4188349, 25.1898863 ], [ 55.4181417, 25.1897171 ], [ 55.4179717, 25.1896846 ], [ 55.4175342, 25.1896008 ], [ 55.41695, 25.1895021 ], [ 55.4161594, 25.1894211 ], [ 55.415583, 25.1893999 ], [ 55.4151079, 25.189414 ], [ 55.4145588, 25.1894528 ], [ 55.4138928, 25.1895444 ], [ 55.413445, 25.1896361 ], [ 55.4129582, 25.1897559 ], [ 55.4126856, 25.189844 ], [ 55.4125999, 25.1898193 ], [ 55.4124526, 25.1895249 ], [ 55.4124386, 25.189512 ], [ 55.4122602, 25.1891938 ], [ 55.4120452, 25.1889002 ] ] ] ] } },
{ "type": "Feature", "properties": { "osm_id": 699229366, "osm_type": "ways_poly", "opening_hours": null, "landuse": null, "denomination": null, "building": null, "leisure": "park", "name": null, "historic": null, "amenity": null, "religion": null }, "geometry": { "type": "MultiPolygon", "coordinates": [ [ [ [ 55.4587535, 25.1998514 ], [ 55.4611532, 25.1994006 ], [ 55.4615878, 25.1993836 ], [ 55.4620527, 25.1994137 ], [ 55.4620923, 25.1997913 ], [ 55.4615684, 25.2005547 ], [ 55.4610698, 25.201322 ], [ 55.4607911, 25.2017199 ], [ 55.4605909, 25.2020396 ], [ 55.4604181, 25.2023664 ], [ 55.4602746, 25.2026749 ], [ 55.4601276, 25.2030517 ], [ 55.4599867, 25.2035199 ], [ 55.4598918, 25.2039106 ], [ 55.459803, 25.2044037 ], [ 55.459754, 25.2048165 ], [ 55.4597448, 25.2052182 ], [ 55.4597586, 25.2055846 ], [ 55.4587535, 25.1998514 ] ] ] ] } },
{ "type": "Feature", "properties": { "osm_id": 396541324, "osm_type": "ways_poly", "opening_hours": null, "landuse": "residential", "denomination": null, "building": null, "leisure": null, "name": "الورقاء 5", "historic": null, "amenity": null, "religion": null }, "geometry": { "type": "MultiPolygon", "coordinates": [ [ [ [ 55.4404619, 25.1721187 ], [ 55.4573705, 25.1688561 ], [ 55.4587867, 25.168992 ], [ 55.459924, 25.1696912 ], [ 55.4607823, 25.1734198 ], [ 55.4627564, 25.1825856 ], [ 55.4630635, 25.1842737 ], [ 55.4639151, 25.1889546 ], [ 55.4634645, 25.1895565 ], [ 55.4626277, 25.1897313 ], [ 55.454109, 25.1910516 ], [ 55.4498389, 25.1925467 ], [ 55.4466417, 25.1870128 ], [ 55.4455474, 25.182838 ], [ 55.4419425, 25.1783717 ], [ 55.4404619, 25.1721187 ] ] ] ] } },
{ "type": "Feature", "properties": { "osm_id": 499918695, "osm_type": "ways_poly", "opening_hours": null, "landuse": null, "denomination": null, "building": "yes", "leisure": null, "name": "Jamigha al warqaa al kabir mosque", "historic": null, "amenity": "place_of_worship", "religion": "muslim" }, "geometry": { "type": "MultiPolygon", "coordinates": [ [ [ [ 55.4085539, 25.1925612 ], [ 55.4086204, 25.1922695 ], [ 55.4089622, 25.1923333 ], [ 55.4088956, 25.192625 ], [ 55.4085539, 25.1925612 ] ] ] ] } },
{ "type": "Feature", "properties": { "osm_id": 244250021, "osm_type": "ways_poly", "opening_hours": null, "landuse": null, "denomination": null, "building": "mosque", "leisure": null, "name": null, "historic": null, "amenity": "place_of_worship", "religion": "muslim" }, "geometry": { "type": "MultiPolygon", "coordinates": [ [ [ [ 55.3939851, 25.2460399 ], [ 55.3940489, 25.2457516 ], [ 55.3944778, 25.2458433 ], [ 55.394417, 25.2461186 ], [ 55.3939851, 25.2460399 ] ] ] ] } },
{ "type": "Feature", "properties": { "osm_id": 627287598, "osm_type": "ways_poly", "opening_hours": null, "landuse": "industrial", "denomination": null, "building": null, "leisure": null, "name": null, "historic": null, "amenity": null, "religion": null }, "geometry": { "type": "MultiPolygon", "coordinates": [ [ [ [ 55.3913594, 25.241175 ], [ 55.3914195, 25.2411424 ], [ 55.3914935, 25.2412541 ], [ 55.3914334, 25.2412867 ], [ 55.3913594, 25.241175 ] ] ] ] } },
{ "type": "Feature", "properties": { "osm_id": 627288028, "osm_type": "ways_poly", "opening_hours": null, "landuse": "industrial", "denomination": null, "building": null, "leisure": null, "name": null, "historic": null, "amenity": null, "religion": null }, "geometry": { "type": "MultiPolygon", "coordinates": [ [ [ [ 55.3867968, 25.2449676 ], [ 55.3868947, 25.2449131 ], [ 55.3869202, 25.2449385 ], [ 55.3868169, 25.2449992 ], [ 55.3867968, 25.2449676 ] ] ] ] } },
{ "type": "Feature", "properties": { "osm_id": 239574967, "osm_type": "ways_poly", "opening_hours": null, "landuse": null, "denomination": null, "building": null, "leisure": "park", "name": "Al Twar 3 Park", "historic": null, "amenity": null, "religion": null }, "geometry": { "type": "MultiPolygon", "coordinates": [ [ [ [ 55.3959541, 25.2540251 ], [ 55.3981611, 25.2526558 ], [ 55.3987075, 25.2535133 ], [ 55.3965034, 25.2548094 ], [ 55.3959541, 25.2540251 ] ] ] ] } },
{ "type": "Feature", "properties": { "osm_id": 240496525, "osm_type": "ways_poly", "opening_hours": null, "landuse": "grass", "denomination": null, "building": null, "leisure": null, "name": null, "historic": null, "amenity": null, "religion": null }, "geometry": { "type": "MultiPolygon", "coordinates": [ [ [ [ 55.3856907, 25.2554515 ], [ 55.3858513, 25.2553676 ], [ 55.3859806, 25.2553144 ], [ 55.3861498, 25.2552994 ], [ 55.3863149, 25.2553073 ], [ 55.3864954, 25.2553452 ], [ 55.3866185, 25.2554021 ], [ 55.3866881, 25.2554598 ], [ 55.3867286, 25.255527 ], [ 55.3868225, 25.2561225 ], [ 55.3868718, 25.2562919 ], [ 55.3869422, 25.2564511 ], [ 55.386885, 25.2564776 ], [ 55.3863886, 25.2557386 ], [ 55.3863042, 25.2556497 ], [ 55.3861476, 25.2555629 ], [ 55.3859855, 25.2555148 ], [ 55.3856907, 25.2554515 ] ] ] ] } },
{ "type": "Feature", "properties": { "osm_id": 627287583, "osm_type": "ways_poly", "opening_hours": null, "landuse": "industrial", "denomination": null, "building": null, "leisure": null, "name": null, "historic": null, "amenity": null, "religion": null }, "geometry": { "type": "MultiPolygon", "coordinates": [ [ [ [ 55.4028816, 25.2395089 ], [ 55.4028819, 25.2393618 ], [ 55.4029189, 25.2393619 ], [ 55.4029744, 25.239362 ], [ 55.4030439, 25.2393621 ], [ 55.4031029, 25.2393622 ], [ 55.4031129, 25.2393622 ], [ 55.4031126, 25.2395093 ], [ 55.4028816, 25.2395089 ] ] ] ] } },
{ "type": "Feature", "properties": { "osm_id": 1134749305, "osm_type": "ways_poly", "opening_hours": null, "landuse": "residential", "denomination": null, "building": null, "leisure": null, "name": "محيصنة 2", "historic": null, "amenity": null, "religion": null }, "geometry": { "type": "MultiPolygon", "coordinates": [ [ [ [ 55.40678, 25.253267 ], [ 55.4068187, 25.2530747 ], [ 55.4069796, 25.2527296 ], [ 55.4072289, 25.2525374 ], [ 55.4075683, 25.2523896 ], [ 55.4081606, 25.2522918 ], [ 55.4087206, 25.2522393 ], [ 55.409933, 25.2522334 ], [ 55.4110379, 25.2523846 ], [ 55.4124397, 25.252641 ], [ 55.4222343, 25.2542614 ], [ 55.4285767, 25.255313 ], [ 55.4288962, 25.255371 ], [ 55.429204, 25.2555569 ], [ 55.4293894, 25.255741 ], [ 55.4294438, 25.2559638 ], [ 55.4294526, 25.2567856 ], [ 55.4297448, 25.2583341 ], [ 55.4300208, 25.2593383 ], [ 55.4310087, 25.2612098 ], [ 55.4317721, 25.2622985 ], [ 55.4363288, 25.2672743 ], [ 55.4372167, 25.2683985 ], [ 55.4377638, 25.2691928 ], [ 55.4381296, 25.2698116 ], [ 55.4387034, 25.2709442 ], [ 55.4385071, 25.2715087 ], [ 55.4317079, 25.2744269 ], [ 55.4287685, 25.2756399 ], [ 55.4254189, 25.2770195 ], [ 55.4245982, 25.2769896 ], [ 55.4221886, 25.2763927 ], [ 55.421519, 25.2760181 ], [ 55.4205122, 25.2750478 ], [ 55.4174893, 25.2717646 ], [ 55.4151063, 25.2692975 ], [ 55.4121377, 25.2663155 ], [ 55.4106004, 25.2643069 ], [ 55.4098981, 25.2631447 ], [ 55.4090537, 25.2613554 ], [ 55.4085119, 25.2599262 ], [ 55.4076896, 25.2569849 ], [ 55.406943, 25.2538519 ], [ 55.40678, 25.253267 ] ] ] ] } },
{ "type": "Feature", "properties": { "osm_id": 1426381804, "osm_type": "ways_poly", "opening_hours": null, "landuse": "grass", "denomination": null, "building": null, "leisure": null, "name": null, "historic": null, "amenity": null, "religion": null }, "geometry": { "type": "MultiPolygon", "coordinates": [ [ [ [ 55.3863513, 25.254003 ], [ 55.3864292, 25.2539017 ], [ 55.3864573, 25.2538711 ], [ 55.386488, 25.2538439 ], [ 55.3865225, 25.2538207 ], [ 55.3865601, 25.2538019 ], [ 55.3865955, 25.2537891 ], [ 55.3866324, 25.2537803 ], [ 55.3866702, 25.2537754 ], [ 55.3866715, 25.2538342 ], [ 55.3866686, 25.253897 ], [ 55.3866592, 25.2539592 ], [ 55.3866433, 25.2540203 ], [ 55.3866217, 25.2540786 ], [ 55.3865941, 25.2541349 ], [ 55.3863513, 25.254003 ] ] ] ] } },
{ "type": "Feature", "properties": { "osm_id": 1426585309, "osm_type": "ways_poly", "opening_hours": null, "landuse": "grass", "denomination": null, "building": null, "leisure": null, "name": null, "historic": null, "amenity": null, "religion": null }, "geometry": { "type": "MultiPolygon", "coordinates": [ [ [ [ 55.3863642, 25.2549698 ], [ 55.386618, 25.2548112 ], [ 55.3866667, 25.254834 ], [ 55.3865617, 25.2550089 ], [ 55.3865218, 25.2549871 ], [ 55.3864841, 25.254974 ], [ 55.3864446, 25.2549666 ], [ 55.3864043, 25.2549652 ], [ 55.3863642, 25.2549698 ] ] ] ] } },
{ "type": "Feature", "properties": { "osm_id": 499332025, "osm_type": "ways_poly", "opening_hours": null, "landuse": null, "denomination": null, "building": "yes", "leisure": null, "name": null, "historic": null, "amenity": "place_of_worship", "religion": "muslim" }, "geometry": { "type": "MultiPolygon", "coordinates": [ [ [ [ 55.3792145, 25.2236187 ], [ 55.3792448, 25.223548 ], [ 55.3793205, 25.2235274 ], [ 55.3794088, 25.223548 ], [ 55.3793814, 25.2234858 ], [ 55.3795211, 25.2234356 ], [ 55.3796173, 25.2236546 ], [ 55.3794315, 25.2237214 ], [ 55.3792826, 25.2236918 ], [ 55.3792145, 25.2236187 ] ] ] ] } },
{ "type": "Feature", "properties": { "osm_id": 201806038, "osm_type": "ways_poly", "opening_hours": null, "landuse": "village_green", "denomination": null, "building": null, "leisure": null, "name": null, "historic": null, "amenity": null, "religion": null }, "geometry": { "type": "MultiPolygon", "coordinates": [ [ [ [ 55.3892193, 25.231883 ], [ 55.389375, 25.2318277 ], [ 55.3894125, 25.2318814 ], [ 55.3894408, 25.2319417 ], [ 55.3894384, 25.2319803 ], [ 55.389414, 25.2320023 ], [ 55.389379, 25.2320172 ], [ 55.3893498, 25.2320338 ], [ 55.3893217, 25.2320459 ], [ 55.3892912, 25.2320492 ], [ 55.3892644, 25.2320338 ], [ 55.389251, 25.2320139 ], [ 55.3892441, 25.2319878 ], [ 55.3892364, 25.2319533 ], [ 55.3892193, 25.231883 ] ] ] ] } },
{ "type": "Feature", "properties": { "osm_id": 1426637513, "osm_type": "ways_poly", "opening_hours": null, "landuse": "grass", "denomination": null, "building": null, "leisure": null, "name": null, "historic": null, "amenity": null, "religion": null }, "geometry": { "type": "MultiPolygon", "coordinates": [ [ [ [ 55.3875327, 25.2329221 ], [ 55.3889672, 25.2324634 ], [ 55.3889767, 25.2323772 ], [ 55.3891901, 25.2322616 ], [ 55.3892843, 25.2324018 ], [ 55.3892409, 25.2324238 ], [ 55.3891948, 25.2323536 ], [ 55.3890717, 25.2324075 ], [ 55.3890965, 25.2324731 ], [ 55.3882125, 25.2327596 ], [ 55.3881435, 25.232788 ], [ 55.3880779, 25.2328224 ], [ 55.3880158, 25.2328628 ], [ 55.3879583, 25.2329084 ], [ 55.387906, 25.2329588 ], [ 55.3878592, 25.2330136 ], [ 55.3878204, 25.2330692 ], [ 55.3877881, 25.233128 ], [ 55.3877625, 25.2331895 ], [ 55.387744, 25.2332531 ], [ 55.3877357, 25.2332962 ], [ 55.3877306, 25.2333397 ], [ 55.3877226, 25.2334265 ], [ 55.3877245, 25.2335117 ], [ 55.3877333, 25.2335895 ], [ 55.3877619, 25.2336708 ], [ 55.387789, 25.2337331 ], [ 55.3878128, 25.2337845 ], [ 55.3878017, 25.2337905 ], [ 55.3876923, 25.2336365 ], [ 55.3876728, 25.2336009 ], [ 55.3876594, 25.2335631 ], [ 55.3876523, 25.2335239 ], [ 55.3876516, 25.2334842 ], [ 55.3876574, 25.2334448 ], [ 55.3876652, 25.2334182 ], [ 55.387676, 25.2333924 ], [ 55.3877086, 25.2333136 ], [ 55.3877186, 25.2332572 ], [ 55.3877216, 25.2332002 ], [ 55.3877176, 25.2331433 ], [ 55.3877101, 25.2331019 ], [ 55.3876954, 25.2330621 ], [ 55.3876737, 25.233025 ], [ 55.3876456, 25.2329916 ], [ 55.3876119, 25.2329628 ], [ 55.3875741, 25.2329395 ], [ 55.3875327, 25.2329221 ] ] ] ] } },
{ "type": "Feature", "properties": { "osm_id": 1426785863, "osm_type": "ways_poly", "opening_hours": null, "landuse": "grass", "denomination": null, "building": null, "leisure": null, "name": null, "historic": null, "amenity": null, "religion": null }, "geometry": { "type": "MultiPolygon", "coordinates": [ [ [ [ 55.3929475, 25.2307021 ], [ 55.3931851, 25.230663 ], [ 55.3934045, 25.2306368 ], [ 55.393625, 25.2306197 ], [ 55.3938213, 25.230611 ], [ 55.3938248, 25.2306495 ], [ 55.3932314, 25.230834 ], [ 55.3932035, 25.230842 ], [ 55.3931744, 25.2308431 ], [ 55.3931478, 25.2308378 ], [ 55.3931234, 25.2308267 ], [ 55.3931087, 25.2308036 ], [ 55.3930923, 25.2307827 ], [ 55.3930712, 25.2307656 ], [ 55.3930463, 25.2307533 ], [ 55.3930221, 25.2307469 ], [ 55.3930066, 25.2307456 ], [ 55.3929706, 25.2307469 ], [ 55.3929643, 25.230747 ], [ 55.3929589, 25.2307441 ], [ 55.3929562, 25.230739 ], [ 55.3929475, 25.2307021 ] ] ] ] } },
{ "type": "Feature", "properties": { "osm_id": 1426785874, "osm_type": "ways_poly", "opening_hours": null, "landuse": "grass", "denomination": null, "building": null, "leisure": null, "name": null, "historic": null, "amenity": null, "religion": null }, "geometry": { "type": "MultiPolygon", "coordinates": [ [ [ [ 55.3888482, 25.2332904 ], [ 55.388854, 25.2332772 ], [ 55.3888654, 25.2332678 ], [ 55.3888802, 25.2332636 ], [ 55.3888956, 25.2332657 ], [ 55.388917, 25.2332845 ], [ 55.3888694, 25.2333246 ], [ 55.3888493, 25.2333045 ], [ 55.3888482, 25.2332904 ] ] ] ] } },
{ "type": "Feature", "properties": { "osm_id": 503411140, "osm_type": "ways_poly", "opening_hours": null, "landuse": null, "denomination": null, "building": "yes", "leisure": null, "name": null, "historic": null, "amenity": "place_of_worship", "religion": "muslim" }, "geometry": { "type": "MultiPolygon", "coordinates": [ [ [ [ 55.4723811, 25.2563334 ], [ 55.4724289, 25.2561245 ], [ 55.4726176, 25.2561598 ], [ 55.4725482, 25.2564631 ], [ 55.4724239, 25.2564398 ], [ 55.4724455, 25.2563455 ], [ 55.4723811, 25.2563334 ] ] ] ] } },
{ "type": "Feature", "properties": { "osm_id": 1270299174, "osm_type": "ways_poly", "opening_hours": null, "landuse": "residential", "denomination": null, "building": null, "leisure": null, "name": "المزهر 3", "historic": null, "amenity": null, "religion": null }, "geometry": { "type": "MultiPolygon", "coordinates": [ [ [ [ 55.4559585, 25.2575612 ], [ 55.4559714, 25.2575589 ], [ 55.4693848, 25.2552039 ], [ 55.470154, 25.2586172 ], [ 55.4707646, 25.2613599 ], [ 55.4713455, 25.2639693 ], [ 55.4721711, 25.2676773 ], [ 55.4726225, 25.2696649 ], [ 55.4610351, 25.2740588 ], [ 55.4601808, 25.2722532 ], [ 55.4601644, 25.2722185 ], [ 55.459358, 25.2704662 ], [ 55.4591534, 25.2700214 ], [ 55.4589395, 25.2695566 ], [ 55.4589314, 25.2695387 ], [ 55.4586499, 25.2689118 ], [ 55.4584458, 25.2684574 ], [ 55.458431, 25.2684267 ], [ 55.4581334, 25.2678108 ], [ 55.4579271, 25.2673836 ], [ 55.4578647, 25.2672245 ], [ 55.4577521, 25.2669372 ], [ 55.4577519, 25.266936 ], [ 55.4576746, 25.2665497 ], [ 55.4575413, 25.2658832 ], [ 55.457417, 25.2652613 ], [ 55.4572829, 25.2645907 ], [ 55.4571209, 25.2637807 ], [ 55.4571182, 25.2637667 ], [ 55.4569971, 25.2631348 ], [ 55.4568752, 25.2624989 ], [ 55.4567535, 25.2618643 ], [ 55.4563804, 25.2599177 ], [ 55.4559585, 25.2575612 ] ] ] ] } },
{ "type": "Feature", "properties": { "osm_id": 1085562652, "osm_type": "ways_poly", "opening_hours": null, "landuse": "residential", "denomination": null, "building": null, "leisure": null, "name": null, "historic": null, "amenity": null, "religion": null }, "geometry": { "type": "MultiPolygon", "coordinates": [ [ [ [ 55.3298081, 25.2256345 ], [ 55.3298543, 25.2252833 ], [ 55.3308433, 25.2251802 ], [ 55.3308865, 25.2255397 ], [ 55.3298081, 25.2256345 ] ] ] ] } },
{ "type": "Feature", "properties": { "osm_id": 1085562653, "osm_type": "ways_poly", "opening_hours": null, "landuse": "construction", "denomination": null, "building": null, "leisure": null, "name": null, "historic": null, "amenity": null, "religion": null }, "geometry": { "type": "MultiPolygon", "coordinates": [ [ [ [ 55.3314657, 25.2250826 ], [ 55.3320665, 25.2250213 ], [ 55.3321436, 25.2249711 ], [ 55.3326059, 25.2245162 ], [ 55.3328984, 25.2247509 ], [ 55.3324917, 25.2252164 ], [ 55.3321867, 25.225392 ], [ 55.331515, 25.2254617 ], [ 55.3314657, 25.2250826 ] ] ] ] } },
{ "type": "Feature", "properties": { "osm_id": 1085562648, "osm_type": "ways_poly", "opening_hours": null, "landuse": "construction", "denomination": null, "building": null, "leisure": null, "name": null, "historic": null, "amenity": null, "religion": null }, "geometry": { "type": "MultiPolygon", "coordinates": [ [ [ [ 55.3315787, 25.2197692 ], [ 55.3316298, 25.2196256 ], [ 55.3316682, 25.2196367 ], [ 55.3317318, 25.2194578 ], [ 55.3322227, 25.2196006 ], [ 55.3320813, 25.2199984 ], [ 55.3315945, 25.2198568 ], [ 55.3316212, 25.2197816 ], [ 55.3315787, 25.2197692 ] ] ] ] } },
{ "type": "Feature", "properties": { "osm_id": 1076801531, "osm_type": "ways_poly", "opening_hours": null, "landuse": "construction", "denomination": null, "building": null, "leisure": null, "name": null, "historic": null, "amenity": null, "religion": null }, "geometry": { "type": "MultiPolygon", "coordinates": [ [ [ [ 55.3324342, 25.220921 ], [ 55.3324502, 25.2208724 ], [ 55.3325173, 25.2206953 ], [ 55.3324905, 25.2206856 ], [ 55.332587, 25.2204235 ], [ 55.3326219, 25.2204357 ], [ 55.3326729, 25.2202707 ], [ 55.333397, 25.2205291 ], [ 55.3331382, 25.2212521 ], [ 55.3324932, 25.221035 ], [ 55.3324556, 25.2210156 ], [ 55.3324395, 25.2209695 ], [ 55.3324342, 25.220921 ] ] ] ] } },
{ "type": "Feature", "properties": { "osm_id": 1076801532, "osm_type": "ways_poly", "opening_hours": null, "landuse": "construction", "denomination": null, "building": null, "leisure": null, "name": null, "historic": null, "amenity": null, "religion": null }, "geometry": { "type": "MultiPolygon", "coordinates": [ [ [ [ 55.3334285, 25.2211346 ], [ 55.3338149, 25.2207594 ], [ 55.3340301, 25.2209331 ], [ 55.3341776, 25.2210981 ], [ 55.3343745, 25.2213693 ], [ 55.3339073, 25.2216183 ], [ 55.3334285, 25.2211346 ] ] ] ] } },
{ "type": "Feature", "properties": { "osm_id": 1076801533, "osm_type": "ways_poly", "opening_hours": null, "landuse": "construction", "denomination": null, "building": null, "leisure": null, "name": null, "historic": null, "amenity": null, "religion": null }, "geometry": { "type": "MultiPolygon", "coordinates": [ [ [ [ 55.3324476, 25.2239686 ], [ 55.3325602, 25.2236653 ], [ 55.3329009, 25.2237624 ], [ 55.3327748, 25.2240706 ], [ 55.3324476, 25.2239686 ] ] ] ] } },
{ "type": "Feature", "properties": { "osm_id": 1076801534, "osm_type": "ways_poly", "opening_hours": null, "landuse": "construction", "denomination": null, "building": null, "leisure": null, "name": null, "historic": null, "amenity": null, "religion": null }, "geometry": { "type": "MultiPolygon", "coordinates": [ [ [ [ 55.3328311, 25.2240754 ], [ 55.3329733, 25.223743 ], [ 55.3332951, 25.2239153 ], [ 55.3333032, 25.2241385 ], [ 55.3332388, 25.224238 ], [ 55.3331503, 25.2242647 ], [ 55.3328418, 25.2241361 ], [ 55.3328311, 25.2240754 ] ] ] ] } },
{ "type": "Feature", "properties": { "osm_id": 1008775574, "osm_type": "ways_poly", "opening_hours": null, "landuse": "grass", "denomination": null, "building": null, "leisure": null, "name": null, "historic": null, "amenity": null, "religion": null }, "geometry": { "type": "MultiPolygon", "coordinates": [ [ [ [ 55.4241713, 25.2064023 ], [ 55.4247034, 25.2061781 ], [ 55.424742, 25.206247 ], [ 55.4254727, 25.2059034 ], [ 55.4255113, 25.2059102 ], [ 55.4259072, 25.2056801 ], [ 55.4262784, 25.205484 ], [ 55.4264168, 25.2054529 ], [ 55.426596, 25.2054927 ], [ 55.4267397, 25.2056073 ], [ 55.4267129, 25.2056238 ], [ 55.4265874, 25.2055228 ], [ 55.4264222, 25.2054762 ], [ 55.4262859, 25.2055044 ], [ 55.4259201, 25.2056985 ], [ 55.4255092, 25.2059373 ], [ 55.4254737, 25.2059305 ], [ 55.4247496, 25.2062839 ], [ 55.4242217, 25.2065013 ], [ 55.4241713, 25.2064023 ] ] ] ] } },
{ "type": "Feature", "properties": { "osm_id": 694650601, "osm_type": "ways_poly", "opening_hours": null, "landuse": "grass", "denomination": null, "building": null, "leisure": null, "name": null, "historic": null, "amenity": null, "religion": null }, "geometry": { "type": "MultiPolygon", "coordinates": [ [ [ [ 55.3434007, 25.2033655 ], [ 55.3434089, 25.2033424 ], [ 55.3434536, 25.2033249 ], [ 55.3434423, 25.2033383 ], [ 55.3434385, 25.2033532 ], [ 55.3434301, 25.203369 ], [ 55.3434241, 25.2033857 ], [ 55.3434138, 25.2034229 ], [ 55.3434063, 25.203431 ], [ 55.3434014, 25.2033999 ], [ 55.3434007, 25.2033655 ] ] ] ] } },
{ "type": "Feature", "properties": { "osm_id": 753679509, "osm_type": "ways_poly", "opening_hours": null, "landuse": "commercial", "denomination": null, "building": null, "leisure": null, "name": null, "historic": null, "amenity": null, "religion": null }, "geometry": { "type": "MultiPolygon", "coordinates": [ [ [ [ 55.3462783, 25.1976769 ], [ 55.3462806, 25.1975483 ], [ 55.3462866, 25.1973345 ], [ 55.3462926, 25.1972063 ], [ 55.3472149, 25.1972128 ], [ 55.3472197, 25.1981094 ], [ 55.3466695, 25.1981104 ], [ 55.3466447, 25.1980958 ], [ 55.3465804, 25.1980376 ], [ 55.3464481, 25.1978985 ], [ 55.3463426, 25.1977788 ], [ 55.3462783, 25.1976769 ] ] ] ] } },
{ "type": "Feature", "properties": { "osm_id": 1264557598, "osm_type": "ways_poly", "opening_hours": null, "landuse": "construction", "denomination": null, "building": null, "leisure": null, "name": null, "historic": null, "amenity": null, "religion": null }, "geometry": { "type": "MultiPolygon", "coordinates": [ [ [ [ 55.3542736, 25.2069242 ], [ 55.3544294, 25.2068707 ], [ 55.3546073, 25.2067701 ], [ 55.3548645, 25.2074915 ], [ 55.3545704, 25.207603 ], [ 55.3542736, 25.2069242 ] ] ] ] } },
{ "type": "Feature", "properties": { "osm_id": 1490454301, "osm_type": "ways_poly", "opening_hours": null, "landuse": null, "denomination": null, "building": null, "leisure": "park", "name": null, "historic": null, "amenity": null, "religion": null }, "geometry": { "type": "MultiPolygon", "coordinates": [ [ [ [ 55.3439896, 25.208061 ], [ 55.3448501, 25.2077849 ], [ 55.3448806, 25.2075467 ], [ 55.3449426, 25.2074364 ], [ 55.3450245, 25.207299 ], [ 55.3451236, 25.207138 ], [ 55.3452783, 25.2068856 ], [ 55.3454142, 25.2066418 ], [ 55.3455322, 25.2063641 ], [ 55.3456059, 25.2061505 ], [ 55.3456553, 25.2059095 ], [ 55.3456764, 25.2056706 ], [ 55.3456901, 25.2054292 ], [ 55.3456795, 25.2051541 ], [ 55.3456544, 25.2049683 ], [ 55.3456136, 25.2047513 ], [ 55.3457045, 25.2047218 ], [ 55.3461739, 25.205658 ], [ 55.3464046, 25.2061377 ], [ 55.3469144, 25.2056471 ], [ 55.3470134, 25.2058187 ], [ 55.3465091, 25.2063394 ], [ 55.346839, 25.2070152 ], [ 55.3475287, 25.2067198 ], [ 55.3476211, 25.2069186 ], [ 55.3469442, 25.207178 ], [ 55.346941, 25.2073654 ], [ 55.3469012, 25.2076046 ], [ 55.3468136, 25.2078525 ], [ 55.3466606, 25.20806 ], [ 55.3465906, 25.208122 ], [ 55.3470541, 25.2086581 ], [ 55.3468518, 25.2088123 ], [ 55.3463787, 25.2082517 ], [ 55.3462131, 25.208318 ], [ 55.346006, 25.2083756 ], [ 55.3458058, 25.2083966 ], [ 55.3455983, 25.2083779 ], [ 55.3454341, 25.2083367 ], [ 55.3452886, 25.2082743 ], [ 55.3451477, 25.2081904 ], [ 55.3450304, 25.2080972 ], [ 55.3443572, 25.2086508 ], [ 55.3441705, 25.2084356 ], [ 55.34403, 25.2081895 ], [ 55.3439896, 25.208061 ] ] ] ] } },
{ "type": "Feature", "properties": { "osm_id": 694280365, "osm_type": "ways_poly", "opening_hours": null, "landuse": "residential", "denomination": null, "building": null, "leisure": null, "name": "Creek Horizon", "historic": null, "amenity": null, "religion": null }, "geometry": { "type": "MultiPolygon", "coordinates": [ [ [ [ 55.3439847, 25.2072114 ], [ 55.3442279, 25.2069642 ], [ 55.3444824, 25.2065598 ], [ 55.3445848, 25.2063413 ], [ 55.3446559, 25.2061817 ], [ 55.3455009, 25.2063935 ], [ 55.3453691, 25.2066819 ], [ 55.3451677, 25.2070486 ], [ 55.3450465, 25.2072148 ], [ 55.3449217, 25.2074491 ], [ 55.3439847, 25.2072114 ] ] ] ] } },
{ "type": "Feature", "properties": { "osm_id": 1113609946, "osm_type": "ways_poly", "opening_hours": null, "landuse": null, "denomination": null, "building": "mosque", "leisure": null, "name": null, "historic": null, "amenity": "place_of_worship", "religion": "muslim" }, "geometry": { "type": "MultiPolygon", "coordinates": [ [ [ [ 55.3505318, 25.2474878 ], [ 55.3505755, 25.2472726 ], [ 55.3506212, 25.2472802 ], [ 55.3506287, 25.2472433 ], [ 55.3507803, 25.2472685 ], [ 55.3507714, 25.2473123 ], [ 55.3508049, 25.2473179 ], [ 55.3507953, 25.2473648 ], [ 55.3508334, 25.2473711 ], [ 55.3508066, 25.2475029 ], [ 55.3507657, 25.2474961 ], [ 55.3507603, 25.2475231 ], [ 55.350717, 25.2475159 ], [ 55.3507092, 25.2475541 ], [ 55.350559, 25.2475292 ], [ 55.3505662, 25.2474935 ], [ 55.3505318, 25.2474878 ] ] ] ] } },
{ "type": "Feature", "properties": { "osm_id": 462772426, "osm_type": "ways_poly", "opening_hours": null, "landuse": "forest", "denomination": null, "building": null, "leisure": null, "name": null, "historic": null, "amenity": null, "religion": null }, "geometry": { "type": "MultiPolygon", "coordinates": [ [ [ [ 55.4277926, 25.2080172 ], [ 55.4281082, 25.2075779 ], [ 55.4286188, 25.2073369 ], [ 55.4332961, 25.2061993 ], [ 55.4343904, 25.2109621 ], [ 55.4316711, 25.2116952 ], [ 55.4314047, 25.2117153 ], [ 55.4310804, 25.2117983 ], [ 55.4306721, 25.2119262 ], [ 55.4300617, 25.2121413 ], [ 55.4290768, 25.2123232 ], [ 55.4285174, 25.2104838 ], [ 55.4282959, 25.2097298 ], [ 55.4277926, 25.2080172 ] ] ] ] } },
{ "type": "Feature", "properties": { "osm_id": 499945620, "osm_type": "ways_poly", "opening_hours": null, "landuse": null, "denomination": null, "building": null, "leisure": "park", "name": null, "historic": null, "amenity": null, "religion": null }, "geometry": { "type": "MultiPolygon", "coordinates": [ [ [ [ 55.3900239, 25.2212672 ], [ 55.390472, 25.221088 ], [ 55.3907215, 25.2215986 ], [ 55.3902734, 25.2217778 ], [ 55.3900239, 25.2212672 ] ] ] ] } },
{ "type": "Feature", "properties": { "osm_id": 201806041, "osm_type": "ways_poly", "opening_hours": null, "landuse": "village_green", "denomination": null, "building": null, "leisure": null, "name": null, "historic": null, "amenity": null, "religion": null }, "geometry": { "type": "MultiPolygon", "coordinates": [ [ [ [ 55.374319, 25.2383413 ], [ 55.3743287, 25.2383225 ], [ 55.3745616, 25.2382068 ], [ 55.3745555, 25.2381825 ], [ 55.3753845, 25.2377613 ], [ 55.3759038, 25.2375032 ], [ 55.3763612, 25.2372851 ], [ 55.3764008, 25.2373288 ], [ 55.3761683, 25.2374602 ], [ 55.3761281, 25.2374613 ], [ 55.3761037, 25.2374668 ], [ 55.376083, 25.2374768 ], [ 55.3760489, 25.2374966 ], [ 55.3760233, 25.2375132 ], [ 55.3760038, 25.2375363 ], [ 55.3759916, 25.2375617 ], [ 55.3754978, 25.2377932 ], [ 55.3752845, 25.2378936 ], [ 55.3750675, 25.2380105 ], [ 55.3747054, 25.2382134 ], [ 55.3745079, 25.2383049 ], [ 55.3743507, 25.238381 ], [ 55.3743312, 25.2383733 ], [ 55.374319, 25.2383589 ], [ 55.374319, 25.2383413 ] ] ] ] } },
{ "type": "Feature", "properties": { "osm_id": 548174355, "osm_type": "ways_poly", "opening_hours": null, "landuse": "grass", "denomination": null, "building": null, "leisure": null, "name": null, "historic": null, "amenity": null, "religion": null }, "geometry": { "type": "MultiPolygon", "coordinates": [ [ [ [ 55.3286692, 25.264275 ], [ 55.328794, 25.2642362 ], [ 55.3291708, 25.2640506 ], [ 55.3292593, 25.2640263 ], [ 55.3292835, 25.26407 ], [ 55.3287162, 25.2643429 ], [ 55.3286692, 25.264275 ] ] ] ] } },
{ "type": "Feature", "properties": { "osm_id": 1071485027, "osm_type": "ways_poly", "opening_hours": null, "landuse": "construction", "denomination": null, "building": null, "leisure": null, "name": "Jewel of the Creek Marina", "historic": null, "amenity": null, "religion": null }, "geometry": { "type": "MultiPolygon", "coordinates": [ [ [ [ 55.3228138, 25.2528084 ], [ 55.3233719, 25.2524164 ], [ 55.3234221, 25.2522586 ], [ 55.3235405, 25.2522119 ], [ 55.3235764, 25.2522002 ], [ 55.3236139, 25.2521941 ], [ 55.3236521, 25.2521939 ], [ 55.3236897, 25.2521995 ], [ 55.3237247, 25.2522103 ], [ 55.3237571, 25.2522263 ], [ 55.3237863, 25.2522468 ], [ 55.3238623, 25.252316 ], [ 55.3239423, 25.2523814 ], [ 55.324026, 25.252443 ], [ 55.3241132, 25.2525005 ], [ 55.3242035, 25.2525538 ], [ 55.3241873, 25.252576 ], [ 55.3243219, 25.2526315 ], [ 55.3244175, 25.2526577 ], [ 55.3245553, 25.2526837 ], [ 55.32469, 25.2526929 ], [ 55.3248504, 25.2526823 ], [ 55.3250211, 25.2526493 ], [ 55.325173, 25.2525918 ], [ 55.3253167, 25.2525196 ], [ 55.3254355, 25.2524398 ], [ 55.3255523, 25.2523351 ], [ 55.3256544, 25.2522038 ], [ 55.3257387, 25.2520586 ], [ 55.3258357, 25.2519159 ], [ 55.3259536, 25.2518014 ], [ 55.3261382, 25.2516751 ], [ 55.3261928, 25.2516434 ], [ 55.3263581, 25.2515657 ], [ 55.3265466, 25.2515086 ], [ 55.3267171, 25.2514737 ], [ 55.3268651, 25.2514627 ], [ 55.3269859, 25.2514626 ], [ 55.3270862, 25.251445 ], [ 55.3271823, 25.2514024 ], [ 55.3272629, 25.2513563 ], [ 55.3275245, 25.2509756 ], [ 55.3276446, 25.2508547 ], [ 55.3283496, 25.2512232 ], [ 55.3282523, 25.251841 ], [ 55.3272083, 25.2525638 ], [ 55.3263313, 25.2531533 ], [ 55.3252557, 25.2538641 ], [ 55.3246468, 25.2542731 ], [ 55.3243625, 25.2543527 ], [ 55.3240943, 25.2543426 ], [ 55.3240232, 25.254207 ], [ 55.3239086, 25.2540929 ], [ 55.3235337, 25.2537197 ], [ 55.3235794, 25.2536799 ], [ 55.3233469, 25.2534426 ], [ 55.3235941, 25.2532734 ], [ 55.3232503, 25.2528444 ], [ 55.3229906, 25.2530187 ], [ 55.3228138, 25.2528084 ] ] ] ] } },
{ "type": "Feature", "properties": { "osm_id": 390017970, "osm_type": "ways_poly", "opening_hours": null, "landuse": null, "denomination": null, "building": "yes", "leisure": null, "name": null, "historic": null, "amenity": "place_of_worship", "religion": "muslim" }, "geometry": { "type": "MultiPolygon", "coordinates": [ [ [ [ 55.376509, 25.1952773 ], [ 55.3765219, 25.1952207 ], [ 55.3765427, 25.1952246 ], [ 55.3765528, 25.1951607 ], [ 55.3766844, 25.1951852 ], [ 55.3766747, 25.195228 ], [ 55.3767161, 25.1952357 ], [ 55.3766925, 25.1953395 ], [ 55.3766569, 25.1953329 ], [ 55.3766483, 25.1953711 ], [ 55.3765185, 25.1953463 ], [ 55.3765294, 25.1952811 ], [ 55.376509, 25.1952773 ] ] ] ] } },
{ "type": "Feature", "properties": { "osm_id": 627287591, "osm_type": "ways_poly", "opening_hours": null, "landuse": "industrial", "denomination": null, "building": null, "leisure": null, "name": null, "historic": null, "amenity": null, "religion": null }, "geometry": { "type": "MultiPolygon", "coordinates": [ [ [ [ 55.3941957, 25.241099 ], [ 55.3942735, 25.2410546 ], [ 55.3943275, 25.2411322 ], [ 55.3942498, 25.2411766 ], [ 55.3941957, 25.241099 ] ] ] ] } },
{ "type": "Feature", "properties": { "osm_id": 1134813825, "osm_type": "ways_poly", "opening_hours": null, "landuse": "residential", "denomination": null, "building": null, "leisure": null, "name": "الطوار 2", "historic": null, "amenity": null, "religion": null }, "geometry": { "type": "MultiPolygon", "coordinates": [ [ [ [ 55.3742357, 25.2622471 ], [ 55.3743082, 25.2621719 ], [ 55.374402, 25.2620976 ], [ 55.3754166, 25.2614812 ], [ 55.3774137, 25.2602277 ], [ 55.3802599, 25.2585592 ], [ 55.3824182, 25.2572756 ], [ 55.3839048, 25.2564219 ], [ 55.3853774, 25.2555676 ], [ 55.3867123, 25.2547455 ], [ 55.3867747, 25.2556769 ], [ 55.3868683, 25.2561862 ], [ 55.3871207, 25.2570264 ], [ 55.3873707, 25.2577455 ], [ 55.3878925, 25.2587997 ], [ 55.3882612, 25.2594578 ], [ 55.3886258, 25.2600201 ], [ 55.3888504, 25.2603673 ], [ 55.3889545, 25.2605398 ], [ 55.3890032, 25.2606609 ], [ 55.3889965, 25.2608028 ], [ 55.3889703, 25.2609676 ], [ 55.3889067, 25.2610676 ], [ 55.3888016, 25.2611622 ], [ 55.3882526, 25.261493 ], [ 55.3854343, 25.2633005 ], [ 55.3833695, 25.2644669 ], [ 55.3825121, 25.2649778 ], [ 55.3816332, 25.2655125 ], [ 55.3813815, 25.265668 ], [ 55.3811078, 25.2658059 ], [ 55.3808174, 25.2660115 ], [ 55.3797148, 25.2666905 ], [ 55.3795308, 25.2668076 ], [ 55.3790349, 25.2670591 ], [ 55.3779795, 25.2676937 ], [ 55.3777586, 25.2673363 ], [ 55.3773169, 25.2666903 ], [ 55.3764358, 25.2655147 ], [ 55.3756131, 25.2643602 ], [ 55.3750814, 25.2636126 ], [ 55.3744575, 25.2626853 ], [ 55.3742656, 25.2624009 ], [ 55.374238, 25.2623391 ], [ 55.3742357, 25.2622471 ] ] ] ] } },
{ "type": "Feature", "properties": { "osm_id": 627289788, "osm_type": "ways_poly", "opening_hours": null, "landuse": "industrial", "denomination": null, "building": null, "leisure": null, "name": null, "historic": null, "amenity": null, "religion": null }, "geometry": { "type": "MultiPolygon", "coordinates": [ [ [ [ 55.362197, 25.2663085 ], [ 55.3622629, 25.2662718 ], [ 55.3624588, 25.2661628 ], [ 55.3626488, 25.266442 ], [ 55.3623869, 25.2665877 ], [ 55.362197, 25.2663085 ] ] ] ] } },
{ "type": "Feature", "properties": { "osm_id": 627289785, "osm_type": "ways_poly", "opening_hours": null, "landuse": "industrial", "denomination": null, "building": null, "leisure": null, "name": null, "historic": null, "amenity": null, "religion": null }, "geometry": { "type": "MultiPolygon", "coordinates": [ [ [ [ 55.3632725, 25.2669569 ], [ 55.3635061, 25.2668294 ], [ 55.3637172, 25.2671456 ], [ 55.3634837, 25.2672731 ], [ 55.3632725, 25.2669569 ] ] ] ] } },
{ "type": "Feature", "properties": { "osm_id": 627289750, "osm_type": "ways_poly", "opening_hours": null, "landuse": "industrial", "denomination": null, "building": null, "leisure": null, "name": null, "historic": null, "amenity": null, "religion": null }, "geometry": { "type": "MultiPolygon", "coordinates": [ [ [ [ 55.3625977, 25.2641381 ], [ 55.3627968, 25.2640337 ], [ 55.3630251, 25.2643896 ], [ 55.362826, 25.2644941 ], [ 55.3625977, 25.2641381 ] ] ] ] } },
{ "type": "Feature", "properties": { "osm_id": 1363059174, "osm_type": "ways_poly", "opening_hours": null, "landuse": "grass", "denomination": null, "building": null, "leisure": null, "name": null, "historic": null, "amenity": null, "religion": null }, "geometry": { "type": "MultiPolygon", "coordinates": [ [ [ [ 55.3753538, 25.2606331 ], [ 55.3753598, 25.2605755 ], [ 55.3753875, 25.260608 ], [ 55.3753538, 25.2606331 ] ] ] ] } },
{ "type": "Feature", "properties": { "osm_id": 627350538, "osm_type": "ways_poly", "opening_hours": null, "landuse": "industrial", "denomination": null, "building": null, "leisure": null, "name": null, "historic": null, "amenity": null, "religion": null }, "geometry": { "type": "MultiPolygon", "coordinates": [ [ [ [ 55.3682338, 25.2423967 ], [ 55.3686994, 25.2421512 ], [ 55.3687888, 25.2422899 ], [ 55.3683232, 25.2425354 ], [ 55.3682338, 25.2423967 ] ] ] ] } },
{ "type": "Feature", "properties": { "osm_id": 461934579, "osm_type": "ways_poly", "opening_hours": null, "landuse": null, "denomination": null, "building": null, "leisure": "park", "name": "Garhoud Park 3", "historic": null, "amenity": null, "religion": null }, "geometry": { "type": "MultiPolygon", "coordinates": [ [ [ [ 55.3580988, 25.2406306 ], [ 55.3581551, 25.2386824 ], [ 55.3582704, 25.2387418 ], [ 55.3593138, 25.2406124 ], [ 55.3592333, 25.2407216 ], [ 55.3581363, 25.2406876 ], [ 55.3580988, 25.2406306 ] ] ] ] } },
{ "type": "Feature", "properties": { "osm_id": 386161374, "osm_type": "ways_poly", "opening_hours": null, "landuse": null, "denomination": "sunni", "building": "yes", "leisure": null, "name": null, "historic": null, "amenity": "place_of_worship", "religion": "muslim" }, "geometry": { "type": "MultiPolygon", "coordinates": [ [ [ [ 55.3383657, 25.2167047 ], [ 55.3383775, 25.2166538 ], [ 55.3383957, 25.2166573 ], [ 55.338402, 25.2166302 ], [ 55.3385277, 25.2166541 ], [ 55.33852, 25.2166872 ], [ 55.3385021, 25.2167644 ], [ 55.3383855, 25.2167422 ], [ 55.338393, 25.2167099 ], [ 55.3383657, 25.2167047 ] ] ] ] } },
{ "type": "Feature", "properties": { "osm_id": 627536106, "osm_type": "ways_poly", "opening_hours": null, "landuse": "grass", "denomination": null, "building": null, "leisure": null, "name": null, "historic": null, "amenity": null, "religion": null }, "geometry": { "type": "MultiPolygon", "coordinates": [ [ [ [ 55.3400802, 25.2180632 ], [ 55.3409454, 25.2171247 ], [ 55.3418063, 25.2177744 ], [ 55.3414504, 25.2181604 ], [ 55.3410535, 25.2178609 ], [ 55.340535, 25.218396 ], [ 55.3400802, 25.2180632 ] ] ] ] } },
{ "type": "Feature", "properties": { "osm_id": 1276434378, "osm_type": "ways_poly", "opening_hours": null, "landuse": "grass", "denomination": null, "building": null, "leisure": null, "name": "*under construction*", "historic": null, "amenity": null, "religion": null }, "geometry": { "type": "MultiPolygon", "coordinates": [ [ [ [ 55.3411374, 25.2166691 ], [ 55.3412605, 25.2165845 ], [ 55.3413721, 25.2166263 ], [ 55.3412617, 25.216757 ], [ 55.3411374, 25.2166691 ] ] ] ] } },
{ "type": "Feature", "properties": { "osm_id": 489091249, "osm_type": "ways_poly", "opening_hours": null, "landuse": "grass", "denomination": null, "building": null, "leisure": null, "name": null, "historic": null, "amenity": null, "religion": null }, "geometry": { "type": "MultiPolygon", "coordinates": [ [ [ [ 55.3397854, 25.2400251 ], [ 55.3398384, 25.2400228 ], [ 55.3398432, 25.2401101 ], [ 55.3397902, 25.2401125 ], [ 55.3397854, 25.2400251 ] ] ] ] } },
{ "type": "Feature", "properties": { "osm_id": 489091247, "osm_type": "ways_poly", "opening_hours": null, "landuse": "grass", "denomination": null, "building": null, "leisure": null, "name": null, "historic": null, "amenity": null, "religion": null }, "geometry": { "type": "MultiPolygon", "coordinates": [ [ [ [ 55.3397314, 25.2402477 ], [ 55.3397844, 25.2402454 ], [ 55.3397892, 25.2403327 ], [ 55.3397362, 25.2403351 ], [ 55.3397314, 25.2402477 ] ] ] ] } },
{ "type": "Feature", "properties": { "osm_id": 489091242, "osm_type": "ways_poly", "opening_hours": null, "landuse": "grass", "denomination": null, "building": null, "leisure": null, "name": null, "historic": null, "amenity": null, "religion": null }, "geometry": { "type": "MultiPolygon", "coordinates": [ [ [ [ 55.3389074, 25.2367876 ], [ 55.3389521, 25.2367641 ], [ 55.3389798, 25.2368073 ], [ 55.3389351, 25.2368308 ], [ 55.3389074, 25.2367876 ] ] ] ] } },
{ "type": "Feature", "properties": { "osm_id": 489091241, "osm_type": "ways_poly", "opening_hours": null, "landuse": "grass", "denomination": null, "building": null, "leisure": null, "name": null, "historic": null, "amenity": null, "religion": null }, "geometry": { "type": "MultiPolygon", "coordinates": [ [ [ [ 55.3389738, 25.2365598 ], [ 55.3390165, 25.2365375 ], [ 55.3390582, 25.2366026 ], [ 55.3390155, 25.236625 ], [ 55.3389738, 25.2365598 ] ] ] ] } },
{ "type": "Feature", "properties": { "osm_id": 489091233, "osm_type": "ways_poly", "opening_hours": null, "landuse": "grass", "denomination": null, "building": null, "leisure": null, "name": null, "historic": null, "amenity": null, "religion": null }, "geometry": { "type": "MultiPolygon", "coordinates": [ [ [ [ 55.3380136, 25.2356181 ], [ 55.338078, 25.2355403 ], [ 55.3381093, 25.2355615 ], [ 55.338045, 25.2356393 ], [ 55.3380136, 25.2356181 ] ] ] ] } },
{ "type": "Feature", "properties": { "osm_id": 489091232, "osm_type": "ways_poly", "opening_hours": null, "landuse": "grass", "denomination": null, "building": null, "leisure": null, "name": null, "historic": null, "amenity": null, "religion": null }, "geometry": { "type": "MultiPolygon", "coordinates": [ [ [ [ 55.3376825, 25.236034 ], [ 55.3377485, 25.2359551 ], [ 55.3377826, 25.2359784 ], [ 55.3377166, 25.2360574 ], [ 55.3376825, 25.236034 ] ] ] ] } },
{ "type": "Feature", "properties": { "osm_id": 483146948, "osm_type": "ways_poly", "opening_hours": null, "landuse": "construction", "denomination": null, "building": null, "leisure": null, "name": null, "historic": null, "amenity": null, "religion": null }, "geometry": { "type": "MultiPolygon", "coordinates": [ [ [ [ 55.3401759, 25.2266451 ], [ 55.3406007, 25.2264263 ], [ 55.340811, 25.2267227 ], [ 55.3403647, 25.2269535 ], [ 55.3401759, 25.2266451 ] ] ] ] } },
{ "type": "Feature", "properties": { "osm_id": 627532191, "osm_type": "ways_poly", "opening_hours": null, "landuse": null, "denomination": null, "building": null, "leisure": "park", "name": null, "historic": null, "amenity": null, "religion": null }, "geometry": { "type": "MultiPolygon", "coordinates": [ [ [ [ 55.3390358, 25.2297379 ], [ 55.3392393, 25.2295735 ], [ 55.3393691, 25.2294723 ], [ 55.3398733, 25.2299806 ], [ 55.3396118, 25.2301966 ], [ 55.3393858, 25.2300191 ], [ 55.3391547, 25.2298283 ], [ 55.3390358, 25.2297379 ] ] ] ] } },
{ "type": "Feature", "properties": { "osm_id": 627532188, "osm_type": "ways_poly", "opening_hours": null, "landuse": null, "denomination": null, "building": null, "leisure": "park", "name": null, "historic": null, "amenity": null, "religion": null }, "geometry": { "type": "MultiPolygon", "coordinates": [ [ [ [ 55.3383082, 25.2303155 ], [ 55.3386394, 25.2300581 ], [ 55.3391169, 25.2306503 ], [ 55.3389493, 25.2307947 ], [ 55.3383082, 25.2303155 ] ] ] ] } },
{ "type": "Feature", "properties": { "osm_id": 483146950, "osm_type": "ways_poly", "opening_hours": null, "landuse": "greenfield", "denomination": null, "building": null, "leisure": null, "name": null, "historic": null, "amenity": null, "religion": null }, "geometry": { "type": "MultiPolygon", "coordinates": [ [ [ [ 55.3363983, 25.2291568 ], [ 55.3367587, 25.2288943 ], [ 55.3369962, 25.2291609 ], [ 55.3366359, 25.2294236 ], [ 55.3363983, 25.2291568 ] ] ] ] } },
{ "type": "Feature", "properties": { "osm_id": 245390217, "osm_type": "ways_poly", "opening_hours": null, "landuse": null, "denomination": null, "building": "mosque", "leisure": null, "name": null, "historic": null, "amenity": "place_of_worship", "religion": "muslim" }, "geometry": { "type": "MultiPolygon", "coordinates": [ [ [ [ 55.3947129, 25.2603571 ], [ 55.3947413, 25.2602339 ], [ 55.3948983, 25.2602636 ], [ 55.3948699, 25.2603868 ], [ 55.3947129, 25.2603571 ] ] ] ] } },
{ "type": "Feature", "properties": { "osm_id": 1348094396, "osm_type": "ways_poly", "opening_hours": null, "landuse": "grass", "denomination": null, "building": null, "leisure": null, "name": null, "historic": null, "amenity": null, "religion": null }, "geometry": { "type": "MultiPolygon", "coordinates": [ [ [ [ 55.3842385, 25.263707 ], [ 55.3842401, 25.263668 ], [ 55.3842526, 25.2636321 ], [ 55.3844852, 25.2634906 ], [ 55.3845282, 25.2634861 ], [ 55.3845804, 25.2635011 ], [ 55.3846557, 25.2635273 ], [ 55.3846648, 25.263534 ], [ 55.384664, 25.2635408 ], [ 55.384337, 25.2637377 ], [ 55.3842774, 25.2637317 ], [ 55.3842385, 25.263707 ] ] ] ] } },
{ "type": "Feature", "properties": { "osm_id": 1426637515, "osm_type": "ways_poly", "opening_hours": null, "landuse": "grass", "denomination": null, "building": null, "leisure": null, "name": null, "historic": null, "amenity": null, "religion": null }, "geometry": { "type": "MultiPolygon", "coordinates": [ [ [ [ 55.3878289, 25.2334072 ], [ 55.3878359, 25.2333421 ], [ 55.3878506, 25.233278 ], [ 55.3878727, 25.2332158 ], [ 55.387902, 25.233156 ], [ 55.3879436, 25.2330918 ], [ 55.3879936, 25.2330326 ], [ 55.3880511, 25.2329794 ], [ 55.3881153, 25.2329328 ], [ 55.3881853, 25.2328936 ], [ 55.3890903, 25.2325987 ], [ 55.3891695, 25.2325682 ], [ 55.3892437, 25.2325351 ], [ 55.3893241, 25.2324965 ], [ 55.3893629, 25.23253 ], [ 55.3893486, 25.2325648 ], [ 55.3893309, 25.2325982 ], [ 55.3892992, 25.2326438 ], [ 55.3892611, 25.2326852 ], [ 55.3892173, 25.2327217 ], [ 55.3885186, 25.2332953 ], [ 55.388486, 25.2332939 ], [ 55.388454, 25.2332994 ], [ 55.3884313, 25.2333078 ], [ 55.3884107, 25.2333197 ], [ 55.3883169, 25.2334021 ], [ 55.3882529, 25.2333367 ], [ 55.3881758, 25.2333986 ], [ 55.3881943, 25.2334175 ], [ 55.3881741, 25.2334328 ], [ 55.3881068, 25.2333702 ], [ 55.3880943, 25.2333343 ], [ 55.3880955, 25.2332967 ], [ 55.3881101, 25.2332615 ], [ 55.3881366, 25.2332326 ], [ 55.3881721, 25.233213 ], [ 55.3882127, 25.233205 ], [ 55.388254, 25.2332094 ], [ 55.3882914, 25.2332258 ], [ 55.3883611, 25.2332909 ], [ 55.3884438, 25.233219 ], [ 55.3884177, 25.2331916 ], [ 55.3883888, 25.2331667 ], [ 55.3883472, 25.2331381 ], [ 55.388302, 25.2331146 ], [ 55.3882786, 25.2331041 ], [ 55.3882539, 25.2330965 ], [ 55.3882128, 25.2330905 ], [ 55.3881713, 25.2330925 ], [ 55.3881311, 25.2331021 ], [ 55.388094, 25.2331191 ], [ 55.3880616, 25.2331428 ], [ 55.3880287, 25.2331769 ], [ 55.3880037, 25.2332162 ], [ 55.3879874, 25.233259 ], [ 55.3879804, 25.2333038 ], [ 55.3879831, 25.2333491 ], [ 55.3879953, 25.233393 ], [ 55.3880165, 25.2334341 ], [ 55.388046, 25.2334707 ], [ 55.3880827, 25.2335015 ], [ 55.388151, 25.2335709 ], [ 55.3881615, 25.2335859 ], [ 55.3881667, 25.2336029 ], [ 55.3881663, 25.233621 ], [ 55.3881599, 25.2336382 ], [ 55.3881483, 25.2336529 ], [ 55.3881324, 25.2336639 ], [ 55.388106, 25.2336839 ], [ 55.3880858, 25.2337092 ], [ 55.3880731, 25.2337382 ], [ 55.3880687, 25.2337692 ], [ 55.3880728, 25.2338002 ], [ 55.3880827, 25.2338257 ], [ 55.3880979, 25.2338488 ], [ 55.3881178, 25.2338689 ], [ 55.3881544, 25.2339047 ], [ 55.3881024, 25.2339558 ], [ 55.3879357, 25.2337712 ], [ 55.3879131, 25.2337363 ], [ 55.387893, 25.2337001 ], [ 55.3878626, 25.2336299 ], [ 55.3878416, 25.2335571 ], [ 55.3878303, 25.2334825 ], [ 55.3878289, 25.2334072 ] ] ] ] } },
{ "type": "Feature", "properties": { "osm_id": 548174356, "osm_type": "ways_poly", "opening_hours": null, "landuse": "grass", "denomination": null, "building": null, "leisure": null, "name": null, "historic": null, "amenity": null, "religion": null }, "geometry": { "type": "MultiPolygon", "coordinates": [ [ [ [ 55.3276473, 25.2647443 ], [ 55.327882, 25.2646303 ], [ 55.3280604, 25.2645733 ], [ 55.3282709, 25.264486 ], [ 55.3285807, 25.2643417 ], [ 55.3286143, 25.2643453 ], [ 55.328621, 25.2643647 ], [ 55.3286143, 25.2643926 ], [ 55.3285901, 25.2644169 ], [ 55.3280818, 25.2646412 ], [ 55.3279263, 25.2646995 ], [ 55.3276929, 25.264811 ], [ 55.3276473, 25.2647443 ] ] ] ] } },
{ "type": "Feature", "properties": { "osm_id": 530975841, "osm_type": "ways_poly", "opening_hours": null, "landuse": "industrial", "denomination": null, "building": null, "leisure": null, "name": null, "historic": null, "amenity": null, "religion": null }, "geometry": { "type": "MultiPolygon", "coordinates": [ [ [ [ 55.3341817, 25.2072968 ], [ 55.3347021, 25.2069321 ], [ 55.3348355, 25.2071058 ], [ 55.3350125, 25.2073873 ], [ 55.3351682, 25.2075527 ], [ 55.3353076, 25.2074941 ], [ 55.3354632, 25.2077708 ], [ 55.3353399, 25.2078245 ], [ 55.3354365, 25.2079895 ], [ 55.3354016, 25.2080187 ], [ 55.3354283, 25.2081372 ], [ 55.3356241, 25.2084697 ], [ 55.3356953, 25.2086969 ], [ 55.3356946, 25.2087746 ], [ 55.3356736, 25.208899 ], [ 55.3356482, 25.2089987 ], [ 55.3355247, 25.2090563 ], [ 55.3349413, 25.2083428 ], [ 55.3349535, 25.208249 ], [ 55.3346913, 25.207894 ], [ 55.3344887, 25.2076521 ], [ 55.3343925, 25.2075372 ], [ 55.3341817, 25.2072968 ] ] ] ] } },
{ "type": "Feature", "properties": { "osm_id": 386161431, "osm_type": "ways_poly", "opening_hours": null, "landuse": "construction", "denomination": null, "building": null, "leisure": null, "name": null, "historic": null, "amenity": null, "religion": null }, "geometry": { "type": "MultiPolygon", "coordinates": [ [ [ [ 55.3383177, 25.2287769 ], [ 55.3388173, 25.2287411 ], [ 55.3388371, 25.2289672 ], [ 55.3383375, 25.229003 ], [ 55.3383177, 25.2287769 ] ] ] ] } },
{ "type": "Feature", "properties": { "osm_id": 694650602, "osm_type": "ways_poly", "opening_hours": null, "landuse": "grass", "denomination": null, "building": null, "leisure": null, "name": null, "historic": null, "amenity": null, "religion": null }, "geometry": { "type": "MultiPolygon", "coordinates": [ [ [ [ 55.3433595, 25.2032114 ], [ 55.3433979, 25.2032193 ], [ 55.3434286, 25.2032371 ], [ 55.3434458, 25.2033044 ], [ 55.3433999, 25.2033075 ], [ 55.3433595, 25.2032114 ] ] ] ] } },
{ "type": "Feature", "properties": { "osm_id": 694650600, "osm_type": "ways_poly", "opening_hours": null, "landuse": "grass", "denomination": null, "building": null, "leisure": null, "name": null, "historic": null, "amenity": null, "religion": null }, "geometry": { "type": "MultiPolygon", "coordinates": [ [ [ [ 55.3428685, 25.203653 ], [ 55.342891, 25.2036131 ], [ 55.3429335, 25.2035771 ], [ 55.3431873, 25.2035186 ], [ 55.3431433, 25.2035724 ], [ 55.3430862, 25.2036142 ], [ 55.3430119, 25.2036458 ], [ 55.3429101, 25.2036811 ], [ 55.3428685, 25.203653 ] ] ] ] } },
{ "type": "Feature", "properties": { "osm_id": 541342454, "osm_type": "ways_poly", "opening_hours": null, "landuse": "residential", "denomination": null, "building": null, "leisure": null, "name": "Address Harbour Point", "historic": null, "amenity": null, "religion": null }, "geometry": { "type": "MultiPolygon", "coordinates": [ [ [ [ 55.3425808, 25.2082524 ], [ 55.3433868, 25.2079272 ], [ 55.3435291, 25.2082443 ], [ 55.3436217, 25.2084553 ], [ 55.3437417, 25.2087053 ], [ 55.3439211, 25.2089243 ], [ 55.3441221, 25.2091013 ], [ 55.3444207, 25.2092952 ], [ 55.3447311, 25.2094364 ], [ 55.3443833, 25.2102079 ], [ 55.3437319, 25.2098737 ], [ 55.343639, 25.2098136 ], [ 55.3434997, 25.2096374 ], [ 55.343097, 25.2091486 ], [ 55.3430405, 25.2091428 ], [ 55.3429001, 25.2089323 ], [ 55.3425889, 25.2084658 ], [ 55.3425808, 25.2082524 ] ] ] ] } },
{ "type": "Feature", "properties": { "osm_id": 245436296, "osm_type": "ways_poly", "opening_hours": null, "landuse": null, "denomination": null, "building": "mosque", "leisure": null, "name": null, "historic": null, "amenity": "place_of_worship", "religion": "muslim" }, "geometry": { "type": "MultiPolygon", "coordinates": [ [ [ [ 55.391885, 25.2673776 ], [ 55.3919141, 25.2672929 ], [ 55.3920537, 25.2673456 ], [ 55.3920474, 25.2674097 ], [ 55.391987, 25.2674323 ], [ 55.3919037, 25.2674097 ], [ 55.391885, 25.2673776 ] ] ] ] } },
{ "type": "Feature", "properties": { "osm_id": 1115967454, "osm_type": "ways_poly", "opening_hours": null, "landuse": null, "denomination": null, "building": "mosque", "leisure": null, "name": null, "historic": null, "amenity": "place_of_worship", "religion": "muslim" }, "geometry": { "type": "MultiPolygon", "coordinates": [ [ [ [ 55.3905357, 25.2483716 ], [ 55.3905625, 25.2482376 ], [ 55.3906214, 25.2482472 ], [ 55.3906336, 25.2481985 ], [ 55.3907046, 25.2482131 ], [ 55.390693, 25.2482589 ], [ 55.390761, 25.2482701 ], [ 55.3907486, 25.2483362 ], [ 55.3907342, 25.2484041 ], [ 55.3905357, 25.2483716 ] ] ] ] } },
{ "type": "Feature", "properties": { "osm_id": 502496977, "osm_type": "ways_poly", "opening_hours": null, "landuse": null, "denomination": null, "building": "yes", "leisure": null, "name": null, "historic": null, "amenity": "place_of_worship", "religion": "muslim" }, "geometry": { "type": "MultiPolygon", "coordinates": [ [ [ [ 55.3506888, 25.2338057 ], [ 55.3507321, 25.2335823 ], [ 55.3509044, 25.2336096 ], [ 55.3508984, 25.2336406 ], [ 55.3511357, 25.2336782 ], [ 55.351101, 25.2338572 ], [ 55.3509213, 25.2338287 ], [ 55.3509044, 25.2339161 ], [ 55.3508057, 25.2339655 ], [ 55.3507675, 25.2339033 ], [ 55.3508217, 25.2338762 ], [ 55.3508401, 25.2338282 ], [ 55.3506888, 25.2338057 ] ] ] ] } },
{ "type": "Feature", "properties": { "osm_id": 527620679, "osm_type": "ways_poly", "opening_hours": null, "landuse": null, "denomination": null, "building": null, "leisure": "park", "name": null, "historic": null, "amenity": null, "religion": null }, "geometry": { "type": "MultiPolygon", "coordinates": [ [ [ [ 55.4085903, 25.1953576 ], [ 55.4086982, 25.1952534 ], [ 55.4091625, 25.1952306 ], [ 55.4094503, 25.1952176 ], [ 55.4096303, 25.195172 ], [ 55.409717, 25.195147 ], [ 55.4097994, 25.1951232 ], [ 55.4101269, 25.1949864 ], [ 55.4106307, 25.1959177 ], [ 55.410404, 25.1960089 ], [ 55.4102348, 25.1956898 ], [ 55.409785, 25.1958461 ], [ 55.4096692, 25.1960379 ], [ 55.4095727, 25.1961977 ], [ 55.4096447, 25.1963964 ], [ 55.4094487, 25.1964333 ], [ 55.4093172, 25.1964582 ], [ 55.4091589, 25.1960447 ], [ 55.4090149, 25.1960252 ], [ 55.4089977, 25.1958001 ], [ 55.4089897, 25.1956116 ], [ 55.4087999, 25.1956164 ], [ 55.4086011, 25.1956214 ], [ 55.4085903, 25.1953576 ] ] ] ] } },
{ "type": "Feature", "properties": { "osm_id": 200764068, "osm_type": "ways_poly", "opening_hours": null, "landuse": "residential", "denomination": null, "building": null, "leisure": null, "name": "الورقاء 4", "historic": null, "amenity": null, "religion": null }, "geometry": { "type": "MultiPolygon", "coordinates": [ [ [ [ 55.4278077, 25.1827148 ], [ 55.4278468, 25.1811853 ], [ 55.4285615, 25.1791454 ], [ 55.4287863, 25.1775212 ], [ 55.4281602, 25.1747212 ], [ 55.4284041, 25.1743238 ], [ 55.4399988, 25.1721898 ], [ 55.4410695, 25.1780455 ], [ 55.4412406, 25.1785284 ], [ 55.4414088, 25.1788999 ], [ 55.4416649, 25.1793159 ], [ 55.4426171, 25.1804543 ], [ 55.4444571, 25.1825345 ], [ 55.4449286, 25.1833321 ], [ 55.445133, 25.1840297 ], [ 55.4452403, 25.1846996 ], [ 55.4454203, 25.1853772 ], [ 55.4455506, 25.1859791 ], [ 55.445603, 25.1860576 ], [ 55.4457074, 25.1860953 ], [ 55.4458464, 25.1861869 ], [ 55.4459347, 25.1862767 ], [ 55.4460027, 25.1864021 ], [ 55.4460479, 25.1865452 ], [ 55.4461133, 25.1868917 ], [ 55.4463735, 25.1873479 ], [ 55.4467624, 25.1880889 ], [ 55.4494632, 25.1928956 ], [ 55.4465475, 25.1947685 ], [ 55.4441498, 25.196853 ], [ 55.4413616, 25.2003315 ], [ 55.4407909, 25.2010679 ], [ 55.4398525, 25.2019745 ], [ 55.4394032, 25.2020852 ], [ 55.4391508, 25.2020286 ], [ 55.4387772, 25.2018844 ], [ 55.4353843, 25.1990984 ], [ 55.4352341, 25.1987815 ], [ 55.4348767, 25.1984735 ], [ 55.434324, 25.1983458 ], [ 55.4335563, 25.1978202 ], [ 55.4323608, 25.1971471 ], [ 55.4299594, 25.194663 ], [ 55.4291034, 25.1920569 ], [ 55.4281439, 25.1844047 ], [ 55.4278077, 25.1827148 ] ] ] ] } },
{ "type": "Feature", "properties": { "osm_id": 334470164, "osm_type": "ways_poly", "opening_hours": null, "landuse": "residential", "denomination": null, "building": null, "leisure": null, "name": "الورقاء 1", "historic": null, "amenity": null, "religion": null }, "geometry": { "type": "MultiPolygon", "coordinates": [ [ [ [ 55.3971882, 25.1974121 ], [ 55.3972906, 25.1930738 ], [ 55.3978438, 25.1864179 ], [ 55.3996673, 25.183062 ], [ 55.4030684, 25.1794463 ], [ 55.4076989, 25.1783895 ], [ 55.4083135, 25.1785749 ], [ 55.4093994, 25.1843598 ], [ 55.4096131, 25.1847251 ], [ 55.409421, 25.1877761 ], [ 55.4092411, 25.1885564 ], [ 55.4090001, 25.1894092 ], [ 55.4084451, 25.1907751 ], [ 55.407414, 25.1925555 ], [ 55.4055922, 25.1945277 ], [ 55.3980077, 25.1991362 ], [ 55.3975775, 25.1988025 ], [ 55.3971882, 25.1974121 ] ] ] ] } },
{ "type": "Feature", "properties": { "osm_id": 489091238, "osm_type": "ways_poly", "opening_hours": null, "landuse": "grass", "denomination": null, "building": null, "leisure": null, "name": null, "historic": null, "amenity": null, "religion": null }, "geometry": { "type": "MultiPolygon", "coordinates": [ [ [ [ 55.3393726, 25.2371136 ], [ 55.3394097, 25.2370912 ], [ 55.3394574, 25.2371558 ], [ 55.3394202, 25.2371782 ], [ 55.3393726, 25.2371136 ] ] ] ] } },
{ "type": "Feature", "properties": { "osm_id": 489091253, "osm_type": "ways_poly", "opening_hours": null, "landuse": "grass", "denomination": null, "building": null, "leisure": null, "name": null, "historic": null, "amenity": null, "religion": null }, "geometry": { "type": "MultiPolygon", "coordinates": [ [ [ [ 55.3387847, 25.2413875 ], [ 55.3387928, 25.2413529 ], [ 55.3388048, 25.2413292 ], [ 55.3388229, 25.2413068 ], [ 55.3388538, 25.2412904 ], [ 55.3388893, 25.2412886 ], [ 55.3389564, 25.2412922 ], [ 55.339002, 25.2413026 ], [ 55.3390281, 25.241322 ], [ 55.3390482, 25.2413456 ], [ 55.339067, 25.2413747 ], [ 55.3390737, 25.2413972 ], [ 55.3390737, 25.2414257 ], [ 55.339067, 25.2414505 ], [ 55.3390556, 25.2414724 ], [ 55.3390375, 25.2414918 ], [ 55.3390046, 25.2415015 ], [ 55.3389584, 25.2415045 ], [ 55.3389067, 25.2414948 ], [ 55.3388645, 25.2414821 ], [ 55.338835, 25.2414596 ], [ 55.3388055, 25.241436 ], [ 55.3387894, 25.2414111 ], [ 55.3387847, 25.2413875 ] ] ] ] } },
{ "type": "Feature", "properties": { "osm_id": 489091256, "osm_type": "ways_poly", "opening_hours": null, "landuse": "grass", "denomination": null, "building": null, "leisure": null, "name": null, "historic": null, "amenity": null, "religion": null }, "geometry": { "type": "MultiPolygon", "coordinates": [ [ [ [ 55.3385432, 25.2402961 ], [ 55.3386073, 25.2402777 ], [ 55.3386533, 25.2404084 ], [ 55.3385892, 25.2404268 ], [ 55.3385432, 25.2402961 ] ] ] ] } },
{ "type": "Feature", "properties": { "osm_id": 489091257, "osm_type": "ways_poly", "opening_hours": null, "landuse": "grass", "denomination": null, "building": null, "leisure": null, "name": null, "historic": null, "amenity": null, "religion": null }, "geometry": { "type": "MultiPolygon", "coordinates": [ [ [ [ 55.3385804, 25.240105 ], [ 55.3386588, 25.2400936 ], [ 55.3386778, 25.2402004 ], [ 55.3385994, 25.2402118 ], [ 55.3385804, 25.240105 ] ] ] ] } },
{ "type": "Feature", "properties": { "osm_id": 489091260, "osm_type": "ways_poly", "opening_hours": null, "landuse": "grass", "denomination": null, "building": null, "leisure": null, "name": null, "historic": null, "amenity": null, "religion": null }, "geometry": { "type": "MultiPolygon", "coordinates": [ [ [ [ 55.3391706, 25.2405645 ], [ 55.3391726, 25.2405196 ], [ 55.339184, 25.2404814 ], [ 55.3392074, 25.2404535 ], [ 55.3392376, 25.2404347 ], [ 55.3392624, 25.2404366 ], [ 55.3393074, 25.2404584 ], [ 55.3393375, 25.2404917 ], [ 55.339355, 25.2405403 ], [ 55.3393657, 25.2406015 ], [ 55.3393657, 25.2406531 ], [ 55.3393603, 25.2406949 ], [ 55.3393429, 25.2407234 ], [ 55.3393053, 25.2407416 ], [ 55.3392665, 25.2407532 ], [ 55.3392249, 25.2407465 ], [ 55.3392014, 25.2407253 ], [ 55.3391954, 25.2406834 ], [ 55.3391846, 25.2406519 ], [ 55.3391766, 25.2406215 ], [ 55.3391706, 25.2405645 ] ] ] ] } },
{ "type": "Feature", "properties": { "osm_id": 489091264, "osm_type": "ways_poly", "opening_hours": null, "landuse": "grass", "denomination": null, "building": null, "leisure": null, "name": null, "historic": null, "amenity": null, "religion": null }, "geometry": { "type": "MultiPolygon", "coordinates": [ [ [ [ 55.3381337, 25.2363913 ], [ 55.3381893, 25.2363741 ], [ 55.3382273, 25.2364749 ], [ 55.3381717, 25.236492 ], [ 55.3381337, 25.2363913 ] ] ] ] } },
{ "type": "Feature", "properties": { "osm_id": 489091265, "osm_type": "ways_poly", "opening_hours": null, "landuse": "grass", "denomination": null, "building": null, "leisure": null, "name": null, "historic": null, "amenity": null, "religion": null }, "geometry": { "type": "MultiPolygon", "coordinates": [ [ [ [ 55.3380761, 25.2362607 ], [ 55.3381258, 25.236244 ], [ 55.3381408, 25.2362803 ], [ 55.338091, 25.2362971 ], [ 55.3380761, 25.2362607 ] ] ] ] } },
{ "type": "Feature", "properties": { "osm_id": 489091270, "osm_type": "ways_poly", "opening_hours": null, "landuse": "grass", "denomination": null, "building": null, "leisure": null, "name": null, "historic": null, "amenity": null, "religion": null }, "geometry": { "type": "MultiPolygon", "coordinates": [ [ [ [ 55.3383513, 25.2400319 ], [ 55.3383974, 25.2400276 ], [ 55.3384093, 25.2401321 ], [ 55.3383633, 25.2401365 ], [ 55.3383513, 25.2400319 ] ] ] ] } },
{ "type": "Feature", "properties": { "osm_id": 489091276, "osm_type": "ways_poly", "opening_hours": null, "landuse": "grass", "denomination": null, "building": null, "leisure": null, "name": null, "historic": null, "amenity": null, "religion": null }, "geometry": { "type": "MultiPolygon", "coordinates": [ [ [ [ 55.3371823, 25.2377858 ], [ 55.3371878, 25.2377026 ], [ 55.3372307, 25.2377049 ], [ 55.3372252, 25.2377881 ], [ 55.3371823, 25.2377858 ] ] ] ] } },
{ "type": "Feature", "properties": { "osm_id": 488231344, "osm_type": "ways_poly", "opening_hours": null, "landuse": "grass", "denomination": null, "building": null, "leisure": null, "name": null, "historic": null, "amenity": null, "religion": null }, "geometry": { "type": "MultiPolygon", "coordinates": [ [ [ [ 55.3381057, 25.2418046 ], [ 55.3381084, 25.2417689 ], [ 55.3381191, 25.2417331 ], [ 55.3381345, 25.2416918 ], [ 55.3381567, 25.2416536 ], [ 55.3381976, 25.2416203 ], [ 55.3382526, 25.2416051 ], [ 55.3383136, 25.241599 ], [ 55.3383699, 25.241599 ], [ 55.3384155, 25.2416136 ], [ 55.338445, 25.2416439 ], [ 55.338449, 25.2416894 ], [ 55.3384329, 25.2417337 ], [ 55.3383746, 25.2417695 ], [ 55.3383223, 25.2417822 ], [ 55.3382707, 25.2417913 ], [ 55.3382298, 25.2418119 ], [ 55.3381822, 25.2418392 ], [ 55.3381493, 25.2418404 ], [ 55.3381231, 25.2418265 ], [ 55.3381057, 25.2418046 ] ] ] ] } },
{ "type": "Feature", "properties": { "osm_id": 1004849353, "osm_type": "ways_poly", "opening_hours": null, "landuse": null, "denomination": null, "building": null, "leisure": "park", "name": "Al Garhoud Park 3", "historic": null, "amenity": null, "religion": null }, "geometry": { "type": "MultiPolygon", "coordinates": [ [ [ [ 55.341546, 25.246158 ], [ 55.3415617, 25.2459667 ], [ 55.3416205, 25.2459146 ], [ 55.3419083, 25.2459179 ], [ 55.3419721, 25.245885 ], [ 55.3419773, 25.2457622 ], [ 55.342015, 25.2457366 ], [ 55.3426502, 25.2457611 ], [ 55.3427195, 25.2458208 ], [ 55.3427123, 25.2461653 ], [ 55.3426243, 25.2462419 ], [ 55.3423589, 25.2462357 ], [ 55.3416152, 25.2462166 ], [ 55.341546, 25.246158 ] ] ] ] } },
{ "type": "Feature", "properties": { "osm_id": 680849401, "osm_type": "ways_poly", "opening_hours": null, "landuse": null, "denomination": null, "building": null, "leisure": "park", "name": null, "historic": null, "amenity": null, "religion": null }, "geometry": { "type": "MultiPolygon", "coordinates": [ [ [ [ 55.3402858, 25.2282629 ], [ 55.3403875, 25.2279219 ], [ 55.3407183, 25.2283224 ], [ 55.341116, 25.2286978 ], [ 55.341459, 25.2289324 ], [ 55.3414815, 25.2289596 ], [ 55.340886, 25.2290688 ], [ 55.3406098, 25.2287218 ], [ 55.340394, 25.2285053 ], [ 55.3404058, 25.2284372 ], [ 55.3402858, 25.2282629 ] ] ] ] } },
{ "type": "Feature", "properties": { "osm_id": 473273445, "osm_type": "ways_poly", "opening_hours": null, "landuse": null, "denomination": null, "building": null, "leisure": "park", "name": null, "historic": null, "amenity": null, "religion": null }, "geometry": { "type": "MultiPolygon", "coordinates": [ [ [ [ 55.3483942, 25.224172 ], [ 55.3483972, 25.2241333 ], [ 55.3484044, 25.2240951 ], [ 55.3484157, 25.2240578 ], [ 55.348431, 25.2240216 ], [ 55.3484502, 25.2239869 ], [ 55.348473, 25.2239541 ], [ 55.3484992, 25.2239235 ], [ 55.3485167, 25.2239589 ], [ 55.3485303, 25.2239956 ], [ 55.3485398, 25.2240334 ], [ 55.3485451, 25.2240718 ], [ 55.3485463, 25.2241106 ], [ 55.3485433, 25.2241492 ], [ 55.3485361, 25.2241874 ], [ 55.3485248, 25.2242248 ], [ 55.3485095, 25.224261 ], [ 55.3484904, 25.2242957 ], [ 55.3484676, 25.2243284 ], [ 55.3484413, 25.2243591 ], [ 55.3484238, 25.2243237 ], [ 55.3484103, 25.2242869 ], [ 55.3484008, 25.2242491 ], [ 55.3483954, 25.2242107 ], [ 55.3483942, 25.224172 ] ] ] ] } },
{ "type": "Feature", "properties": { "osm_id": 1348094403, "osm_type": "ways_poly", "opening_hours": null, "landuse": "grass", "denomination": null, "building": null, "leisure": null, "name": null, "historic": null, "amenity": null, "religion": null }, "geometry": { "type": "MultiPolygon", "coordinates": [ [ [ [ 55.3396616, 25.2238825 ], [ 55.3397133, 25.223832 ], [ 55.3397581, 25.2237809 ], [ 55.3398002, 25.2238108 ], [ 55.3397464, 25.2238819 ], [ 55.3397091, 25.2239231 ], [ 55.3396616, 25.2238825 ] ] ] ] } },
{ "type": "Feature", "properties": { "osm_id": 518293635, "osm_type": "ways_poly", "opening_hours": null, "landuse": null, "denomination": null, "building": "yes", "leisure": null, "name": null, "historic": null, "amenity": "place_of_worship", "religion": "muslim" }, "geometry": { "type": "MultiPolygon", "coordinates": [ [ [ [ 55.4811087, 25.2270411 ], [ 55.481162, 25.2268782 ], [ 55.4812661, 25.2269061 ], [ 55.4812719, 25.2268883 ], [ 55.4813537, 25.2269102 ], [ 55.4812899, 25.2271051 ], [ 55.4812513, 25.2270948 ], [ 55.481256, 25.2270805 ], [ 55.4811087, 25.2270411 ] ] ] ] } },
{ "type": "Feature", "properties": { "osm_id": 462772439, "osm_type": "ways_poly", "opening_hours": null, "landuse": "forest", "denomination": null, "building": null, "leisure": null, "name": null, "historic": null, "amenity": null, "religion": null }, "geometry": { "type": "MultiPolygon", "coordinates": [ [ [ [ 55.4611426, 25.2134088 ], [ 55.4612615, 25.2133958 ], [ 55.4614956, 25.2133431 ], [ 55.4616292, 25.2133513 ], [ 55.4616675, 25.2135915 ], [ 55.4617955, 25.2142621 ], [ 55.4619505, 25.2150668 ], [ 55.4621594, 25.2161946 ], [ 55.4623436, 25.2171211 ], [ 55.4630103, 25.2213099 ], [ 55.4626985, 25.2214921 ], [ 55.4625002, 25.2207098 ], [ 55.4623557, 25.2195573 ], [ 55.4622181, 25.219028 ], [ 55.4619827, 25.2177957 ], [ 55.4616742, 25.2163348 ], [ 55.461472, 25.2153046 ], [ 55.4611621, 25.2136708 ], [ 55.4611426, 25.2134088 ] ] ] ] } },
{ "type": "Feature", "properties": { "osm_id": 433292212, "osm_type": "ways_poly", "opening_hours": null, "landuse": null, "denomination": null, "building": null, "leisure": "park", "name": "Nadd Al Hamar Park 2", "historic": null, "amenity": null, "religion": null }, "geometry": { "type": "MultiPolygon", "coordinates": [ [ [ [ 55.3843604, 25.2067607 ], [ 55.3857595, 25.2063481 ], [ 55.3860623, 25.2071884 ], [ 55.3846631, 25.2076011 ], [ 55.3843604, 25.2067607 ] ] ] ] } },
{ "type": "Feature", "properties": { "osm_id": 489091289, "osm_type": "ways_poly", "opening_hours": null, "landuse": "grass", "denomination": null, "building": null, "leisure": null, "name": null, "historic": null, "amenity": null, "religion": null }, "geometry": { "type": "MultiPolygon", "coordinates": [ [ [ [ 55.3341901, 25.2406876 ], [ 55.3342546, 25.2406281 ], [ 55.3342852, 25.2406553 ], [ 55.3342207, 25.2407148 ], [ 55.3341901, 25.2406876 ] ] ] ] } },
{ "type": "Feature", "properties": { "osm_id": 489091291, "osm_type": "ways_poly", "opening_hours": null, "landuse": "grass", "denomination": null, "building": null, "leisure": null, "name": null, "historic": null, "amenity": null, "religion": null }, "geometry": { "type": "MultiPolygon", "coordinates": [ [ [ [ 55.3338213, 25.240953 ], [ 55.3339122, 25.2408748 ], [ 55.3339526, 25.2409133 ], [ 55.3338617, 25.2409915 ], [ 55.3338213, 25.240953 ] ] ] ] } },
{ "type": "Feature", "properties": { "osm_id": 146036803, "osm_type": "ways_poly", "opening_hours": null, "landuse": null, "denomination": null, "building": "mosque", "leisure": null, "name": null, "historic": null, "amenity": "place_of_worship", "religion": "muslim" }, "geometry": { "type": "MultiPolygon", "coordinates": [ [ [ [ 55.398747, 25.2546037 ], [ 55.3987906, 25.2544346 ], [ 55.3990101, 25.2544809 ], [ 55.3990309, 25.2544002 ], [ 55.3992084, 25.2544377 ], [ 55.399184, 25.2545323 ], [ 55.3992249, 25.2545409 ], [ 55.3991942, 25.2546598 ], [ 55.399166, 25.2546539 ], [ 55.3991356, 25.2547718 ], [ 55.3989434, 25.2547312 ], [ 55.3989645, 25.2546496 ], [ 55.398747, 25.2546037 ] ] ] ] } },
{ "type": "Feature", "properties": { "osm_id": 378111746, "osm_type": "ways_poly", "opening_hours": null, "landuse": "residential", "denomination": null, "building": null, "leisure": null, "name": "Al Badia Hillside Village Buildings, Dubai Festival City", "historic": null, "amenity": null, "religion": null }, "geometry": { "type": "MultiPolygon", "coordinates": [ [ [ [ 55.3606373, 25.2212155 ], [ 55.3609024, 25.2210688 ], [ 55.361061, 25.2213035 ], [ 55.3607193, 25.2214926 ], [ 55.3606406, 25.2213761 ], [ 55.3607173, 25.2213337 ], [ 55.3606373, 25.2212155 ] ] ] ] } },
{ "type": "Feature", "properties": { "osm_id": 473273448, "osm_type": "ways_poly", "opening_hours": null, "landuse": null, "denomination": null, "building": null, "leisure": "park", "name": null, "historic": null, "amenity": null, "religion": null }, "geometry": { "type": "MultiPolygon", "coordinates": [ [ [ [ 55.3492892, 25.2227651 ], [ 55.3492988, 25.2227273 ], [ 55.3493125, 25.2226906 ], [ 55.34933, 25.2226553 ], [ 55.3493513, 25.2226217 ], [ 55.3493762, 25.2225901 ], [ 55.3494043, 25.2225609 ], [ 55.3494355, 25.2225343 ], [ 55.3494694, 25.2225106 ], [ 55.3495057, 25.2224901 ], [ 55.3495441, 25.2224729 ], [ 55.3495841, 25.2224591 ], [ 55.3496255, 25.222449 ], [ 55.3496159, 25.2224867 ], [ 55.3496022, 25.2225235 ], [ 55.3495846, 25.2225588 ], [ 55.3495633, 25.2225924 ], [ 55.3495385, 25.222624 ], [ 55.3495103, 25.2226532 ], [ 55.3494792, 25.2226797 ], [ 55.3494452, 25.2227034 ], [ 55.3494089, 25.222724 ], [ 55.3493706, 25.2227412 ], [ 55.3493305, 25.222755 ], [ 55.3492892, 25.2227651 ] ] ] ] } },
{ "type": "Feature", "properties": { "osm_id": 473273449, "osm_type": "ways_poly", "opening_hours": null, "landuse": null, "denomination": null, "building": null, "leisure": "park", "name": null, "historic": null, "amenity": null, "religion": null }, "geometry": { "type": "MultiPolygon", "coordinates": [ [ [ [ 55.3509579, 25.2203695 ], [ 55.3513206, 25.2200759 ], [ 55.351538, 25.2202209 ], [ 55.3511525, 25.2205618 ], [ 55.3509579, 25.2203695 ] ] ] ] } },
{ "type": "Feature", "properties": { "osm_id": 473273451, "osm_type": "ways_poly", "opening_hours": null, "landuse": null, "denomination": null, "building": null, "leisure": "park", "name": null, "historic": null, "amenity": null, "religion": null }, "geometry": { "type": "MultiPolygon", "coordinates": [ [ [ [ 55.3510428, 25.2245706 ], [ 55.3510888, 25.2244553 ], [ 55.351425, 25.2243304 ], [ 55.3514817, 25.2243528 ], [ 55.3514888, 25.2243881 ], [ 55.3514038, 25.2244329 ], [ 55.351103, 25.2245674 ], [ 55.3510428, 25.2245706 ] ] ] ] } },
{ "type": "Feature", "properties": { "osm_id": 473273450, "osm_type": "ways_poly", "opening_hours": null, "landuse": null, "denomination": null, "building": null, "leisure": "park", "name": null, "historic": null, "amenity": null, "religion": null }, "geometry": { "type": "MultiPolygon", "coordinates": [ [ [ [ 55.3508375, 25.2249708 ], [ 55.3508482, 25.2248843 ], [ 55.3508942, 25.2247595 ], [ 55.3510428, 25.2245706 ], [ 55.351103, 25.2245674 ], [ 55.3511596, 25.2247883 ], [ 55.3512056, 25.2249772 ], [ 55.3510888, 25.2250156 ], [ 55.3509508, 25.2250476 ], [ 55.3508765, 25.225022 ], [ 55.3508375, 25.2249708 ] ] ] ] } },
{ "type": "Feature", "properties": { "osm_id": 386161428, "osm_type": "ways_poly", "opening_hours": null, "landuse": "construction", "denomination": null, "building": null, "leisure": null, "name": null, "historic": null, "amenity": null, "religion": null }, "geometry": { "type": "MultiPolygon", "coordinates": [ [ [ [ 55.3394198, 25.2247756 ], [ 55.339429, 25.2243902 ], [ 55.3394927, 25.2242983 ], [ 55.3398687, 25.2246016 ], [ 55.3396734, 25.2248231 ], [ 55.3394781, 25.2248257 ], [ 55.3394198, 25.2247756 ] ] ] ] } },
{ "type": "Feature", "properties": { "osm_id": 475268499, "osm_type": "ways_poly", "opening_hours": null, "landuse": null, "denomination": null, "building": "mosque", "leisure": null, "name": null, "historic": null, "amenity": "place_of_worship", "religion": "muslim" }, "geometry": { "type": "MultiPolygon", "coordinates": [ [ [ [ 55.3398742, 25.2250438 ], [ 55.33993, 25.2248102 ], [ 55.340248, 25.2248724 ], [ 55.3401791, 25.2251608 ], [ 55.3400193, 25.2251295 ], [ 55.3400324, 25.2250747 ], [ 55.3398742, 25.2250438 ] ] ] ] } },
{ "type": "Feature", "properties": { "osm_id": 475268498, "osm_type": "ways_poly", "opening_hours": null, "landuse": "construction", "denomination": null, "building": null, "leisure": null, "name": null, "historic": null, "amenity": null, "religion": null }, "geometry": { "type": "MultiPolygon", "coordinates": [ [ [ [ 55.3415177, 25.2254933 ], [ 55.3417323, 25.2252095 ], [ 55.3426399, 25.2257708 ], [ 55.3424253, 25.2260547 ], [ 55.3415177, 25.2254933 ] ] ] ] } },
{ "type": "Feature", "properties": { "osm_id": 473273465, "osm_type": "ways_poly", "opening_hours": null, "landuse": null, "denomination": null, "building": null, "leisure": "park", "name": null, "historic": null, "amenity": null, "religion": null }, "geometry": { "type": "MultiPolygon", "coordinates": [ [ [ [ 55.3485195, 25.2248329 ], [ 55.3485196, 25.2247942 ], [ 55.3485239, 25.2247556 ], [ 55.3485323, 25.2247176 ], [ 55.3485448, 25.2246806 ], [ 55.3485613, 25.2246448 ], [ 55.3485816, 25.2246107 ], [ 55.3486053, 25.2246429 ], [ 55.3486254, 25.2246771 ], [ 55.3486417, 25.224713 ], [ 55.3486541, 25.2247501 ], [ 55.3486623, 25.2247881 ], [ 55.3486665, 25.2248267 ], [ 55.3486664, 25.2248654 ], [ 55.3486621, 25.224904 ], [ 55.3486536, 25.2249419 ], [ 55.3486411, 25.224979 ], [ 55.3486246, 25.2250148 ], [ 55.3486044, 25.2250489 ], [ 55.3485806, 25.2250166 ], [ 55.3485605, 25.2249824 ], [ 55.3485442, 25.2249466 ], [ 55.3485319, 25.2249095 ], [ 55.3485236, 25.2248715 ], [ 55.3485195, 25.2248329 ] ] ] ] } },
{ "type": "Feature", "properties": { "osm_id": 473273447, "osm_type": "ways_poly", "opening_hours": null, "landuse": null, "denomination": null, "building": null, "leisure": "park", "name": null, "historic": null, "amenity": null, "religion": null }, "geometry": { "type": "MultiPolygon", "coordinates": [ [ [ [ 55.3488037, 25.2232663 ], [ 55.3488133, 25.2232285 ], [ 55.348827, 25.2231918 ], [ 55.3488445, 25.2231564 ], [ 55.3488658, 25.2231228 ], [ 55.3488907, 25.2230913 ], [ 55.3489188, 25.2230621 ], [ 55.34895, 25.2230355 ], [ 55.3489839, 25.2230118 ], [ 55.3490202, 25.2229913 ], [ 55.3490586, 25.222974 ], [ 55.3490986, 25.2229603 ], [ 55.34914, 25.2229502 ], [ 55.3491304, 25.2229879 ], [ 55.3491167, 25.2230246 ], [ 55.3490992, 25.22306 ], [ 55.3490778, 25.2230936 ], [ 55.349053, 25.2231251 ], [ 55.3490248, 25.2231544 ], [ 55.3489937, 25.2231809 ], [ 55.3489598, 25.2232046 ], [ 55.3489235, 25.2232251 ], [ 55.3488851, 25.2232424 ], [ 55.348845, 25.2232561 ], [ 55.3488037, 25.2232663 ] ] ] ] } },
{ "type": "Feature", "properties": { "osm_id": 473273446, "osm_type": "ways_poly", "opening_hours": null, "landuse": null, "denomination": null, "building": null, "leisure": "park", "name": null, "historic": null, "amenity": null, "religion": null }, "geometry": { "type": "MultiPolygon", "coordinates": [ [ [ [ 55.3484429, 25.2237172 ], [ 55.3484476, 25.2236787 ], [ 55.3484565, 25.2236408 ], [ 55.3484694, 25.2236038 ], [ 55.3484862, 25.2235682 ], [ 55.3485069, 25.2235342 ], [ 55.3485311, 25.2235023 ], [ 55.3485586, 25.2234726 ], [ 55.3485893, 25.2234455 ], [ 55.3486227, 25.2234213 ], [ 55.3486586, 25.2234002 ], [ 55.3486966, 25.2233823 ], [ 55.3487364, 25.2233679 ], [ 55.3487317, 25.2234064 ], [ 55.3487228, 25.2234443 ], [ 55.3487099, 25.2234813 ], [ 55.348693, 25.2235169 ], [ 55.3486724, 25.2235509 ], [ 55.3486482, 25.2235828 ], [ 55.3486206, 25.2236125 ], [ 55.34859, 25.2236395 ], [ 55.3485566, 25.2236638 ], [ 55.3485207, 25.2236849 ], [ 55.3484827, 25.2237028 ], [ 55.3484429, 25.2237172 ] ] ] ] } },
{ "type": "Feature", "properties": { "osm_id": 1005929298, "osm_type": "ways_poly", "opening_hours": null, "landuse": null, "denomination": null, "building": null, "leisure": "park", "name": null, "historic": null, "amenity": null, "religion": null }, "geometry": { "type": "MultiPolygon", "coordinates": [ [ [ [ 55.3407232, 25.2462021 ], [ 55.3407338, 25.2461352 ], [ 55.3410254, 25.2461888 ], [ 55.341336, 25.2461859 ], [ 55.3413254, 25.2464162 ], [ 55.341037, 25.2464392 ], [ 55.3410814, 25.2462891 ], [ 55.341018, 25.2462757 ], [ 55.3407232, 25.2462021 ] ] ] ] } },
{ "type": "Feature", "properties": { "osm_id": 390017969, "osm_type": "ways_poly", "opening_hours": null, "landuse": null, "denomination": null, "building": "yes", "leisure": null, "name": null, "historic": null, "amenity": "place_of_worship", "religion": "muslim" }, "geometry": { "type": "MultiPolygon", "coordinates": [ [ [ [ 55.3839917, 25.1920276 ], [ 55.3840126, 25.1919378 ], [ 55.3840256, 25.1918821 ], [ 55.3840375, 25.1918844 ], [ 55.3840517, 25.1918231 ], [ 55.3842243, 25.191856 ], [ 55.3842046, 25.1919406 ], [ 55.3842604, 25.1919512 ], [ 55.3842366, 25.1920536 ], [ 55.384206, 25.1920477 ], [ 55.3841819, 25.1921512 ], [ 55.3841291, 25.1921411 ], [ 55.384135, 25.1921157 ], [ 55.3839938, 25.1920888 ], [ 55.3840074, 25.1920306 ], [ 55.3839917, 25.1920276 ] ] ] ] } },
{ "type": "Feature", "properties": { "osm_id": 627288798, "osm_type": "ways_poly", "opening_hours": null, "landuse": "industrial", "denomination": null, "building": null, "leisure": null, "name": null, "historic": null, "amenity": null, "religion": null }, "geometry": { "type": "MultiPolygon", "coordinates": [ [ [ [ 55.3764067, 25.257461 ], [ 55.376429, 25.2574489 ], [ 55.3768388, 25.2572256 ], [ 55.3771479, 25.2576895 ], [ 55.3767157, 25.257925 ], [ 55.3764547, 25.2575332 ], [ 55.3764067, 25.257461 ] ] ] ] } },
{ "type": "Feature", "properties": { "osm_id": 223517375, "osm_type": "ways_poly", "opening_hours": null, "landuse": "industrial", "denomination": null, "building": null, "leisure": null, "name": null, "historic": null, "amenity": null, "religion": null }, "geometry": { "type": "MultiPolygon", "coordinates": [ [ [ [ 55.3717539, 25.186187 ], [ 55.3724084, 25.1852234 ], [ 55.3737226, 25.1849758 ], [ 55.3737652, 25.184968 ], [ 55.3738215, 25.1849593 ], [ 55.3739583, 25.185537 ], [ 55.3742859, 25.1854782 ], [ 55.3750741, 25.1881559 ], [ 55.373741, 25.1884909 ], [ 55.3736847, 25.1884666 ], [ 55.3735215, 25.1884977 ], [ 55.3735023, 25.188537 ], [ 55.3730892, 25.1886438 ], [ 55.3729287, 25.1886894 ], [ 55.3729203, 25.1886681 ], [ 55.3726279, 25.1887433 ], [ 55.3724835, 25.1886651 ], [ 55.3717539, 25.186187 ] ] ] ] } },
{ "type": "Feature", "properties": { "osm_id": 244250020, "osm_type": "ways_poly", "opening_hours": null, "landuse": null, "denomination": null, "building": "mosque", "leisure": null, "name": null, "historic": null, "amenity": "place_of_worship", "religion": "muslim" }, "geometry": { "type": "MultiPolygon", "coordinates": [ [ [ [ 55.4015235, 25.2456756 ], [ 55.4015587, 25.2455112 ], [ 55.4017115, 25.245538 ], [ 55.4016763, 25.2457024 ], [ 55.4015235, 25.2456756 ] ] ] ] } },
{ "type": "Feature", "properties": { "osm_id": 1348094367, "osm_type": "ways_poly", "opening_hours": null, "landuse": "grass", "denomination": null, "building": null, "leisure": null, "name": null, "historic": null, "amenity": null, "religion": null }, "geometry": { "type": "MultiPolygon", "coordinates": [ [ [ [ 55.3777501, 25.2673045 ], [ 55.377756, 25.2672862 ], [ 55.3780618, 25.2673633 ], [ 55.3780261, 25.2674377 ], [ 55.3779834, 25.267584 ], [ 55.3779534, 25.2675781 ], [ 55.3779351, 25.2675677 ], [ 55.3779174, 25.2675453 ], [ 55.3779159, 25.2675241 ], [ 55.3779267, 25.2675164 ], [ 55.3778539, 25.2674068 ], [ 55.377815, 25.2673979 ], [ 55.3777501, 25.2673045 ] ] ] ] } },
{ "type": "Feature", "properties": { "osm_id": 1348094370, "osm_type": "ways_poly", "opening_hours": null, "landuse": "grass", "denomination": null, "building": null, "leisure": null, "name": null, "historic": null, "amenity": null, "religion": null }, "geometry": { "type": "MultiPolygon", "coordinates": [ [ [ [ 55.3785048, 25.2681627 ], [ 55.3785085, 25.2681411 ], [ 55.3785619, 25.2681624 ], [ 55.3785419, 25.268289 ], [ 55.378522, 25.2682576 ], [ 55.37851, 25.2682156 ], [ 55.3785048, 25.2681627 ] ] ] ] } },
{ "type": "Feature", "properties": { "osm_id": 1348094371, "osm_type": "ways_poly", "opening_hours": null, "landuse": "grass", "denomination": null, "building": null, "leisure": null, "name": null, "historic": null, "amenity": null, "religion": null }, "geometry": { "type": "MultiPolygon", "coordinates": [ [ [ [ 55.3785124, 25.268092 ], [ 55.3785497, 25.2679861 ], [ 55.3786106, 25.2678543 ], [ 55.378694, 25.2677305 ], [ 55.3787356, 25.2677984 ], [ 55.3787178, 25.2678627 ], [ 55.3786571, 25.2679023 ], [ 55.3786195, 25.2679576 ], [ 55.3785986, 25.2680303 ], [ 55.3785791, 25.2681204 ], [ 55.3785124, 25.268092 ] ] ] ] } },
{ "type": "Feature", "properties": { "osm_id": 489091239, "osm_type": "ways_poly", "opening_hours": null, "landuse": "grass", "denomination": null, "building": null, "leisure": null, "name": null, "historic": null, "amenity": null, "religion": null }, "geometry": { "type": "MultiPolygon", "coordinates": [ [ [ [ 55.3392223, 25.2369214 ], [ 55.3392664, 25.2368917 ], [ 55.3393475, 25.2369901 ], [ 55.3393034, 25.2370198 ], [ 55.3392223, 25.2369214 ] ] ] ] } },
{ "type": "Feature", "properties": { "osm_id": 489091240, "osm_type": "ways_poly", "opening_hours": null, "landuse": "grass", "denomination": null, "building": null, "leisure": null, "name": null, "historic": null, "amenity": null, "religion": null }, "geometry": { "type": "MultiPolygon", "coordinates": [ [ [ [ 55.3390954, 25.2367593 ], [ 55.3391465, 25.2367271 ], [ 55.3392216, 25.2368247 ], [ 55.3391705, 25.2368569 ], [ 55.3390954, 25.2367593 ] ] ] ] } },
{ "type": "Feature", "properties": { "osm_id": 213547315, "osm_type": "ways_poly", "opening_hours": null, "landuse": "grass", "denomination": null, "building": null, "leisure": null, "name": null, "historic": null, "amenity": null, "religion": null }, "geometry": { "type": "MultiPolygon", "coordinates": [ [ [ [ 55.368233, 25.2167026 ], [ 55.368245, 25.2166841 ], [ 55.3682598, 25.2166714 ], [ 55.3682907, 25.2166663 ], [ 55.3683168, 25.2166809 ], [ 55.3683302, 25.2167313 ], [ 55.3683245, 25.2167574 ], [ 55.3682985, 25.2167784 ], [ 55.3682689, 25.2167752 ], [ 55.3682492, 25.2167561 ], [ 55.3682365, 25.2167281 ], [ 55.368233, 25.2167026 ] ] ] ] } },
{ "type": "Feature", "properties": { "osm_id": 213547318, "osm_type": "ways_poly", "opening_hours": null, "landuse": "grass", "denomination": null, "building": null, "leisure": null, "name": null, "historic": null, "amenity": null, "religion": null }, "geometry": { "type": "MultiPolygon", "coordinates": [ [ [ [ 55.3680798, 25.213924 ], [ 55.3680812, 25.2139106 ], [ 55.3680883, 25.2138953 ], [ 55.368103, 25.2138705 ], [ 55.3681199, 25.213868 ], [ 55.3681407, 25.2138641 ], [ 55.368158, 25.2138769 ], [ 55.3681594, 25.2138998 ], [ 55.3681565, 25.2139157 ], [ 55.3681439, 25.213938 ], [ 55.3681094, 25.2139508 ], [ 55.3680883, 25.2139412 ], [ 55.3680798, 25.213924 ] ] ] ] } },
{ "type": "Feature", "properties": { "osm_id": 213547319, "osm_type": "ways_poly", "opening_hours": null, "landuse": "grass", "denomination": null, "building": null, "leisure": null, "name": null, "historic": null, "amenity": null, "religion": null }, "geometry": { "type": "MultiPolygon", "coordinates": [ [ [ [ 55.3681323, 25.2169937 ], [ 55.3681358, 25.2169739 ], [ 55.3681408, 25.2169599 ], [ 55.3681541, 25.2169459 ], [ 55.3681675, 25.2169396 ], [ 55.3681908, 25.2169427 ], [ 55.3682013, 25.2169517 ], [ 55.3682189, 25.216965 ], [ 55.3682238, 25.2169835 ], [ 55.368221, 25.2170147 ], [ 55.3682105, 25.2170294 ], [ 55.3681774, 25.2170345 ], [ 55.368152, 25.2170249 ], [ 55.3681436, 25.2170192 ], [ 55.3681323, 25.2169937 ] ] ] ] } },
{ "type": "Feature", "properties": { "osm_id": 488231378, "osm_type": "ways_poly", "opening_hours": null, "landuse": "grass", "denomination": null, "building": null, "leisure": null, "name": null, "historic": null, "amenity": null, "religion": null }, "geometry": { "type": "MultiPolygon", "coordinates": [ [ [ [ 55.3353829, 25.248588 ], [ 55.3353836, 25.2485261 ], [ 55.3355276, 25.2485275 ], [ 55.3355269, 25.2485894 ], [ 55.3353829, 25.248588 ] ] ] ] } },
{ "type": "Feature", "properties": { "osm_id": 488231364, "osm_type": "ways_poly", "opening_hours": null, "landuse": "grass", "denomination": null, "building": null, "leisure": null, "name": null, "historic": null, "amenity": null, "religion": null }, "geometry": { "type": "MultiPolygon", "coordinates": [ [ [ [ 55.3282237, 25.2495588 ], [ 55.3282324, 25.2495194 ], [ 55.3282452, 25.2494781 ], [ 55.3282861, 25.2494496 ], [ 55.3283129, 25.249426 ], [ 55.3283296, 25.2493973 ], [ 55.3283427, 25.2493609 ], [ 55.3283561, 25.2493309 ], [ 55.3283833, 25.2493027 ], [ 55.3284131, 25.2492915 ], [ 55.3284433, 25.2492915 ], [ 55.3284755, 25.2493015 ], [ 55.3284889, 25.249316 ], [ 55.3285033, 25.2493409 ], [ 55.328503, 25.2493612 ], [ 55.3284849, 25.2493934 ], [ 55.3284514, 25.2494358 ], [ 55.3284316, 25.2494655 ], [ 55.3284218, 25.2495177 ], [ 55.3284054, 25.2495495 ], [ 55.328394, 25.2495741 ], [ 55.3283856, 25.2496038 ], [ 55.3283675, 25.2496205 ], [ 55.3283296, 25.2496346 ], [ 55.3282881, 25.2496291 ], [ 55.3282378, 25.2496012 ], [ 55.3282237, 25.2495588 ] ] ] ] } },
{ "type": "Feature", "properties": { "osm_id": 500259297, "osm_type": "ways_poly", "opening_hours": null, "landuse": null, "denomination": null, "building": "yes", "leisure": null, "name": null, "historic": null, "amenity": "place_of_worship", "religion": "muslim" }, "geometry": { "type": "MultiPolygon", "coordinates": [ [ [ [ 55.3842416, 25.2063462 ], [ 55.384327, 25.206278 ], [ 55.3843671, 25.206278 ], [ 55.3843822, 25.2062099 ], [ 55.3844901, 25.2062304 ], [ 55.3845754, 25.2063598 ], [ 55.3845553, 25.2064733 ], [ 55.3844324, 25.2065255 ], [ 55.3844048, 25.2064869 ], [ 55.3843094, 25.2064801 ], [ 55.3842542, 25.2064006 ], [ 55.3842416, 25.2063462 ] ] ] ] } },
{ "type": "Feature", "properties": { "osm_id": 1361155432, "osm_type": "ways_poly", "opening_hours": null, "landuse": "residential", "denomination": null, "building": null, "leisure": null, "name": "Saleh Building", "historic": null, "amenity": null, "religion": null }, "geometry": { "type": "MultiPolygon", "coordinates": [ [ [ [ 55.3299265, 25.2235614 ], [ 55.3300581, 25.2232072 ], [ 55.3303532, 25.223213 ], [ 55.3301911, 25.2236483 ], [ 55.3299265, 25.2235614 ] ] ] ] } },
{ "type": "Feature", "properties": { "osm_id": 378111888, "osm_type": "ways_poly", "opening_hours": null, "landuse": "residential", "denomination": null, "building": null, "leisure": null, "name": "Al Badia Hillside Village", "historic": null, "amenity": null, "religion": null }, "geometry": { "type": "MultiPolygon", "coordinates": [ [ [ [ 55.3592368, 25.2215611 ], [ 55.3638448, 25.2191879 ], [ 55.3638019, 25.2194111 ], [ 55.3637053, 25.2199838 ], [ 55.3636517, 25.2201876 ], [ 55.3635337, 25.2204012 ], [ 55.3634318, 25.2205856 ], [ 55.3632279, 25.2207894 ], [ 55.3606315, 25.2220755 ], [ 55.3603097, 25.2221386 ], [ 55.3600683, 25.2221046 ], [ 55.3592368, 25.2215611 ] ] ] ] } },
{ "type": "Feature", "properties": { "osm_id": 503427395, "osm_type": "ways_poly", "opening_hours": null, "landuse": "industrial", "denomination": null, "building": null, "leisure": null, "name": "Emirates Transport", "historic": null, "amenity": null, "religion": null }, "geometry": { "type": "MultiPolygon", "coordinates": [ [ [ [ 55.3593546, 25.2375948 ], [ 55.3602324, 25.2365748 ], [ 55.3608821, 25.2358034 ], [ 55.3623308, 25.2368559 ], [ 55.3603674, 25.2391056 ], [ 55.3597241, 25.2382621 ], [ 55.3593546, 25.2375948 ] ] ] ] } },
{ "type": "Feature", "properties": { "osm_id": 1155295902, "osm_type": "ways_poly", "opening_hours": null, "landuse": "residential", "denomination": null, "building": null, "leisure": null, "name": "مجتمع رأس الخور الجديد", "historic": null, "amenity": null, "religion": null }, "geometry": { "type": "MultiPolygon", "coordinates": [ [ [ [ 55.3169386, 25.1859032 ], [ 55.3172712, 25.1856724 ], [ 55.3180018, 25.1852031 ], [ 55.3179598, 25.1850802 ], [ 55.3179351, 25.185008 ], [ 55.3179224, 25.1849322 ], [ 55.3178178, 25.1844055 ], [ 55.3176193, 25.1832015 ], [ 55.3175442, 25.1827234 ], [ 55.3174771, 25.1823726 ], [ 55.3175032, 25.182259 ], [ 55.3175701, 25.1821397 ], [ 55.3177718, 25.1819145 ], [ 55.3179317, 25.1814713 ], [ 55.3182574, 25.1815623 ], [ 55.3190159, 25.1818675 ], [ 55.3200827, 25.1823113 ], [ 55.3209256, 25.1826612 ], [ 55.3220685, 25.1831402 ], [ 55.3235588, 25.1837449 ], [ 55.3245187, 25.1841242 ], [ 55.3247796, 25.1842289 ], [ 55.3251457, 25.184369 ], [ 55.3253903, 25.1844508 ], [ 55.3256323, 25.1845219 ], [ 55.3259637, 25.1846135 ], [ 55.3265855, 25.1847504 ], [ 55.3269045, 25.1847908 ], [ 55.3273364, 25.1848322 ], [ 55.3277087, 25.1848602 ], [ 55.3282141, 25.1848815 ], [ 55.3290174, 25.1849335 ], [ 55.3293826, 25.1849498 ], [ 55.3293868, 25.1843053 ], [ 55.3293839, 25.1834753 ], [ 55.3293831, 25.1833274 ], [ 55.3293794, 25.1822405 ], [ 55.3293815, 25.1807538 ], [ 55.3293833, 25.1805843 ], [ 55.3294393, 25.1802576 ], [ 55.3295284, 25.1799684 ], [ 55.3296083, 25.1797751 ], [ 55.329733, 25.1795312 ], [ 55.3298996, 25.1792954 ], [ 55.3301569, 25.1789673 ], [ 55.3304251, 25.1786664 ], [ 55.3309196, 25.1780778 ], [ 55.3311722, 25.1777933 ], [ 55.3319349, 25.1769142 ], [ 55.3321433, 25.1766744 ], [ 55.3321995, 25.1766 ], [ 55.3323098, 25.1764426 ], [ 55.3323859, 25.1763004 ], [ 55.3324733, 25.176116 ], [ 55.3325323, 25.1759485 ], [ 55.3325797, 25.1758077 ], [ 55.3326198, 25.1756298 ], [ 55.3326487, 25.1754675 ], [ 55.3326685, 25.1746599 ], [ 55.3325272, 25.1696079 ], [ 55.3339866, 25.1695651 ], [ 55.3372079, 25.1694995 ], [ 55.3387819, 25.1694574 ], [ 55.3410347, 25.169382 ], [ 55.3419415, 25.1693541 ], [ 55.3434808, 25.1693067 ], [ 55.3441261, 25.169289 ], [ 55.3459077, 25.1692402 ], [ 55.3459097, 25.1692401 ], [ 55.3490346, 25.1691428 ], [ 55.3494319, 25.1691324 ], [ 55.3522313, 25.1690589 ], [ 55.3527094, 25.1690463 ], [ 55.3544665, 25.1689998 ], [ 55.3559984, 25.1689593 ], [ 55.3565584, 25.1689419 ], [ 55.358376, 25.1688856 ], [ 55.358742, 25.1688744 ], [ 55.3588918, 25.1688698 ], [ 55.3595211, 25.1688455 ], [ 55.3603336, 25.1688097 ], [ 55.3606112, 25.1688025 ], [ 55.3618519, 25.1687703 ], [ 55.3618633, 25.1687686 ], [ 55.3622499, 25.1687098 ], [ 55.3633396, 25.1685076 ], [ 55.3642288, 25.168349 ], [ 55.3652597, 25.1681665 ], [ 55.3658622, 25.1680539 ], [ 55.3670088, 25.1678281 ], [ 55.3707979, 25.1672001 ], [ 55.3723998, 25.166904 ], [ 55.3730976, 25.1667627 ], [ 55.3739031, 25.166606 ], [ 55.3750077, 25.166355 ], [ 55.3760274, 25.1661065 ], [ 55.3775789, 25.1657135 ], [ 55.3786144, 25.1654339 ], [ 55.3797935, 25.1650745 ], [ 55.381233, 25.1646394 ], [ 55.3834068, 25.1639691 ], [ 55.3847851, 25.1635073 ], [ 55.3863403, 25.1629439 ], [ 55.387001, 25.1626874 ], [ 55.3881701, 25.1621696 ], [ 55.3896357, 25.1614415 ], [ 55.3910956, 25.1606104 ], [ 55.3911268, 25.1606092 ], [ 55.3915518, 25.1617318 ], [ 55.3921725, 25.1634607 ], [ 55.3924389, 25.1640934 ], [ 55.3924842, 25.1642006 ], [ 55.3926148, 25.1645466 ], [ 55.3927194, 25.1648317 ], [ 55.3928282, 25.1651275 ], [ 55.3929838, 25.1655222 ], [ 55.3931383, 25.1659444 ], [ 55.3933443, 25.1665055 ], [ 55.3936331, 25.1672704 ], [ 55.3938787, 25.1679459 ], [ 55.3942068, 25.1688762 ], [ 55.3943529, 25.1692582 ], [ 55.3946077, 25.1699246 ], [ 55.3948652, 25.1705847 ], [ 55.3948991, 25.1706838 ], [ 55.3952265, 25.1716737 ], [ 55.3953981, 25.1722353 ], [ 55.3954883, 25.1725446 ], [ 55.3955391, 25.172719 ], [ 55.3956077, 25.1729628 ], [ 55.3956843, 25.1732395 ], [ 55.3957637, 25.1735361 ], [ 55.3958589, 25.1738995 ], [ 55.3959979, 25.1744622 ], [ 55.3961131, 25.1749404 ], [ 55.3961691, 25.1751738 ], [ 55.3962281, 25.1754529 ], [ 55.39646, 25.1765513 ], [ 55.3965161, 25.1769214 ], [ 55.3965449, 25.177111 ], [ 55.3965959, 25.1774472 ], [ 55.3966428, 25.177757 ], [ 55.3966961, 25.1781079 ], [ 55.3967625, 25.1785456 ], [ 55.396812, 25.178872 ], [ 55.3968625, 25.1792049 ], [ 55.3969292, 25.1798898 ], [ 55.3955829, 25.1801346 ], [ 55.3928548, 25.1806689 ], [ 55.3896656, 25.1812388 ], [ 55.3882528, 25.1814794 ], [ 55.3870738, 25.1817346 ], [ 55.3868735, 25.1817727 ], [ 55.3854191, 25.1820474 ], [ 55.3842734, 25.1822994 ], [ 55.3842421, 25.1823071 ], [ 55.3833765, 25.1824729 ], [ 55.3822594, 25.1826905 ], [ 55.3802104, 25.1830389 ], [ 55.379206, 25.183228 ], [ 55.3768486, 25.1836778 ], [ 55.3748695, 25.1840443 ], [ 55.3736384, 25.1843038 ], [ 55.3707923, 25.1849211 ], [ 55.3707932, 25.1849243 ], [ 55.3712549, 25.1865675 ], [ 55.3716641, 25.1878793 ], [ 55.3722438, 25.1901485 ], [ 55.3723472, 25.1906388 ], [ 55.3726484, 25.1916376 ], [ 55.3729696, 25.1927595 ], [ 55.3740849, 25.1963171 ], [ 55.3749395, 25.1992769 ], [ 55.3753245, 25.2005251 ], [ 55.375842, 25.2023877 ], [ 55.3761135, 25.2034837 ], [ 55.3762368, 25.2042023 ], [ 55.3763785, 25.2053056 ], [ 55.3764401, 25.206404 ], [ 55.3764373, 25.2071509 ], [ 55.3763491, 25.2085952 ], [ 55.3761991, 25.2099949 ], [ 55.376168, 25.210619 ], [ 55.3761629, 25.210952 ], [ 55.3761831, 25.211438 ], [ 55.3762276, 25.2119534 ], [ 55.37626, 25.2122637 ], [ 55.3763129, 25.2125529 ], [ 55.3764061, 25.212942 ], [ 55.3765219, 25.2135271 ], [ 55.3765566, 25.2137491 ], [ 55.3765968, 25.2140679 ], [ 55.376631, 25.2146055 ], [ 55.3766551, 25.215321 ], [ 55.3766559, 25.2158865 ], [ 55.3766638, 25.2166412 ], [ 55.3766616, 25.2170229 ], [ 55.3760438, 25.2174434 ], [ 55.3754711, 25.217808 ], [ 55.3750195, 25.2180956 ], [ 55.3743804, 25.2185026 ], [ 55.3732232, 25.218981 ], [ 55.361402, 25.2245211 ], [ 55.358683, 25.2259274 ], [ 55.3578661, 25.2263417 ], [ 55.3563845, 25.2270336 ], [ 55.3550691, 25.2277971 ], [ 55.3543774, 25.228201 ], [ 55.3530774, 25.2298819 ], [ 55.3519729, 25.2314472 ], [ 55.3513862, 25.2321978 ], [ 55.3508701, 25.232838 ], [ 55.3504916, 25.23328 ], [ 55.350022, 25.2337923 ], [ 55.3491121, 25.2346143 ], [ 55.3475797, 25.2357968 ], [ 55.3466513, 25.2363306 ], [ 55.34589, 25.2367211 ], [ 55.344806, 25.2372999 ], [ 55.3442296, 25.2377011 ], [ 55.3437839, 25.2380447 ], [ 55.3429168, 25.2387533 ], [ 55.3401475, 25.2410131 ], [ 55.3402574, 25.2407991 ], [ 55.340259, 25.2407954 ], [ 55.340305, 25.2406874 ], [ 55.340346, 25.2405823 ], [ 55.3405126, 25.240141 ], [ 55.3406286, 25.2395176 ], [ 55.3406828, 25.2389267 ], [ 55.3406748, 25.2383938 ], [ 55.340635, 25.2379863 ], [ 55.3405664, 25.2375538 ], [ 55.3403355, 25.236978 ], [ 55.3401394, 25.2365437 ], [ 55.3398698, 25.2359827 ], [ 55.3395604, 25.2355394 ], [ 55.3392916, 25.2351735 ], [ 55.3391269, 25.2349851 ], [ 55.3388602, 25.2346865 ], [ 55.3390544, 25.2345539 ], [ 55.3391802, 25.2344624 ], [ 55.3392983, 25.2343778 ], [ 55.3394006, 25.2342948 ], [ 55.3394904, 25.2342178 ], [ 55.339621, 25.2340889 ], [ 55.3397162, 25.2339748 ], [ 55.3398215, 25.2338638 ], [ 55.3399377, 25.2337408 ], [ 55.3400585, 25.2336419 ], [ 55.340192, 25.2335522 ], [ 55.3404537, 25.2333936 ], [ 55.3407528, 25.2332156 ], [ 55.3410689, 25.2330513 ], [ 55.3414623, 25.2328304 ], [ 55.3418552, 25.2326048 ], [ 55.3422515, 25.2323802 ], [ 55.3426589, 25.2321524 ], [ 55.342946, 25.2319955 ], [ 55.3430119, 25.2319271 ], [ 55.3430664, 25.2318799 ], [ 55.3430944, 25.2318763 ], [ 55.34312, 25.231878 ], [ 55.3431613, 25.2319052 ], [ 55.3431987, 25.2318896 ], [ 55.3435583, 25.2320607 ], [ 55.3439202, 25.2322418 ], [ 55.3442524, 25.2324087 ], [ 55.3445518, 25.2325592 ], [ 55.3446915, 25.2323736 ], [ 55.3448338, 25.2321811 ], [ 55.3445301, 25.2319907 ], [ 55.3442075, 25.23179 ], [ 55.3439526, 25.2316328 ], [ 55.3439941, 25.2315721 ], [ 55.3438815, 25.2314971 ], [ 55.3437722, 25.2314275 ], [ 55.3438817, 25.2312099 ], [ 55.3440116, 25.2309467 ], [ 55.3442087, 25.2311108 ], [ 55.3443846, 25.2312478 ], [ 55.3446183, 25.231102 ], [ 55.3449465, 25.2309016 ], [ 55.3452647, 25.2306819 ], [ 55.345809, 25.2302996 ], [ 55.3461941, 25.2300103 ], [ 55.3464132, 25.2298178 ], [ 55.3465351, 25.2297107 ], [ 55.3466254, 25.229602 ], [ 55.3466936, 25.2294845 ], [ 55.3467599, 25.2293419 ], [ 55.3467953, 25.2291856 ], [ 55.3468193, 25.229128 ], [ 55.3468321, 25.2291012 ], [ 55.3468577, 25.2290838 ], [ 55.3468984, 25.2290854 ], [ 55.3470046, 25.2291501 ], [ 55.3471089, 25.2292074 ], [ 55.3471756, 25.2290915 ], [ 55.3472398, 25.2289832 ], [ 55.3472767, 25.228929 ], [ 55.3472972, 25.2288877 ], [ 55.3473599, 25.2288026 ], [ 55.3475956, 25.2285229 ], [ 55.3479398, 25.228042 ], [ 55.347979, 25.2279823 ], [ 55.348038, 25.2278572 ], [ 55.3480475, 25.2276687 ], [ 55.3481131, 25.227549 ], [ 55.3481476, 25.2274301 ], [ 55.3481677, 25.2273209 ], [ 55.3481882, 25.2271717 ], [ 55.3481795, 25.2270427 ], [ 55.3481736, 25.2269569 ], [ 55.3481572, 25.2267864 ], [ 55.3481045, 25.2266403 ], [ 55.3480587, 25.2265178 ], [ 55.3480105, 25.2263452 ], [ 55.3479827, 25.2261784 ], [ 55.3479772, 25.2260675 ], [ 55.3479865, 25.2259424 ], [ 55.3480221, 25.2257952 ], [ 55.3480804, 25.22565 ], [ 55.3481722, 25.2255096 ], [ 55.3482573, 25.2253952 ], [ 55.3483335, 25.2252576 ], [ 55.3483667, 25.2251805 ], [ 55.3483989, 25.2250901 ], [ 55.3484233, 25.225005 ], [ 55.3484277, 25.2249233 ], [ 55.3484263, 25.2247667 ], [ 55.3484126, 25.2246379 ], [ 55.3483754, 25.2245242 ], [ 55.3483278, 25.2243828 ], [ 55.3483093, 25.2242997 ], [ 55.3482923, 25.2242208 ], [ 55.3482847, 25.2241588 ], [ 55.3482863, 25.2241098 ], [ 55.3482903, 25.2239903 ], [ 55.3483064, 25.223866 ], [ 55.3483345, 25.2237622 ], [ 55.3483521, 25.2236959 ], [ 55.3483808, 25.2236415 ], [ 55.3484411, 25.2235274 ], [ 55.3485025, 25.223433 ], [ 55.3486928, 25.2231988 ], [ 55.3489473, 25.222942 ], [ 55.3490914, 25.2227937 ], [ 55.3492049, 25.222677 ], [ 55.3492698, 25.222598 ], [ 55.3492974, 25.2225156 ], [ 55.3493122, 25.2224453 ], [ 55.3493133, 25.2224093 ], [ 55.3493142, 25.2223773 ], [ 55.3493042, 25.2223112 ], [ 55.3492895, 25.2222618 ], [ 55.3492722, 25.2222273 ], [ 55.3492589, 25.2221971 ], [ 55.3492285, 25.2221536 ], [ 55.3491865, 25.2220913 ], [ 55.3491152, 25.2219915 ], [ 55.3490779, 25.2219678 ], [ 55.3490244, 25.2219541 ], [ 55.3489792, 25.2219231 ], [ 55.3489529, 25.2218864 ], [ 55.3489405, 25.2218402 ], [ 55.3489464, 25.221793 ], [ 55.3489694, 25.2217507 ], [ 55.3490073, 25.2217178 ], [ 55.3490546, 25.2216965 ], [ 55.3491078, 25.2216955 ], [ 55.3491475, 25.2217044 ], [ 55.3491922, 25.2217294 ], [ 55.3492247, 25.2217667 ], [ 55.3492412, 25.2218119 ], [ 55.3492375, 25.2218673 ], [ 55.3492123, 25.2219173 ], [ 55.3492197, 25.2219322 ], [ 55.3492458, 25.2219826 ], [ 55.3492976, 25.2220536 ], [ 55.3493362, 25.2221069 ], [ 55.3493821, 25.2221545 ], [ 55.3494322, 25.2221951 ], [ 55.3495083, 25.2222499 ], [ 55.3495536, 25.2222845 ], [ 55.3496173, 25.222325 ], [ 55.3496796, 25.2223614 ], [ 55.3497652, 25.2224002 ], [ 55.3498576, 25.2224337 ], [ 55.3499373, 25.2224535 ], [ 55.3499993, 25.2224765 ], [ 55.3500869, 25.2224887 ], [ 55.3501804, 25.222498 ], [ 55.350267, 25.222499 ], [ 55.3503683, 25.2224932 ], [ 55.3504571, 25.2224809 ], [ 55.3505593, 25.222466 ], [ 55.3506379, 25.222448 ], [ 55.3507115, 25.2224245 ], [ 55.3507933, 25.2223933 ], [ 55.3508537, 25.2223625 ], [ 55.3509, 25.222339 ], [ 55.3509734, 25.2222944 ], [ 55.3510177, 25.2222669 ], [ 55.3510551, 25.2222321 ], [ 55.3510651, 25.2222005 ], [ 55.3510593, 25.222169 ], [ 55.3510112, 25.2220715 ], [ 55.350992, 25.2220325 ], [ 55.3509808, 25.2219993 ], [ 55.3509676, 25.2219604 ], [ 55.3509576, 25.2219115 ], [ 55.3509472, 25.22185 ], [ 55.3509364, 25.2217806 ], [ 55.3509334, 25.2217287 ], [ 55.3509358, 25.2216696 ], [ 55.3509406, 25.2216152 ], [ 55.3509548, 25.2215466 ], [ 55.3509672, 25.2214794 ], [ 55.3510007, 25.2214076 ], [ 55.3510294, 25.221346 ], [ 55.3510666, 25.2212807 ], [ 55.351111, 25.2212203 ], [ 55.3511638, 25.2211567 ], [ 55.3512207, 25.2211016 ], [ 55.3512802, 25.2210511 ], [ 55.3513267, 25.2210178 ], [ 55.3513414, 25.2210012 ], [ 55.3513476, 25.2209684 ], [ 55.3513423, 25.2209449 ], [ 55.3513088, 25.2208846 ], [ 55.3512734, 25.2208291 ], [ 55.3512286, 25.2207645 ], [ 55.3511555, 25.2206781 ], [ 55.3510618, 25.2205901 ], [ 55.3509526, 25.2205081 ], [ 55.3508408, 25.2204442 ], [ 55.3507296, 25.2203982 ], [ 55.3506196, 25.2203649 ], [ 55.3503957, 25.220325 ], [ 55.3502433, 25.2203251 ], [ 55.3499964, 25.2203638 ], [ 55.3498544, 25.2204014 ], [ 55.3497451, 25.220454 ], [ 55.3497268, 25.2204848 ], [ 55.3497412, 25.2205102 ], [ 55.3496915, 25.220538 ], [ 55.3496555, 25.220483 ], [ 55.34964, 25.2204905 ], [ 55.3495363, 25.2205525 ], [ 55.3493694, 25.2207004 ], [ 55.3493961, 25.2207577 ], [ 55.3494013, 25.2208195 ], [ 55.3493814, 25.2208831 ], [ 55.3493427, 25.2209273 ], [ 55.3492828, 25.2209635 ], [ 55.3492042, 25.2209796 ], [ 55.3491307, 25.2209685 ], [ 55.3490722, 25.2209334 ], [ 55.3490368, 25.2209032 ], [ 55.349012, 25.2208568 ], [ 55.3490088, 25.2208041 ], [ 55.3490195, 25.2207479 ], [ 55.3490522, 25.220684 ], [ 55.3491069, 25.2206418 ], [ 55.3491735, 25.2206149 ], [ 55.3492424, 25.2206183 ], [ 55.3492926, 25.2206374 ], [ 55.3495155, 25.2204482 ], [ 55.3495931, 25.220394 ], [ 55.3496722, 25.2203294 ], [ 55.3497546, 25.2202385 ], [ 55.3497926, 25.2201084 ], [ 55.3498007, 25.220007 ], [ 55.3498031, 25.2199163 ], [ 55.3497904, 25.2198289 ], [ 55.3497655, 25.2197216 ], [ 55.3497043, 25.2196026 ], [ 55.3495826, 25.2194707 ], [ 55.3494471, 25.2193864 ], [ 55.3492843, 25.2192975 ], [ 55.3491416, 25.2192179 ], [ 55.3490288, 25.2191374 ], [ 55.3489095, 25.2190383 ], [ 55.3487891, 25.218914 ], [ 55.3486908, 25.2187904 ], [ 55.348552, 25.2185592 ], [ 55.3484755, 25.2183949 ], [ 55.3484349, 25.2182727 ], [ 55.3484129, 25.218169 ], [ 55.3483977, 25.2180372 ], [ 55.3483891, 25.2179181 ], [ 55.3483837, 25.2178028 ], [ 55.3483893, 25.2176799 ], [ 55.3484048, 25.2175755 ], [ 55.3484372, 25.2174636 ], [ 55.3484698, 25.2173734 ], [ 55.3485309, 25.21724 ], [ 55.3485936, 25.2171412 ], [ 55.3487192, 25.2169719 ], [ 55.3488408, 25.2168425 ], [ 55.3490406, 25.2166698 ], [ 55.3492529, 25.2165333 ], [ 55.3494912, 25.2163791 ], [ 55.3497537, 25.2161804 ], [ 55.3498996, 25.2160575 ], [ 55.3500205, 25.2159259 ], [ 55.3501123, 25.2158276 ], [ 55.3501907, 25.2157263 ], [ 55.3503322, 25.2155383 ], [ 55.3504755, 25.2153057 ], [ 55.3504576, 25.215297 ], [ 55.3505772, 25.2150363 ], [ 55.3507178, 25.2147194 ], [ 55.3507547, 25.2146003 ], [ 55.3507751, 25.2144868 ], [ 55.350832, 25.2141713 ], [ 55.3508825, 25.2138693 ], [ 55.3509273, 25.2135238 ], [ 55.3509992, 25.2129918 ], [ 55.3510654, 25.2124673 ], [ 55.3511124, 25.2119685 ], [ 55.351149, 25.2114361 ], [ 55.3511552, 25.2113087 ], [ 55.3511754, 25.2112748 ], [ 55.3512013, 25.211258 ], [ 55.3512252, 25.2112485 ], [ 55.3512324, 25.2111653 ], [ 55.3512422, 25.2110284 ], [ 55.3512003, 25.2107139 ], [ 55.3511816, 25.2100473 ], [ 55.3511647, 25.2094209 ], [ 55.3511625, 25.2093951 ], [ 55.3510116, 25.2090277 ], [ 55.3510966, 25.2088221 ], [ 55.3509148, 25.2087085 ], [ 55.3507974, 25.2087783 ], [ 55.3506562, 25.2087737 ], [ 55.3505343, 25.2089253 ], [ 55.3503722, 25.2089922 ], [ 55.3501743, 25.2089519 ], [ 55.3500127, 25.2088549 ], [ 55.349835, 25.2089638 ], [ 55.3495823, 25.2091128 ], [ 55.3494744, 25.209131 ], [ 55.3493954, 25.2091406 ], [ 55.3493142, 25.2091677 ], [ 55.3492203, 25.2091746 ], [ 55.3491266, 25.2091646 ], [ 55.3490086, 25.2091248 ], [ 55.3488233, 25.209031 ], [ 55.3487134, 25.2089694 ], [ 55.3486865, 25.2089582 ], [ 55.3486547, 25.2089257 ], [ 55.3486286, 25.2089179 ], [ 55.3485417, 25.2090071 ], [ 55.3484862, 25.2090895 ], [ 55.3484404, 25.2091466 ], [ 55.3484229, 25.2092015 ], [ 55.3484116, 25.2092509 ], [ 55.3484648, 25.2093166 ], [ 55.3485541, 25.2092137 ], [ 55.3485978, 25.2092105 ], [ 55.3485581, 25.2092816 ], [ 55.3484688, 25.2094043 ], [ 55.3483718, 25.2095612 ], [ 55.3480754, 25.2099365 ], [ 55.3480202, 25.2099538 ], [ 55.3477884, 25.2099114 ], [ 55.347602, 25.2100669 ], [ 55.347325, 25.2102682 ], [ 55.3470054, 25.2104639 ], [ 55.3467375, 25.2105941 ], [ 55.3467148, 25.210612 ], [ 55.3466845, 25.2106232 ], [ 55.346653, 25.210624 ], [ 55.3466224, 25.2106156 ], [ 55.346448, 25.2104965 ], [ 55.3463721, 25.2105049 ], [ 55.3461457, 25.2106087 ], [ 55.345885, 25.2106613 ], [ 55.3458091, 25.2106713 ], [ 55.3457004, 25.2106912 ], [ 55.3455265, 25.2107133 ], [ 55.3452485, 25.2107399 ], [ 55.3449646, 25.2107496 ], [ 55.344866, 25.2107168 ], [ 55.3448082, 25.2106499 ], [ 55.3447573, 25.2105576 ], [ 55.3447421, 25.2105253 ], [ 55.3447183, 25.210489 ], [ 55.3446846, 25.2104616 ], [ 55.3446468, 25.2104475 ], [ 55.3445949, 25.2104549 ], [ 55.3445338, 25.2104666 ], [ 55.3445416, 25.2105017 ], [ 55.3445546, 25.2105346 ], [ 55.3446644, 25.2109819 ], [ 55.34445, 25.2110181 ], [ 55.3441012, 25.2104318 ], [ 55.3439877, 25.2102297 ], [ 55.3439399, 25.2101459 ], [ 55.3438988, 25.2100967 ], [ 55.3438459, 25.2100818 ], [ 55.3437819, 25.2100802 ], [ 55.3437117, 25.2100792 ], [ 55.3436697, 25.2100755 ], [ 55.3436396, 25.2100601 ], [ 55.3436092, 25.2100306 ], [ 55.343482, 25.209958 ], [ 55.3433135, 25.2098096 ], [ 55.3432002, 25.2096999 ], [ 55.3431892, 25.2096842 ], [ 55.3431018, 25.2095601 ], [ 55.3430686, 25.2094986 ], [ 55.3430367, 25.2094396 ], [ 55.3429978, 25.2092893 ], [ 55.3428176, 25.2091148 ], [ 55.3426801, 25.2090565 ], [ 55.3426452, 25.2090177 ], [ 55.342627, 25.2089395 ], [ 55.3426417, 25.2088384 ], [ 55.3426284, 25.2087749 ], [ 55.3425771, 25.2087347 ], [ 55.3425214, 25.2087101 ], [ 55.342467, 25.2086862 ], [ 55.3424337, 25.2086514 ], [ 55.3424306, 25.2086307 ], [ 55.3424234, 25.2085781 ], [ 55.3424304, 25.2084974 ], [ 55.3424206, 25.2084399 ], [ 55.3423921, 25.2084139 ], [ 55.3422877, 25.2083394 ], [ 55.3422316, 25.2082912 ], [ 55.3422119, 25.208236 ], [ 55.3422263, 25.2081382 ], [ 55.3422194, 25.2080865 ], [ 55.3422087, 25.2080523 ], [ 55.3421556, 25.207992 ], [ 55.342068, 25.2079516 ], [ 55.3420407, 25.2079124 ], [ 55.3420303, 25.2078637 ], [ 55.3420364, 25.207823 ], [ 55.3420528, 25.2077571 ], [ 55.3420492, 25.2076974 ], [ 55.3420371, 25.2076631 ], [ 55.3420149, 25.2076377 ], [ 55.3419901, 25.207618 ], [ 55.341952, 25.2076022 ], [ 55.341901, 25.207567 ], [ 55.3418633, 25.2075188 ], [ 55.3418497, 25.2074754 ], [ 55.3418542, 25.2074229 ], [ 55.341876, 25.2073723 ], [ 55.3418843, 25.2073366 ], [ 55.3418918, 25.2072974 ], [ 55.3418745, 25.20726 ], [ 55.3418341, 25.2072241 ], [ 55.3417932, 25.2071946 ], [ 55.3417374, 25.2071546 ], [ 55.3417241, 25.2071402 ], [ 55.3417116, 25.2071127 ], [ 55.3417111, 25.2070778 ], [ 55.3417291, 25.2070055 ], [ 55.3417563, 25.2069439 ], [ 55.3417203, 25.2068405 ], [ 55.341702, 25.2067514 ], [ 55.3416498, 25.2067011 ], [ 55.3416257, 25.2066742 ], [ 55.3415337, 25.2065482 ], [ 55.3413474, 25.2063672 ], [ 55.3411288, 25.2061837 ], [ 55.3409701, 25.2059929 ], [ 55.3409369, 25.2059281 ], [ 55.3408936, 25.2058684 ], [ 55.340847, 25.2058261 ], [ 55.3407952, 25.2057708 ], [ 55.3407697, 25.2057299 ], [ 55.3407553, 25.2056903 ], [ 55.3407521, 25.205631 ], [ 55.3407655, 25.2055801 ], [ 55.3407917, 25.205534 ], [ 55.3408254, 25.2055068 ], [ 55.3408599, 25.2054952 ], [ 55.3409244, 25.2055171 ], [ 55.340962, 25.2055451 ], [ 55.3410094, 25.2056038 ], [ 55.341025, 25.2056601 ], [ 55.3410214, 25.2057334 ], [ 55.3410065, 25.2057875 ], [ 55.3410001, 25.205839 ], [ 55.3410078, 25.2058828 ], [ 55.341027, 25.2059295 ], [ 55.3410607, 25.2059774 ], [ 55.3411487, 25.2060906 ], [ 55.3412895, 25.2062186 ], [ 55.3414224, 25.206316 ], [ 55.3415923, 25.2063985 ], [ 55.3416814, 25.2064283 ], [ 55.3417568, 25.2064434 ], [ 55.3417979, 25.2064474 ], [ 55.3418424, 25.2064493 ], [ 55.3418695, 25.2064383 ], [ 55.3418995, 25.2064187 ], [ 55.3419265, 25.2063994 ], [ 55.3419643, 25.2063798 ], [ 55.3419906, 25.2063687 ], [ 55.342046, 25.206352 ], [ 55.3421029, 25.206354 ], [ 55.3421729, 25.2063739 ], [ 55.3422402, 25.2064084 ], [ 55.342283, 25.2064423 ], [ 55.3423663, 25.2064139 ], [ 55.3424244, 25.2063925 ], [ 55.3424391, 25.2063768 ], [ 55.3424651, 25.2063619 ], [ 55.3425081, 25.2063536 ], [ 55.342544, 25.2063565 ], [ 55.3426511, 25.2063052 ], [ 55.3426732, 25.2062796 ], [ 55.3426849, 25.2062544 ], [ 55.3427193, 25.2062333 ], [ 55.342761, 25.2062324 ], [ 55.3428593, 25.2061581 ], [ 55.3428664, 25.2061256 ], [ 55.3428826, 25.2060962 ], [ 55.3429076, 25.2060783 ], [ 55.3429407, 25.20607 ], [ 55.3430557, 25.2059681 ], [ 55.3430428, 25.2059353 ], [ 55.3430429, 25.2058975 ], [ 55.3430593, 25.2058698 ], [ 55.3430895, 25.2058438 ], [ 55.3431405, 25.2058418 ], [ 55.3431573, 25.2058164 ], [ 55.3431245, 25.205769 ], [ 55.3431112, 25.205752 ], [ 55.3430852, 25.2057174 ], [ 55.343067, 25.2056963 ], [ 55.3430437, 25.2056582 ], [ 55.3430233, 25.2056236 ], [ 55.3430067, 25.2055745 ], [ 55.3429896, 25.2054974 ], [ 55.3429769, 25.2054422 ], [ 55.342985, 25.205345 ], [ 55.3430276, 25.2052403 ], [ 55.3430606, 25.2051685 ], [ 55.3430879, 25.2051013 ], [ 55.3430874, 25.2050304 ], [ 55.3430932, 25.2050213 ], [ 55.3431108, 25.2049934 ], [ 55.3431178, 25.2049823 ], [ 55.3431199, 25.2049929 ], [ 55.3431284, 25.2050046 ], [ 55.3431424, 25.2049912 ], [ 55.3431445, 25.204977 ], [ 55.3431327, 25.2049636 ], [ 55.3431068, 25.2049585 ], [ 55.3430806, 25.2049539 ], [ 55.343063, 25.2049421 ], [ 55.3430535, 25.2049309 ], [ 55.343049, 25.204918 ], [ 55.3430475, 25.2048808 ], [ 55.3430522, 25.2048477 ], [ 55.3429842, 25.2047525 ], [ 55.3429578, 25.2047509 ], [ 55.3429398, 25.2047487 ], [ 55.3429199, 25.2047439 ], [ 55.3429048, 25.2047367 ], [ 55.3428887, 25.2047172 ], [ 55.3428845, 25.2046953 ], [ 55.3428832, 25.2046549 ], [ 55.3427885, 25.2045838 ], [ 55.3427549, 25.204584 ], [ 55.3427197, 25.2045854 ], [ 55.3427072, 25.2045841 ], [ 55.342695, 25.2045803 ], [ 55.3426847, 25.2045715 ], [ 55.3426702, 25.2045499 ], [ 55.3426642, 25.2045141 ], [ 55.3425639, 25.2044593 ], [ 55.3425233, 25.2044692 ], [ 55.3424906, 25.2044715 ], [ 55.3424588, 25.2044656 ], [ 55.3424391, 25.2044506 ], [ 55.3424246, 25.2044321 ], [ 55.3424079, 25.2043968 ], [ 55.3423961, 25.2043664 ], [ 55.3423839, 25.2043336 ], [ 55.3423038, 25.2043637 ], [ 55.3422117, 25.2044167 ], [ 55.3422179, 25.2044594 ], [ 55.342163, 25.2044829 ], [ 55.3421737, 25.2045007 ], [ 55.342087, 25.2045229 ], [ 55.3420296, 25.204519 ], [ 55.3419737, 25.204507 ], [ 55.3419056, 25.2044767 ], [ 55.3418201, 25.2044288 ], [ 55.3417105, 25.2044561 ], [ 55.3416197, 25.2044909 ], [ 55.3414973, 25.2045378 ], [ 55.3414428, 25.2045674 ], [ 55.3413024, 25.2046678 ], [ 55.3412657, 25.2047058 ], [ 55.3412511, 25.2047524 ], [ 55.341244, 25.2047704 ], [ 55.3412343, 25.2047887 ], [ 55.3412257, 25.2047994 ], [ 55.3412082, 25.2048187 ], [ 55.3411784, 25.204847 ], [ 55.3411264, 25.2048698 ], [ 55.3410849, 25.2048786 ], [ 55.3410331, 25.2048769 ], [ 55.3410451, 25.2048438 ], [ 55.3410899, 25.2047714 ], [ 55.3411573, 25.20468 ], [ 55.3412485, 25.2045849 ], [ 55.3412899, 25.2045352 ], [ 55.341315, 25.2045027 ], [ 55.3413319, 25.2044726 ], [ 55.3413365, 25.2044391 ], [ 55.3413328, 25.2044101 ], [ 55.3413231, 25.2043914 ], [ 55.341302, 25.2043654 ], [ 55.3412777, 25.2043478 ], [ 55.341214, 25.2043132 ], [ 55.3411534, 25.2042858 ], [ 55.3411298, 25.2042802 ], [ 55.3410971, 25.2042764 ], [ 55.3410695, 25.204277 ], [ 55.341032, 25.2042782 ], [ 55.340986, 25.2042737 ], [ 55.3409519, 25.2042643 ], [ 55.3409307, 25.2042541 ], [ 55.3409163, 25.2042408 ], [ 55.340904, 25.2042147 ], [ 55.3408974, 25.2041907 ], [ 55.3408862, 25.2041418 ], [ 55.3408253, 25.2040765 ], [ 55.3407857, 25.2040377 ], [ 55.3407551, 25.2039978 ], [ 55.3406828, 25.2039659 ], [ 55.3406572, 25.2039478 ], [ 55.3406427, 25.203918 ], [ 55.3406365, 25.2038696 ], [ 55.3406446, 25.2038161 ], [ 55.3406012, 25.2037318 ], [ 55.3405693, 25.2036437 ], [ 55.3405479, 25.2036303 ], [ 55.3405279, 25.2036154 ], [ 55.3405132, 25.2036019 ], [ 55.3404968, 25.2035798 ], [ 55.3404875, 25.2035593 ], [ 55.3404859, 25.2035344 ], [ 55.3404906, 25.2035077 ], [ 55.3404997, 25.2034788 ], [ 55.3405183, 25.2034372 ], [ 55.3405087, 25.2033417 ], [ 55.3405073, 25.2032442 ], [ 55.3404937, 25.2032177 ], [ 55.3404696, 25.2031675 ], [ 55.3404649, 25.2031441 ], [ 55.3404692, 25.203122 ], [ 55.3404798, 25.2030971 ], [ 55.3405033, 25.2030677 ], [ 55.3405342, 25.2030395 ], [ 55.3405517, 25.2029573 ], [ 55.3405818, 25.2028566 ], [ 55.3405747, 25.2028118 ], [ 55.3405697, 25.202783 ], [ 55.3405747, 25.2027502 ], [ 55.3405868, 25.2027283 ], [ 55.3406044, 25.2027117 ], [ 55.3406239, 25.2026965 ], [ 55.3406604, 25.2026769 ], [ 55.3406907, 25.2026625 ], [ 55.3407798, 25.2024839 ], [ 55.3408546, 25.202356 ], [ 55.3412507, 25.2023936 ], [ 55.3416688, 25.2024309 ], [ 55.3417183, 25.2021823 ], [ 55.341567, 25.2021263 ], [ 55.3415459, 25.2021183 ], [ 55.3415132, 25.2021059 ], [ 55.3414696, 25.2020886 ], [ 55.3411279, 25.2019586 ], [ 55.3412085, 25.2017887 ], [ 55.3413377, 25.2014942 ], [ 55.3416533, 25.201616 ], [ 55.3416283, 25.2016731 ], [ 55.3420643, 25.201844 ], [ 55.3421917, 25.2016602 ], [ 55.3418049, 25.2013855 ], [ 55.3420321, 25.2011176 ], [ 55.3424685, 25.2014396 ], [ 55.342606, 25.2013103 ], [ 55.3427506, 25.2011952 ], [ 55.3425273, 25.2008913 ], [ 55.34284, 25.2007003 ], [ 55.3430708, 25.2010149 ], [ 55.3432698, 25.200926 ], [ 55.3431317, 25.2005693 ], [ 55.3434937, 25.2004502 ], [ 55.3436231, 25.2008017 ], [ 55.3437977, 25.2007651 ], [ 55.3439566, 25.2007478 ], [ 55.3439469, 25.2003804 ], [ 55.344323, 25.2003639 ], [ 55.3443297, 25.2006821 ], [ 55.3444243, 25.2006941 ], [ 55.3444983, 25.2006983 ], [ 55.3446037, 25.2003184 ], [ 55.3450956, 25.2004297 ], [ 55.345086, 25.2004799 ], [ 55.3451313, 25.2004556 ], [ 55.3452657, 25.2003836 ], [ 55.3452705, 25.200215 ], [ 55.3451438, 25.2000004 ], [ 55.3451906, 25.1998261 ], [ 55.3452679, 25.199743 ], [ 55.3453058, 25.1996843 ], [ 55.3453662, 25.1996533 ], [ 55.3454637, 25.1995917 ], [ 55.3455309, 25.1995249 ], [ 55.3455504, 25.1994915 ], [ 55.3455503, 25.1994577 ], [ 55.3455015, 25.1994142 ], [ 55.3454677, 25.1994 ], [ 55.3454355, 25.1993997 ], [ 55.3453945, 25.1994313 ], [ 55.3453414, 25.1994539 ], [ 55.3452794, 25.1994344 ], [ 55.34534, 25.1992732 ], [ 55.3451438, 25.1993373 ], [ 55.3450952, 25.1993494 ], [ 55.3450037, 25.1993384 ], [ 55.3447604, 25.1992071 ], [ 55.3445224, 25.1990475 ], [ 55.3439896, 25.1987351 ], [ 55.3438236, 25.1986492 ], [ 55.3430215, 25.1981482 ], [ 55.3427021, 25.1979304 ], [ 55.3423419, 25.1976839 ], [ 55.3418913, 25.1973762 ], [ 55.3412835, 25.1969699 ], [ 55.3407409, 25.1966762 ], [ 55.3402399, 25.1963748 ], [ 55.3400336, 25.1962277 ], [ 55.339661, 25.1960003 ], [ 55.339332, 25.195784 ], [ 55.3388835, 25.1954778 ], [ 55.3383886, 25.1952048 ], [ 55.3381269, 25.1950474 ], [ 55.3378307, 25.1948486 ], [ 55.3376423, 25.1947331 ], [ 55.3374065, 25.1946282 ], [ 55.3372604, 25.1948308 ], [ 55.3372362, 25.1948187 ], [ 55.3373543, 25.1946415 ], [ 55.3372148, 25.1945323 ], [ 55.3371692, 25.1944692 ], [ 55.3370485, 25.194394 ], [ 55.336968, 25.1943673 ], [ 55.3369603, 25.1943417 ], [ 55.3369466, 25.1943139 ], [ 55.3368178, 25.1942265 ], [ 55.3366864, 25.1942265 ], [ 55.3365013, 25.1940955 ], [ 55.3363833, 25.1940251 ], [ 55.3362948, 25.1939353 ], [ 55.336217, 25.1938697 ], [ 55.3361392, 25.1938673 ], [ 55.336099, 25.1938139 ], [ 55.3359166, 25.1936804 ], [ 55.3356135, 25.1935105 ], [ 55.3352514, 25.1932751 ], [ 55.3348322, 25.193032 ], [ 55.3343314, 25.1926829 ], [ 55.3341259, 25.192548 ], [ 55.3336875, 25.1922602 ], [ 55.3333297, 25.1920399 ], [ 55.3330048, 25.1918561 ], [ 55.3327058, 25.1916559 ], [ 55.3324403, 25.1914957 ], [ 55.332242, 25.1913674 ], [ 55.3320193, 25.1912266 ], [ 55.3318209, 25.1911053 ], [ 55.3316626, 25.1910349 ], [ 55.3316372, 25.1910195 ], [ 55.3315774, 25.1909834 ], [ 55.3315096, 25.1909423 ], [ 55.3314163, 25.1908911 ], [ 55.3313084, 25.1908185 ], [ 55.3309168, 25.1906462 ], [ 55.3308874, 25.1905786 ], [ 55.3307844, 25.1905448 ], [ 55.3305951, 25.1904403 ], [ 55.3305361, 25.1904111 ], [ 55.3304771, 25.1904111 ], [ 55.3304394, 25.1904375 ], [ 55.3304073, 25.1904985 ], [ 55.3303537, 25.1905737 ], [ 55.3302704, 25.1906098 ], [ 55.330174, 25.1906417 ], [ 55.3300451, 25.1906341 ], [ 55.3299646, 25.1905904 ], [ 55.3299137, 25.1904011 ], [ 55.3298144, 25.1903137 ], [ 55.3297668, 25.1901702 ], [ 55.3297715, 25.1901365 ], [ 55.3298037, 25.1901268 ], [ 55.3298627, 25.1901389 ], [ 55.3299029, 25.1900741 ], [ 55.3298922, 25.1900274 ], [ 55.3298441, 25.1899645 ], [ 55.3295378, 25.189794 ], [ 55.3291842, 25.1896563 ], [ 55.3290768, 25.1896002 ], [ 55.3287415, 25.1894827 ], [ 55.3285813, 25.1893881 ], [ 55.3284493, 25.1893553 ], [ 55.3283152, 25.1893019 ], [ 55.3281435, 25.1892437 ], [ 55.3280684, 25.189234 ], [ 55.3279878, 25.1892337 ], [ 55.3279288, 25.1891658 ], [ 55.3278539, 25.1891345 ], [ 55.3277384, 25.1891002 ], [ 55.3276554, 25.1890908 ], [ 55.3275669, 25.1891029 ], [ 55.327497, 25.1891488 ], [ 55.3274771, 25.1891826 ], [ 55.3274112, 25.1892944 ], [ 55.3273736, 25.1894328 ], [ 55.327387, 25.1895007 ], [ 55.3274004, 25.1895687 ], [ 55.3274033, 25.1896369 ], [ 55.3273764, 25.1896951 ], [ 55.3273441, 25.189724 ], [ 55.3273201, 25.1897776 ], [ 55.3272665, 25.1898189 ], [ 55.3271806, 25.189831 ], [ 55.3271055, 25.1898213 ], [ 55.3270222, 25.1897726 ], [ 55.3269847, 25.1897046 ], [ 55.3269766, 25.1896196 ], [ 55.3270249, 25.1895226 ], [ 55.3271153, 25.1894341 ], [ 55.3272343, 25.1893917 ], [ 55.327438, 25.1891124 ], [ 55.3274541, 25.1890565 ], [ 55.3274353, 25.1890153 ], [ 55.3271994, 25.188865 ], [ 55.3267004, 25.1886609 ], [ 55.3265208, 25.1886515 ], [ 55.3264532, 25.1886114 ], [ 55.326202, 25.1885272 ], [ 55.3259928, 25.188457 ], [ 55.3258181, 25.1883966 ], [ 55.3255104, 25.1883054 ], [ 55.3253675, 25.1882631 ], [ 55.3252548, 25.1882218 ], [ 55.3251743, 25.1882243 ], [ 55.3251207, 25.1882413 ], [ 55.3250857, 25.1883041 ], [ 55.3250481, 25.1888527 ], [ 55.3250347, 25.1889959 ], [ 55.3250161, 25.1891102 ], [ 55.3249759, 25.1891466 ], [ 55.3249301, 25.1891366 ], [ 55.3249113, 25.1890954 ], [ 55.3249651, 25.1886797 ], [ 55.3250022, 25.1883769 ], [ 55.3250217, 25.1882178 ], [ 55.3249651, 25.188132 ], [ 55.3248041, 25.1880687 ], [ 55.3245172, 25.1879597 ], [ 55.3240227, 25.1877633 ], [ 55.3237728, 25.1876754 ], [ 55.3234835, 25.1875777 ], [ 55.3232913, 25.1875177 ], [ 55.3229721, 25.1873818 ], [ 55.3227818, 25.1873165 ], [ 55.3224889, 25.1871871 ], [ 55.3221406, 25.1870347 ], [ 55.3219252, 25.186941 ], [ 55.3216184, 25.1868425 ], [ 55.3214432, 25.1867799 ], [ 55.3212384, 25.1867018 ], [ 55.3211387, 25.1867018 ], [ 55.3210632, 25.1867376 ], [ 55.3209468, 25.1868336 ], [ 55.3209005, 25.1868907 ], [ 55.3208558, 25.1870007 ], [ 55.3208404, 25.1870675 ], [ 55.3208432, 25.1871332 ], [ 55.3207948, 25.1871548 ], [ 55.320752, 25.1871551 ], [ 55.3207091, 25.1871332 ], [ 55.3206608, 25.1870871 ], [ 55.3203535, 25.1869079 ], [ 55.3199407, 25.1866672 ], [ 55.3191579, 25.186297 ], [ 55.3190173, 25.1862594 ], [ 55.3189555, 25.1862396 ], [ 55.3189061, 25.1862122 ], [ 55.3187861, 25.1861385 ], [ 55.3185514, 25.1859892 ], [ 55.3183408, 25.185772 ], [ 55.3181332, 25.1854953 ], [ 55.318029, 25.1852671 ], [ 55.3173277, 25.1857159 ], [ 55.3169789, 25.1859477 ], [ 55.3169386, 25.1859032 ] ] ] ] } },
{ "type": "Feature", "properties": { "osm_id": 1490454302, "osm_type": "ways_poly", "opening_hours": null, "landuse": null, "denomination": null, "building": null, "leisure": "park", "name": null, "historic": null, "amenity": null, "religion": null }, "geometry": { "type": "MultiPolygon", "coordinates": [ [ [ [ 55.3439496, 25.203524 ], [ 55.3444644, 25.2030711 ], [ 55.3446395, 25.2030208 ], [ 55.3446724, 25.2032355 ], [ 55.3449407, 25.2032244 ], [ 55.3450669, 25.2032039 ], [ 55.3452071, 25.203129 ], [ 55.3453944, 25.2029782 ], [ 55.345513, 25.2030651 ], [ 55.3450556, 25.2034705 ], [ 55.3452256, 25.2037515 ], [ 55.3454115, 25.2040832 ], [ 55.3454955, 25.204246 ], [ 55.3457045, 25.2047218 ], [ 55.3456136, 25.2047513 ], [ 55.3455944, 25.2046724 ], [ 55.3454094, 25.2047043 ], [ 55.3452828, 25.2042667 ], [ 55.3451842, 25.2040748 ], [ 55.3450063, 25.2037983 ], [ 55.3447871, 25.2035154 ], [ 55.3444714, 25.2032161 ], [ 55.3439972, 25.2035958 ], [ 55.3439496, 25.203524 ] ] ] ] } },
{ "type": "Feature", "properties": { "osm_id": 1490454305, "osm_type": "ways_poly", "opening_hours": null, "landuse": "residential", "denomination": null, "building": null, "leisure": null, "name": "Creek Crescent", "historic": null, "amenity": null, "religion": null }, "geometry": { "type": "MultiPolygon", "coordinates": [ [ [ [ 55.3460539, 25.2095572 ], [ 55.3468244, 25.2094588 ], [ 55.3470365, 25.2097427 ], [ 55.3470754, 25.2099913 ], [ 55.3461378, 25.210108 ], [ 55.3460539, 25.2095572 ] ] ] ] } },
{ "type": "Feature", "properties": { "osm_id": 1012353010, "osm_type": "ways_poly", "opening_hours": null, "landuse": "residential", "denomination": null, "building": null, "leisure": null, "name": "ميناء خور دبي", "historic": null, "amenity": null, "religion": null }, "geometry": { "type": "MultiPolygon", "coordinates": [ [ [ [ 55.3404649, 25.2031441 ], [ 55.3404692, 25.203122 ], [ 55.3404798, 25.2030971 ], [ 55.3405033, 25.2030677 ], [ 55.3405342, 25.2030395 ], [ 55.3405517, 25.2029573 ], [ 55.3405818, 25.2028566 ], [ 55.3405747, 25.2028118 ], [ 55.3405697, 25.202783 ], [ 55.3405747, 25.2027502 ], [ 55.3405868, 25.2027283 ], [ 55.3406044, 25.2027117 ], [ 55.3406239, 25.2026965 ], [ 55.3406604, 25.2026769 ], [ 55.3406907, 25.2026625 ], [ 55.3407798, 25.2024839 ], [ 55.3408546, 25.202356 ], [ 55.3412507, 25.2023936 ], [ 55.3416688, 25.2024309 ], [ 55.3417183, 25.2021823 ], [ 55.341567, 25.2021263 ], [ 55.3415459, 25.2021183 ], [ 55.3415132, 25.2021059 ], [ 55.3414696, 25.2020886 ], [ 55.3411279, 25.2019586 ], [ 55.3412085, 25.2017887 ], [ 55.3413377, 25.2014942 ], [ 55.3416533, 25.201616 ], [ 55.3416283, 25.2016731 ], [ 55.3420643, 25.201844 ], [ 55.3421917, 25.2016602 ], [ 55.3418049, 25.2013855 ], [ 55.3420321, 25.2011176 ], [ 55.3424685, 25.2014396 ], [ 55.342606, 25.2013103 ], [ 55.3427506, 25.2011952 ], [ 55.3425273, 25.2008913 ], [ 55.34284, 25.2007003 ], [ 55.3430708, 25.2010149 ], [ 55.3432698, 25.200926 ], [ 55.3431317, 25.2005693 ], [ 55.3434937, 25.2004502 ], [ 55.3436231, 25.2008017 ], [ 55.3437977, 25.2007651 ], [ 55.3439566, 25.2007478 ], [ 55.3439469, 25.2003804 ], [ 55.344323, 25.2003639 ], [ 55.3443297, 25.2006821 ], [ 55.3444243, 25.2006941 ], [ 55.3444983, 25.2006983 ], [ 55.3446037, 25.2003184 ], [ 55.3450956, 25.2004297 ], [ 55.345086, 25.2004799 ], [ 55.3451313, 25.2004556 ], [ 55.3452657, 25.2003836 ], [ 55.3452705, 25.200215 ], [ 55.3451438, 25.2000004 ], [ 55.3451906, 25.1998261 ], [ 55.3452679, 25.199743 ], [ 55.3453058, 25.1996843 ], [ 55.3453662, 25.1996533 ], [ 55.3454637, 25.1995917 ], [ 55.3455309, 25.1995249 ], [ 55.3455504, 25.1994915 ], [ 55.3455503, 25.1994577 ], [ 55.3455015, 25.1994142 ], [ 55.3454677, 25.1994 ], [ 55.3454355, 25.1993997 ], [ 55.3453945, 25.1994313 ], [ 55.3453414, 25.1994539 ], [ 55.3452794, 25.1994344 ], [ 55.34534, 25.1992732 ], [ 55.3453926, 25.1992052 ], [ 55.3456395, 25.1988865 ], [ 55.3458117, 25.1988747 ], [ 55.3459104, 25.1988334 ], [ 55.3460002, 25.1987999 ], [ 55.3461019, 25.1987476 ], [ 55.3462033, 25.1987023 ], [ 55.3463024, 25.1986996 ], [ 55.346394, 25.1986545 ], [ 55.3464445, 25.1985709 ], [ 55.3464064, 25.1984856 ], [ 55.3463677, 25.1983551 ], [ 55.3463925, 25.1982598 ], [ 55.3463601, 25.1981589 ], [ 55.3462616, 25.1980468 ], [ 55.3461279, 25.1979092 ], [ 55.3460334, 25.1977455 ], [ 55.3459608, 25.1975714 ], [ 55.3459291, 25.1973781 ], [ 55.3461536, 25.1856311 ], [ 55.3491681, 25.1858284 ], [ 55.3509089, 25.1858903 ], [ 55.3539471, 25.185594 ], [ 55.3575012, 25.1856817 ], [ 55.3634977, 25.1858216 ], [ 55.36496, 25.1857888 ], [ 55.366651, 25.1856139 ], [ 55.3707923, 25.1849211 ], [ 55.3707932, 25.1849243 ], [ 55.3712549, 25.1865675 ], [ 55.3716641, 25.1878793 ], [ 55.3722438, 25.1901485 ], [ 55.3723472, 25.1906388 ], [ 55.3726484, 25.1916376 ], [ 55.3729696, 25.1927595 ], [ 55.3740849, 25.1963171 ], [ 55.3749395, 25.1992769 ], [ 55.3753245, 25.2005251 ], [ 55.375842, 25.2023877 ], [ 55.3751443, 25.2027739 ], [ 55.3745254, 25.2031625 ], [ 55.3741033, 25.2034106 ], [ 55.374021, 25.2034877 ], [ 55.3739487, 25.2035693 ], [ 55.3738749, 25.2036506 ], [ 55.3737809, 25.2037681 ], [ 55.3736186, 25.2039895 ], [ 55.3734831, 25.2041469 ], [ 55.3733434, 25.2042422 ], [ 55.3731795, 25.2043184 ], [ 55.3725144, 25.2044518 ], [ 55.3716985, 25.2046124 ], [ 55.3710901, 25.2047302 ], [ 55.3708305, 25.2047755 ], [ 55.3703449, 25.2048029 ], [ 55.3699211, 25.2048126 ], [ 55.3696609, 25.2048185 ], [ 55.3696151, 25.2046389 ], [ 55.3690521, 25.2047803 ], [ 55.3683623, 25.2049301 ], [ 55.3679969, 25.2050113 ], [ 55.3677762, 25.2050663 ], [ 55.36694, 25.2052749 ], [ 55.3660889, 25.2054852 ], [ 55.3651551, 25.2057264 ], [ 55.3648227, 25.2058123 ], [ 55.3635684, 25.2061679 ], [ 55.3617658, 25.2065639 ], [ 55.360795, 25.2067852 ], [ 55.36093, 25.2073155 ], [ 55.3597962, 25.207586 ], [ 55.3591602, 25.2077446 ], [ 55.3585085, 25.2078991 ], [ 55.3582824, 25.2079496 ], [ 55.3576911, 25.2081029 ], [ 55.3572678, 25.2082106 ], [ 55.3562364, 25.2075048 ], [ 55.3558462, 25.207614 ], [ 55.3555954, 25.2077093 ], [ 55.3554167, 25.2078 ], [ 55.3550523, 25.2079855 ], [ 55.3548368, 25.2080959 ], [ 55.3545086, 25.2082192 ], [ 55.3542794, 25.2082864 ], [ 55.3541485, 25.2084563 ], [ 55.3540259, 25.2084963 ], [ 55.3537336, 25.2085915 ], [ 55.3533146, 25.2087282 ], [ 55.3523345, 25.2090252 ], [ 55.3512689, 25.2093645 ], [ 55.3511625, 25.2093951 ], [ 55.3510116, 25.2090277 ], [ 55.3510966, 25.2088221 ], [ 55.3509148, 25.2087085 ], [ 55.3507974, 25.2087783 ], [ 55.3506562, 25.2087737 ], [ 55.3505343, 25.2089253 ], [ 55.3503722, 25.2089922 ], [ 55.3501743, 25.2089519 ], [ 55.3500127, 25.2088549 ], [ 55.349835, 25.2089638 ], [ 55.3495823, 25.2091128 ], [ 55.3494744, 25.209131 ], [ 55.3493954, 25.2091406 ], [ 55.3493142, 25.2091677 ], [ 55.3492203, 25.2091746 ], [ 55.3491266, 25.2091646 ], [ 55.3490086, 25.2091248 ], [ 55.3488233, 25.209031 ], [ 55.3487134, 25.2089694 ], [ 55.3486865, 25.2089582 ], [ 55.3486547, 25.2089257 ], [ 55.3486286, 25.2089179 ], [ 55.3485417, 25.2090071 ], [ 55.3484862, 25.2090895 ], [ 55.3484404, 25.2091466 ], [ 55.3484229, 25.2092015 ], [ 55.3484116, 25.2092509 ], [ 55.3484648, 25.2093166 ], [ 55.3485541, 25.2092137 ], [ 55.3485978, 25.2092105 ], [ 55.3485581, 25.2092816 ], [ 55.3484688, 25.2094043 ], [ 55.3483718, 25.2095612 ], [ 55.3480754, 25.2099365 ], [ 55.3480202, 25.2099538 ], [ 55.3477884, 25.2099114 ], [ 55.347602, 25.2100669 ], [ 55.347325, 25.2102682 ], [ 55.3470054, 25.2104639 ], [ 55.3467375, 25.2105941 ], [ 55.3467148, 25.210612 ], [ 55.3466845, 25.2106232 ], [ 55.346653, 25.210624 ], [ 55.3466224, 25.2106156 ], [ 55.346448, 25.2104965 ], [ 55.3463721, 25.2105049 ], [ 55.3461457, 25.2106087 ], [ 55.345885, 25.2106613 ], [ 55.3458091, 25.2106713 ], [ 55.3457004, 25.2106912 ], [ 55.3455265, 25.2107133 ], [ 55.3452485, 25.2107399 ], [ 55.3449646, 25.2107496 ], [ 55.344866, 25.2107168 ], [ 55.3448082, 25.2106499 ], [ 55.3447573, 25.2105576 ], [ 55.3447421, 25.2105253 ], [ 55.3447183, 25.210489 ], [ 55.3446846, 25.2104616 ], [ 55.3446468, 25.2104475 ], [ 55.3445949, 25.2104549 ], [ 55.3445338, 25.2104666 ], [ 55.3445416, 25.2105017 ], [ 55.3445546, 25.2105346 ], [ 55.3446644, 25.2109819 ], [ 55.34445, 25.2110181 ], [ 55.3441012, 25.2104318 ], [ 55.3439877, 25.2102297 ], [ 55.3439399, 25.2101459 ], [ 55.3438988, 25.2100967 ], [ 55.3438459, 25.2100818 ], [ 55.3437819, 25.2100802 ], [ 55.3437117, 25.2100792 ], [ 55.3436697, 25.2100755 ], [ 55.3436396, 25.2100601 ], [ 55.3436092, 25.2100306 ], [ 55.343482, 25.209958 ], [ 55.3433135, 25.2098096 ], [ 55.3432002, 25.2096999 ], [ 55.3431892, 25.2096842 ], [ 55.3431018, 25.2095601 ], [ 55.3430686, 25.2094986 ], [ 55.3430367, 25.2094396 ], [ 55.3429978, 25.2092893 ], [ 55.3428176, 25.2091148 ], [ 55.3426801, 25.2090565 ], [ 55.3426452, 25.2090177 ], [ 55.342627, 25.2089395 ], [ 55.3426417, 25.2088384 ], [ 55.3426284, 25.2087749 ], [ 55.3425771, 25.2087347 ], [ 55.3425214, 25.2087101 ], [ 55.342467, 25.2086862 ], [ 55.3424337, 25.2086514 ], [ 55.3424306, 25.2086307 ], [ 55.3424234, 25.2085781 ], [ 55.3424304, 25.2084974 ], [ 55.3424206, 25.2084399 ], [ 55.3423921, 25.2084139 ], [ 55.3422877, 25.2083394 ], [ 55.3422316, 25.2082912 ], [ 55.3422119, 25.208236 ], [ 55.3422263, 25.2081382 ], [ 55.3422194, 25.2080865 ], [ 55.3422087, 25.2080523 ], [ 55.3421556, 25.207992 ], [ 55.342068, 25.2079516 ], [ 55.3420407, 25.2079124 ], [ 55.3420303, 25.2078637 ], [ 55.3420364, 25.207823 ], [ 55.3420528, 25.2077571 ], [ 55.3420492, 25.2076974 ], [ 55.3420371, 25.2076631 ], [ 55.3420149, 25.2076377 ], [ 55.3419901, 25.207618 ], [ 55.341952, 25.2076022 ], [ 55.341901, 25.207567 ], [ 55.3418633, 25.2075188 ], [ 55.3418497, 25.2074754 ], [ 55.3418542, 25.2074229 ], [ 55.341876, 25.2073723 ], [ 55.3418843, 25.2073366 ], [ 55.3418918, 25.2072974 ], [ 55.3418745, 25.20726 ], [ 55.3418341, 25.2072241 ], [ 55.3417932, 25.2071946 ], [ 55.3417374, 25.2071546 ], [ 55.3417241, 25.2071402 ], [ 55.3417116, 25.2071127 ], [ 55.3417111, 25.2070778 ], [ 55.3417291, 25.2070055 ], [ 55.3417563, 25.2069439 ], [ 55.3417203, 25.2068405 ], [ 55.341702, 25.2067514 ], [ 55.3416498, 25.2067011 ], [ 55.3416257, 25.2066742 ], [ 55.3415337, 25.2065482 ], [ 55.3413474, 25.2063672 ], [ 55.3411288, 25.2061837 ], [ 55.3409701, 25.2059929 ], [ 55.3409369, 25.2059281 ], [ 55.3408936, 25.2058684 ], [ 55.340847, 25.2058261 ], [ 55.3407952, 25.2057708 ], [ 55.3407697, 25.2057299 ], [ 55.3407553, 25.2056903 ], [ 55.3407521, 25.205631 ], [ 55.3407655, 25.2055801 ], [ 55.3407917, 25.205534 ], [ 55.3408254, 25.2055068 ], [ 55.3408599, 25.2054952 ], [ 55.3409244, 25.2055171 ], [ 55.340962, 25.2055451 ], [ 55.3410094, 25.2056038 ], [ 55.341025, 25.2056601 ], [ 55.3410214, 25.2057334 ], [ 55.3410065, 25.2057875 ], [ 55.3410001, 25.205839 ], [ 55.3410078, 25.2058828 ], [ 55.341027, 25.2059295 ], [ 55.3410607, 25.2059774 ], [ 55.3411487, 25.2060906 ], [ 55.3412895, 25.2062186 ], [ 55.3414224, 25.206316 ], [ 55.3415923, 25.2063985 ], [ 55.3416814, 25.2064283 ], [ 55.3417568, 25.2064434 ], [ 55.3417979, 25.2064474 ], [ 55.3418424, 25.2064493 ], [ 55.3418695, 25.2064383 ], [ 55.3418995, 25.2064187 ], [ 55.3419265, 25.2063994 ], [ 55.3419643, 25.2063798 ], [ 55.3419906, 25.2063687 ], [ 55.342046, 25.206352 ], [ 55.3421029, 25.206354 ], [ 55.3421729, 25.2063739 ], [ 55.3422402, 25.2064084 ], [ 55.342283, 25.2064423 ], [ 55.3423663, 25.2064139 ], [ 55.3424244, 25.2063925 ], [ 55.3424391, 25.2063768 ], [ 55.3424651, 25.2063619 ], [ 55.3425081, 25.2063536 ], [ 55.342544, 25.2063565 ], [ 55.3426511, 25.2063052 ], [ 55.3426732, 25.2062796 ], [ 55.3426849, 25.2062544 ], [ 55.3427193, 25.2062333 ], [ 55.342761, 25.2062324 ], [ 55.3428593, 25.2061581 ], [ 55.3428664, 25.2061256 ], [ 55.3428826, 25.2060962 ], [ 55.3429076, 25.2060783 ], [ 55.3429407, 25.20607 ], [ 55.3430557, 25.2059681 ], [ 55.3430428, 25.2059353 ], [ 55.3430429, 25.2058975 ], [ 55.3430593, 25.2058698 ], [ 55.3430895, 25.2058438 ], [ 55.3431405, 25.2058418 ], [ 55.3431573, 25.2058164 ], [ 55.3431245, 25.205769 ], [ 55.3431112, 25.205752 ], [ 55.3430852, 25.2057174 ], [ 55.343067, 25.2056963 ], [ 55.3430437, 25.2056582 ], [ 55.3430233, 25.2056236 ], [ 55.3430067, 25.2055745 ], [ 55.3429896, 25.2054974 ], [ 55.3429769, 25.2054422 ], [ 55.342985, 25.205345 ], [ 55.3430276, 25.2052403 ], [ 55.3430606, 25.2051685 ], [ 55.3430879, 25.2051013 ], [ 55.3430874, 25.2050304 ], [ 55.3430932, 25.2050213 ], [ 55.3431108, 25.2049934 ], [ 55.3431178, 25.2049823 ], [ 55.3431199, 25.2049929 ], [ 55.3431284, 25.2050046 ], [ 55.3431424, 25.2049912 ], [ 55.3431445, 25.204977 ], [ 55.3431327, 25.2049636 ], [ 55.3431068, 25.2049585 ], [ 55.3430806, 25.2049539 ], [ 55.343063, 25.2049421 ], [ 55.3430535, 25.2049309 ], [ 55.343049, 25.204918 ], [ 55.3430475, 25.2048808 ], [ 55.3430522, 25.2048477 ], [ 55.3429842, 25.2047525 ], [ 55.3429578, 25.2047509 ], [ 55.3429398, 25.2047487 ], [ 55.3429199, 25.2047439 ], [ 55.3429048, 25.2047367 ], [ 55.3428887, 25.2047172 ], [ 55.3428845, 25.2046953 ], [ 55.3428832, 25.2046549 ], [ 55.3427885, 25.2045838 ], [ 55.3427549, 25.204584 ], [ 55.3427197, 25.2045854 ], [ 55.3427072, 25.2045841 ], [ 55.342695, 25.2045803 ], [ 55.3426847, 25.2045715 ], [ 55.3426702, 25.2045499 ], [ 55.3426642, 25.2045141 ], [ 55.3425639, 25.2044593 ], [ 55.3425233, 25.2044692 ], [ 55.3424906, 25.2044715 ], [ 55.3424588, 25.2044656 ], [ 55.3424391, 25.2044506 ], [ 55.3424246, 25.2044321 ], [ 55.3424079, 25.2043968 ], [ 55.3423961, 25.2043664 ], [ 55.3423839, 25.2043336 ], [ 55.3423038, 25.2043637 ], [ 55.3422117, 25.2044167 ], [ 55.3422179, 25.2044594 ], [ 55.342163, 25.2044829 ], [ 55.3421737, 25.2045007 ], [ 55.342087, 25.2045229 ], [ 55.3420296, 25.204519 ], [ 55.3419737, 25.204507 ], [ 55.3419056, 25.2044767 ], [ 55.3418201, 25.2044288 ], [ 55.3417105, 25.2044561 ], [ 55.3416197, 25.2044909 ], [ 55.3414973, 25.2045378 ], [ 55.3414428, 25.2045674 ], [ 55.3413024, 25.2046678 ], [ 55.3412657, 25.2047058 ], [ 55.3412511, 25.2047524 ], [ 55.341244, 25.2047704 ], [ 55.3412343, 25.2047887 ], [ 55.3412257, 25.2047994 ], [ 55.3412082, 25.2048187 ], [ 55.3411784, 25.204847 ], [ 55.3411264, 25.2048698 ], [ 55.3410849, 25.2048786 ], [ 55.3410331, 25.2048769 ], [ 55.3410451, 25.2048438 ], [ 55.3410899, 25.2047714 ], [ 55.3411573, 25.20468 ], [ 55.3412485, 25.2045849 ], [ 55.3412899, 25.2045352 ], [ 55.341315, 25.2045027 ], [ 55.3413319, 25.2044726 ], [ 55.3413365, 25.2044391 ], [ 55.3413328, 25.2044101 ], [ 55.3413231, 25.2043914 ], [ 55.341302, 25.2043654 ], [ 55.3412777, 25.2043478 ], [ 55.341214, 25.2043132 ], [ 55.3411534, 25.2042858 ], [ 55.3411298, 25.2042802 ], [ 55.3410971, 25.2042764 ], [ 55.3410695, 25.204277 ], [ 55.341032, 25.2042782 ], [ 55.340986, 25.2042737 ], [ 55.3409519, 25.2042643 ], [ 55.3409307, 25.2042541 ], [ 55.3409163, 25.2042408 ], [ 55.340904, 25.2042147 ], [ 55.3408974, 25.2041907 ], [ 55.3408862, 25.2041418 ], [ 55.3408253, 25.2040765 ], [ 55.3407857, 25.2040377 ], [ 55.3407551, 25.2039978 ], [ 55.3406828, 25.2039659 ], [ 55.3406572, 25.2039478 ], [ 55.3406427, 25.203918 ], [ 55.3406365, 25.2038696 ], [ 55.3406446, 25.2038161 ], [ 55.3406012, 25.2037318 ], [ 55.3405693, 25.2036437 ], [ 55.3405479, 25.2036303 ], [ 55.3405279, 25.2036154 ], [ 55.3405132, 25.2036019 ], [ 55.3404968, 25.2035798 ], [ 55.3404875, 25.2035593 ], [ 55.3404859, 25.2035344 ], [ 55.3404906, 25.2035077 ], [ 55.3404997, 25.2034788 ], [ 55.3405183, 25.2034372 ], [ 55.3405087, 25.2033417 ], [ 55.3405073, 25.2032442 ], [ 55.3404937, 25.2032177 ], [ 55.3404696, 25.2031675 ], [ 55.3404649, 25.2031441 ] ] ] ] } },
{ "type": "Feature", "properties": { "osm_id": 499364085, "osm_type": "ways_poly", "opening_hours": null, "landuse": null, "denomination": null, "building": "yes", "leisure": null, "name": null, "historic": null, "amenity": "place_of_worship", "religion": "muslim" }, "geometry": { "type": "MultiPolygon", "coordinates": [ [ [ [ 55.394809, 25.2160275 ], [ 55.3948415, 25.2158894 ], [ 55.3950077, 25.2159214 ], [ 55.3949752, 25.2160595 ], [ 55.3949116, 25.2160473 ], [ 55.394809, 25.2160275 ] ] ] ] } },
{ "type": "Feature", "properties": { "osm_id": 488231390, "osm_type": "ways_poly", "opening_hours": null, "landuse": "grass", "denomination": null, "building": null, "leisure": null, "name": null, "historic": null, "amenity": null, "religion": null }, "geometry": { "type": "MultiPolygon", "coordinates": [ [ [ [ 55.3369861, 25.2454824 ], [ 55.3369982, 25.2454229 ], [ 55.3370398, 25.2453987 ], [ 55.3371068, 25.2454096 ], [ 55.3371739, 25.2454011 ], [ 55.337241, 25.2453793 ], [ 55.3372906, 25.245378 ], [ 55.3373214, 25.2454229 ], [ 55.3373147, 25.245463 ], [ 55.3372544, 25.2454921 ], [ 55.3372047, 25.2455406 ], [ 55.337131, 25.2455661 ], [ 55.3370747, 25.2455551 ], [ 55.337025, 25.2455248 ], [ 55.3369861, 25.2454824 ] ] ] ] } },
{ "type": "Feature", "properties": { "osm_id": 489091226, "osm_type": "ways_poly", "opening_hours": null, "landuse": "grass", "denomination": null, "building": null, "leisure": null, "name": null, "historic": null, "amenity": null, "religion": null }, "geometry": { "type": "MultiPolygon", "coordinates": [ [ [ [ 55.3351592, 25.238355 ], [ 55.3352165, 25.2382761 ], [ 55.3352539, 25.2382984 ], [ 55.3351967, 25.2383773 ], [ 55.3351592, 25.238355 ] ] ] ] } },
{ "type": "Feature", "properties": { "osm_id": 489091222, "osm_type": "ways_poly", "opening_hours": null, "landuse": "grass", "denomination": null, "building": null, "leisure": null, "name": null, "historic": null, "amenity": null, "religion": null }, "geometry": { "type": "MultiPolygon", "coordinates": [ [ [ [ 55.3334125, 25.2405357 ], [ 55.3334159, 25.2404933 ], [ 55.3334159, 25.2404551 ], [ 55.3334213, 25.2404265 ], [ 55.3334447, 25.2403877 ], [ 55.3334803, 25.2403695 ], [ 55.3335151, 25.2403653 ], [ 55.3335621, 25.240378 ], [ 55.3335956, 25.240395 ], [ 55.3336224, 25.2404241 ], [ 55.3336352, 25.2404551 ], [ 55.3336318, 25.2405066 ], [ 55.3336124, 25.2405418 ], [ 55.333605, 25.24058 ], [ 55.3335922, 25.2406164 ], [ 55.3335721, 25.2406498 ], [ 55.3335399, 25.240671 ], [ 55.3334964, 25.2406746 ], [ 55.3334568, 25.2406607 ], [ 55.3334333, 25.2406382 ], [ 55.3334192, 25.2406128 ], [ 55.3334132, 25.2405751 ], [ 55.3334125, 25.2405357 ] ] ] ] } },
{ "type": "Feature", "properties": { "osm_id": 489091236, "osm_type": "ways_poly", "opening_hours": null, "landuse": "grass", "denomination": null, "building": null, "leisure": null, "name": null, "historic": null, "amenity": null, "religion": null }, "geometry": { "type": "MultiPolygon", "coordinates": [ [ [ [ 55.3380886, 25.2359213 ], [ 55.3381248, 25.2358679 ], [ 55.3381597, 25.2358412 ], [ 55.3382147, 25.2358206 ], [ 55.338267, 25.2358339 ], [ 55.3383756, 25.2359019 ], [ 55.3384105, 25.2359334 ], [ 55.3384145, 25.2359722 ], [ 55.3383931, 25.2359989 ], [ 55.3383367, 25.2359965 ], [ 55.3382724, 25.2359941 ], [ 55.3382093, 25.2360135 ], [ 55.3381517, 25.236022 ], [ 55.3381101, 25.2360038 ], [ 55.338094, 25.2359735 ], [ 55.3380886, 25.2359213 ] ] ] ] } },
{ "type": "Feature", "properties": { "osm_id": 489091255, "osm_type": "ways_poly", "opening_hours": null, "landuse": "grass", "denomination": null, "building": null, "leisure": null, "name": null, "historic": null, "amenity": null, "religion": null }, "geometry": { "type": "MultiPolygon", "coordinates": [ [ [ [ 55.3385686, 25.2406058 ], [ 55.3386208, 25.2405832 ], [ 55.3386601, 25.2406573 ], [ 55.3386079, 25.2406799 ], [ 55.3385686, 25.2406058 ] ] ] ] } },
{ "type": "Feature", "properties": { "osm_id": 488231341, "osm_type": "ways_poly", "opening_hours": null, "landuse": "grass", "denomination": null, "building": null, "leisure": null, "name": null, "historic": null, "amenity": null, "religion": null }, "geometry": { "type": "MultiPolygon", "coordinates": [ [ [ [ 55.3378125, 25.2411179 ], [ 55.3378151, 25.2410572 ], [ 55.338046, 25.2410656 ], [ 55.3380434, 25.2411262 ], [ 55.3378125, 25.2411179 ] ] ] ] } },
{ "type": "Feature", "properties": { "osm_id": 488231349, "osm_type": "ways_poly", "opening_hours": null, "landuse": "grass", "denomination": null, "building": null, "leisure": null, "name": null, "historic": null, "amenity": null, "religion": null }, "geometry": { "type": "MultiPolygon", "coordinates": [ [ [ [ 55.3377306, 25.2427328 ], [ 55.3377718, 25.2426295 ], [ 55.3378201, 25.2426453 ], [ 55.3377788, 25.2427485 ], [ 55.3377306, 25.2427328 ] ] ] ] } },
{ "type": "Feature", "properties": { "osm_id": 488231385, "osm_type": "ways_poly", "opening_hours": null, "landuse": "grass", "denomination": null, "building": null, "leisure": null, "name": null, "historic": null, "amenity": null, "religion": null }, "geometry": { "type": "MultiPolygon", "coordinates": [ [ [ [ 55.336273, 25.2460462 ], [ 55.336328, 25.2459645 ], [ 55.3363864, 25.2459966 ], [ 55.3363314, 25.2460783 ], [ 55.336273, 25.2460462 ] ] ] ] } },
{ "type": "Feature", "properties": { "osm_id": 488231395, "osm_type": "ways_poly", "opening_hours": null, "landuse": "grass", "denomination": null, "building": null, "leisure": null, "name": null, "historic": null, "amenity": null, "religion": null }, "geometry": { "type": "MultiPolygon", "coordinates": [ [ [ [ 55.3386465, 25.2425734 ], [ 55.3387279, 25.2424401 ], [ 55.3387695, 25.2424595 ], [ 55.3386881, 25.2425928 ], [ 55.3386465, 25.2425734 ] ] ] ] } },
{ "type": "Feature", "properties": { "osm_id": 1427923643, "osm_type": "ways_poly", "opening_hours": null, "landuse": "grass", "denomination": null, "building": null, "leisure": null, "name": null, "historic": null, "amenity": null, "religion": null }, "geometry": { "type": "MultiPolygon", "coordinates": [ [ [ [ 55.3371434, 25.2626904 ], [ 55.3371491, 25.2626141 ], [ 55.3371616, 25.2625384 ], [ 55.3371746, 25.2624849 ], [ 55.3372026, 25.2625341 ], [ 55.3372344, 25.2625813 ], [ 55.337264, 25.2626193 ], [ 55.3372314, 25.262621 ], [ 55.3372006, 25.2626307 ], [ 55.3371739, 25.2626478 ], [ 55.3371558, 25.2626674 ], [ 55.3371434, 25.2626904 ] ] ] ] } },
{ "type": "Feature", "properties": { "osm_id": 244250023, "osm_type": "ways_poly", "opening_hours": null, "landuse": null, "denomination": null, "building": "mosque", "leisure": null, "name": null, "historic": null, "amenity": "place_of_worship", "religion": "muslim" }, "geometry": { "type": "MultiPolygon", "coordinates": [ [ [ [ 55.3991614, 25.242496 ], [ 55.3992006, 25.2423111 ], [ 55.399373, 25.2423465 ], [ 55.3993716, 25.2423872 ], [ 55.399418, 25.2423977 ], [ 55.3994035, 25.2424933 ], [ 55.3993513, 25.2424894 ], [ 55.3993455, 25.2425274 ], [ 55.3991614, 25.242496 ] ] ] ] } },
{ "type": "Feature", "properties": { "osm_id": 192462631, "osm_type": "ways_poly", "opening_hours": null, "landuse": null, "denomination": "sunni", "building": "yes", "leisure": null, "name": null, "historic": null, "amenity": "place_of_worship", "religion": "muslim" }, "geometry": { "type": "MultiPolygon", "coordinates": [ [ [ [ 55.3599597, 25.2302845 ], [ 55.3599852, 25.2301628 ], [ 55.3601286, 25.2301874 ], [ 55.3601031, 25.2303091 ], [ 55.3599597, 25.2302845 ] ] ] ] } },
{ "type": "Feature", "properties": { "osm_id": 213547329, "osm_type": "ways_poly", "opening_hours": null, "landuse": "grass", "denomination": null, "building": null, "leisure": null, "name": null, "historic": null, "amenity": null, "religion": null }, "geometry": { "type": "MultiPolygon", "coordinates": [ [ [ [ 55.3678699, 25.2166358 ], [ 55.3678854, 25.2166039 ], [ 55.3679023, 25.2165886 ], [ 55.367946, 25.2165874 ], [ 55.3679685, 25.2166065 ], [ 55.3679601, 25.2166498 ], [ 55.3679544, 25.2166689 ], [ 55.3679291, 25.2166778 ], [ 55.3678784, 25.2166625 ], [ 55.3678699, 25.2166358 ] ] ] ] } },
{ "type": "Feature", "properties": { "osm_id": 213547313, "osm_type": "ways_poly", "opening_hours": null, "landuse": "grass", "denomination": null, "building": null, "leisure": null, "name": null, "historic": null, "amenity": null, "religion": null }, "geometry": { "type": "MultiPolygon", "coordinates": [ [ [ [ 55.3674644, 25.2166371 ], [ 55.3674686, 25.2165937 ], [ 55.3674869, 25.2165785 ], [ 55.3675334, 25.2165746 ], [ 55.3675446, 25.2165925 ], [ 55.3675461, 25.2166078 ], [ 55.3675461, 25.2166307 ], [ 55.3675376, 25.2166549 ], [ 55.3675151, 25.2166715 ], [ 55.3674855, 25.2166587 ], [ 55.3674644, 25.2166371 ] ] ] ] } },
{ "type": "Feature", "properties": { "osm_id": 213512321, "osm_type": "ways_poly", "opening_hours": null, "landuse": "meadow", "denomination": null, "building": null, "leisure": null, "name": null, "historic": null, "amenity": null, "religion": null }, "geometry": { "type": "MultiPolygon", "coordinates": [ [ [ [ 55.3722404, 25.2152998 ], [ 55.3722693, 25.215199 ], [ 55.3723477, 25.2149116 ], [ 55.3724013, 25.2145534 ], [ 55.3724632, 25.2140645 ], [ 55.3724508, 25.2139861 ], [ 55.3725374, 25.2139488 ], [ 55.3726653, 25.2140048 ], [ 55.3729747, 25.2139973 ], [ 55.3743854, 25.2138779 ], [ 55.3737089, 25.2146952 ], [ 55.3731438, 25.215352 ], [ 55.3730819, 25.2154005 ], [ 55.3722404, 25.2152998 ] ] ] ] } },
{ "type": "Feature", "properties": { "osm_id": 213547320, "osm_type": "ways_poly", "opening_hours": null, "landuse": "grass", "denomination": null, "building": null, "leisure": null, "name": null, "historic": null, "amenity": null, "religion": null }, "geometry": { "type": "MultiPolygon", "coordinates": [ [ [ [ 55.368201, 25.2136479 ], [ 55.368202, 25.2136235 ], [ 55.36821, 25.2135988 ], [ 55.3682259, 25.213578 ], [ 55.3682409, 25.2135713 ], [ 55.3682633, 25.2135749 ], [ 55.3682742, 25.2135884 ], [ 55.3682797, 25.2136055 ], [ 55.3682812, 25.2136231 ], [ 55.3682752, 25.2136429 ], [ 55.3682672, 25.2136578 ], [ 55.3682573, 25.2136704 ], [ 55.3682453, 25.2136762 ], [ 55.3682145, 25.2136767 ], [ 55.3682035, 25.2136614 ], [ 55.368201, 25.2136479 ] ] ] ] } },
{ "type": "Feature", "properties": { "osm_id": 213547316, "osm_type": "ways_poly", "opening_hours": null, "landuse": "grass", "denomination": null, "building": null, "leisure": null, "name": null, "historic": null, "amenity": null, "religion": null }, "geometry": { "type": "MultiPolygon", "coordinates": [ [ [ [ 55.3683415, 25.2133452 ], [ 55.3683505, 25.2133173 ], [ 55.3683704, 25.2132966 ], [ 55.3683834, 25.2132885 ], [ 55.3683993, 25.2132813 ], [ 55.3684531, 25.213284 ], [ 55.3684561, 25.2133056 ], [ 55.3684471, 25.213338 ], [ 55.3684242, 25.2133723 ], [ 55.3683714, 25.2133885 ], [ 55.3683435, 25.2133732 ], [ 55.3683415, 25.2133452 ] ] ] ] } },
{ "type": "Feature", "properties": { "osm_id": 213547321, "osm_type": "ways_poly", "opening_hours": null, "landuse": "grass", "denomination": null, "building": null, "leisure": null, "name": null, "historic": null, "amenity": null, "religion": null }, "geometry": { "type": "MultiPolygon", "coordinates": [ [ [ [ 55.3684653, 25.2131053 ], [ 55.3684708, 25.2130877 ], [ 55.3684787, 25.2130711 ], [ 55.3684947, 25.2130558 ], [ 55.3685086, 25.2130495 ], [ 55.368535, 25.2130481 ], [ 55.3685459, 25.2130576 ], [ 55.3685514, 25.2130729 ], [ 55.3685534, 25.2130985 ], [ 55.3685469, 25.2131179 ], [ 55.3685275, 25.2131377 ], [ 55.3685091, 25.2131436 ], [ 55.3684957, 25.2131432 ], [ 55.3684842, 25.213135 ], [ 55.3684732, 25.2131233 ], [ 55.3684653, 25.2131053 ] ] ] ] } },
{ "type": "Feature", "properties": { "osm_id": 213547317, "osm_type": "ways_poly", "opening_hours": null, "landuse": "grass", "denomination": null, "building": null, "leisure": null, "name": null, "historic": null, "amenity": null, "religion": null }, "geometry": { "type": "MultiPolygon", "coordinates": [ [ [ [ 55.3683724, 25.2164561 ], [ 55.3683844, 25.2164344 ], [ 55.3683999, 25.2164179 ], [ 55.3684203, 25.216414 ], [ 55.3684449, 25.2164217 ], [ 55.368459, 25.2164402 ], [ 55.3684696, 25.2164739 ], [ 55.3684639, 25.2165 ], [ 55.3684506, 25.2165242 ], [ 55.3684125, 25.2165338 ], [ 55.3683851, 25.2165166 ], [ 55.3683731, 25.2164854 ], [ 55.3683724, 25.2164561 ] ] ] ] } },
{ "type": "Feature", "properties": { "osm_id": 1510614391, "osm_type": "ways_poly", "opening_hours": null, "landuse": "grass", "denomination": null, "building": null, "leisure": null, "name": null, "historic": null, "amenity": null, "religion": null }, "geometry": { "type": "MultiPolygon", "coordinates": [ [ [ [ 55.3792857, 25.2151939 ], [ 55.3795196, 25.2149776 ], [ 55.3795338, 25.2149937 ], [ 55.3795308, 25.2150814 ], [ 55.3794257, 25.2152034 ], [ 55.3792857, 25.2151939 ] ] ] ] } },
{ "type": "Feature", "properties": { "osm_id": 1113255518, "osm_type": "ways_poly", "opening_hours": null, "landuse": null, "denomination": null, "building": "yes", "leisure": null, "name": null, "historic": null, "amenity": "place_of_worship", "religion": "muslim" }, "geometry": { "type": "MultiPolygon", "coordinates": [ [ [ [ 55.39704, 25.2219044 ], [ 55.3970485, 25.2218293 ], [ 55.3971385, 25.2218377 ], [ 55.3971301, 25.2219128 ], [ 55.39704, 25.2219044 ] ] ] ] } },
{ "type": "Feature", "properties": { "osm_id": 462772435, "osm_type": "ways_poly", "opening_hours": null, "landuse": "forest", "denomination": null, "building": null, "leisure": null, "name": null, "historic": null, "amenity": null, "religion": null }, "geometry": { "type": "MultiPolygon", "coordinates": [ [ [ [ 55.459774, 25.205794 ], [ 55.4598147, 25.20535 ], [ 55.4601381, 25.2053056 ], [ 55.4602659, 25.2058001 ], [ 55.4602659, 25.2064342 ], [ 55.460212, 25.2067756 ], [ 55.4599087, 25.2068975 ], [ 55.459774, 25.205794 ] ] ] ] } },
{ "type": "Feature", "properties": { "osm_id": 462772432, "osm_type": "ways_poly", "opening_hours": null, "landuse": "forest", "denomination": null, "building": null, "leisure": null, "name": null, "historic": null, "amenity": null, "religion": null }, "geometry": { "type": "MultiPolygon", "coordinates": [ [ [ [ 55.4496875, 25.2023541 ], [ 55.4506173, 25.2019273 ], [ 55.4523491, 25.2014822 ], [ 55.4549097, 25.2009762 ], [ 55.4571603, 25.200586 ], [ 55.4577061, 25.2006592 ], [ 55.458481, 25.2012201 ], [ 55.4586966, 25.2016469 ], [ 55.4589729, 25.2032565 ], [ 55.459202, 25.2042624 ], [ 55.4591413, 25.2044941 ], [ 55.4594581, 25.2050672 ], [ 55.459357, 25.2053355 ], [ 55.4595726, 25.2059756 ], [ 55.4596804, 25.2068718 ], [ 55.4591077, 25.2070304 ], [ 55.4579082, 25.2071706 ], [ 55.4558733, 25.2077681 ], [ 55.4554555, 25.207762 ], [ 55.4546604, 25.2080424 ], [ 55.4530297, 25.2084753 ], [ 55.4516685, 25.2088289 ], [ 55.4513788, 25.2088045 ], [ 55.4507723, 25.2072133 ], [ 55.450833, 25.2071462 ], [ 55.4503478, 25.2055062 ], [ 55.4498559, 25.2040612 ], [ 55.4497818, 25.2036406 ], [ 55.4500918, 25.2035491 ], [ 55.4496875, 25.2023541 ] ] ] ] } },
{ "type": "Feature", "properties": { "osm_id": 462772430, "osm_type": "ways_poly", "opening_hours": null, "landuse": "forest", "denomination": null, "building": null, "leisure": null, "name": null, "historic": null, "amenity": null, "religion": null }, "geometry": { "type": "MultiPolygon", "coordinates": [ [ [ [ 55.4412666, 25.2095211 ], [ 55.4417855, 25.2093992 ], [ 55.4420011, 25.209137 ], [ 55.442648, 25.2092102 ], [ 55.4434566, 25.2088992 ], [ 55.4439889, 25.2088017 ], [ 55.4442045, 25.2090699 ], [ 55.4449323, 25.2104112 ], [ 55.4448721, 25.2104247 ], [ 55.4445962, 25.2104867 ], [ 55.4439822, 25.2106246 ], [ 55.4430051, 25.2110025 ], [ 55.4421233, 25.2110719 ], [ 55.4419202, 25.2110879 ], [ 55.4415564, 25.210021 ], [ 55.4412666, 25.2095211 ] ] ] ] } },
{ "type": "Feature", "properties": { "osm_id": 462774190, "osm_type": "ways_poly", "opening_hours": null, "landuse": "forest", "denomination": null, "building": null, "leisure": null, "name": null, "historic": null, "amenity": null, "religion": null }, "geometry": { "type": "MultiPolygon", "coordinates": [ [ [ [ 55.4377296, 25.2145131 ], [ 55.4378341, 25.2144483 ], [ 55.4380802, 25.2149001 ], [ 55.4384742, 25.2155512 ], [ 55.4384873, 25.2157247 ], [ 55.4384183, 25.2157478 ], [ 55.4377296, 25.2145131 ] ] ] ] } },
{ "type": "Feature", "properties": { "osm_id": 462774189, "osm_type": "ways_poly", "opening_hours": null, "landuse": "forest", "denomination": null, "building": null, "leisure": null, "name": null, "historic": null, "amenity": null, "religion": null }, "geometry": { "type": "MultiPolygon", "coordinates": [ [ [ [ 55.4384452, 25.215793 ], [ 55.4388373, 25.2160777 ], [ 55.4393916, 25.2166219 ], [ 55.4395597, 25.2168999 ], [ 55.4397515, 25.2174014 ], [ 55.4398907, 25.2176129 ], [ 55.4401219, 25.218131 ], [ 55.4401482, 25.2183354 ], [ 55.4400536, 25.2182926 ], [ 55.4399196, 25.2179147 ], [ 55.4397778, 25.2177888 ], [ 55.4396736, 25.2178004 ], [ 55.4384452, 25.215793 ] ] ] ] } },
{ "type": "Feature", "properties": { "osm_id": 462774185, "osm_type": "ways_poly", "opening_hours": null, "landuse": "forest", "denomination": null, "building": null, "leisure": null, "name": null, "historic": null, "amenity": null, "religion": null }, "geometry": { "type": "MultiPolygon", "coordinates": [ [ [ [ 55.4591934, 25.2240282 ], [ 55.4608327, 25.2231706 ], [ 55.4622867, 25.2259753 ], [ 55.4606545, 25.2265105 ], [ 55.4605904, 25.2263429 ], [ 55.4621014, 25.2259109 ], [ 55.4614599, 25.2247245 ], [ 55.4600701, 25.2253048 ], [ 55.4599774, 25.2250985 ], [ 55.4600843, 25.2250533 ], [ 55.4613387, 25.2245375 ], [ 55.4608826, 25.2236477 ], [ 55.4607329, 25.2233834 ], [ 55.4592718, 25.22417 ], [ 55.4591934, 25.2240282 ] ] ] ] } },
{ "type": "Feature", "properties": { "osm_id": 462772431, "osm_type": "ways_poly", "opening_hours": null, "landuse": "forest", "denomination": null, "building": null, "leisure": null, "name": null, "historic": null, "amenity": null, "religion": null }, "geometry": { "type": "MultiPolygon", "coordinates": [ [ [ [ 55.4409042, 25.2042952 ], [ 55.4431337, 25.2037326 ], [ 55.4439997, 25.2037592 ], [ 55.4451791, 25.2037289 ], [ 55.44612, 25.2036845 ], [ 55.4472283, 25.2033552 ], [ 55.4481933, 25.2029701 ], [ 55.4492454, 25.2024667 ], [ 55.4495563, 25.2025667 ], [ 55.449634, 25.2032144 ], [ 55.4495849, 25.2039843 ], [ 55.4499163, 25.2047209 ], [ 55.4502068, 25.2053464 ], [ 55.4501413, 25.2054352 ], [ 55.4497376, 25.2055298 ], [ 55.4503925, 25.2063232 ], [ 55.4507365, 25.2071065 ], [ 55.4503925, 25.2072371 ], [ 55.4509474, 25.208402 ], [ 55.4511139, 25.208884 ], [ 55.4499501, 25.2092434 ], [ 55.449438, 25.2092677 ], [ 55.4491213, 25.2092494 ], [ 55.4468774, 25.2098469 ], [ 55.4455567, 25.2101578 ], [ 55.4450513, 25.2103102 ], [ 55.4443842, 25.2090848 ], [ 55.4439327, 25.2084264 ], [ 55.4431309, 25.2074327 ], [ 55.441736, 25.2055061 ], [ 55.4409881, 25.2044635 ], [ 55.4409042, 25.2042952 ] ] ] ] } },
{ "type": "Feature", "properties": { "osm_id": 462774188, "osm_type": "ways_poly", "opening_hours": null, "landuse": "forest", "denomination": null, "building": null, "leisure": null, "name": null, "historic": null, "amenity": null, "religion": null }, "geometry": { "type": "MultiPolygon", "coordinates": [ [ [ [ 55.4403876, 25.2183573 ], [ 55.4407012, 25.2182606 ], [ 55.4413142, 25.2181703 ], [ 55.4421552, 25.2180349 ], [ 55.4427468, 25.2178866 ], [ 55.4430319, 25.2183509 ], [ 55.4438729, 25.2197372 ], [ 55.4440938, 25.2202659 ], [ 55.4440511, 25.2208527 ], [ 55.443096, 25.2212653 ], [ 55.4424047, 25.2215813 ], [ 55.442255, 25.2216264 ], [ 55.4420055, 25.220872 ], [ 55.4417062, 25.2201112 ], [ 55.4414496, 25.2194148 ], [ 55.4412215, 25.2192213 ], [ 55.440801, 25.2191891 ], [ 55.4403876, 25.2183573 ] ] ] ] } },
{ "type": "Feature", "properties": { "osm_id": 462774192, "osm_type": "ways_poly", "opening_hours": null, "landuse": "forest", "denomination": null, "building": null, "leisure": null, "name": null, "historic": null, "amenity": null, "religion": null }, "geometry": { "type": "MultiPolygon", "coordinates": [ [ [ [ 55.4423487, 25.2218683 ], [ 55.4424526, 25.2217039 ], [ 55.4436685, 25.221105 ], [ 55.4440622, 25.2209484 ], [ 55.4441141, 25.2209837 ], [ 55.4441747, 25.2216217 ], [ 55.4442742, 25.2219271 ], [ 55.4446031, 25.2222363 ], [ 55.4453646, 25.2228 ], [ 55.4460094, 25.2233167 ], [ 55.4463252, 25.2237551 ], [ 55.4467882, 25.2244792 ], [ 55.4471127, 25.2248981 ], [ 55.4472988, 25.2251603 ], [ 55.4472858, 25.2260058 ], [ 55.4472252, 25.2270862 ], [ 55.4472296, 25.2279238 ], [ 55.4472339, 25.2292508 ], [ 55.4472123, 25.2306325 ], [ 55.447169, 25.2308008 ], [ 55.4460094, 25.2309769 ], [ 55.4447416, 25.2311413 ], [ 55.4435863, 25.2312822 ], [ 55.4432401, 25.2312392 ], [ 55.4430151, 25.2310865 ], [ 55.4429069, 25.2308125 ], [ 55.4428161, 25.2296148 ], [ 55.4427858, 25.228554 ], [ 55.4427295, 25.2278456 ], [ 55.4426906, 25.2270666 ], [ 55.4426473, 25.2262407 ], [ 55.4425954, 25.2249764 ], [ 55.4425737, 25.2240996 ], [ 55.4425218, 25.2230896 ], [ 55.4424742, 25.2224672 ], [ 55.4423487, 25.2218683 ] ] ] ] } },
{ "type": "Feature", "properties": { "osm_id": 432325985, "osm_type": "ways_poly", "opening_hours": null, "landuse": null, "denomination": null, "building": "yes", "leisure": null, "name": null, "historic": null, "amenity": "place_of_worship", "religion": "muslim" }, "geometry": { "type": "MultiPolygon", "coordinates": [ [ [ [ 55.3888773, 25.2041255 ], [ 55.3888955, 25.2040179 ], [ 55.388922, 25.2040216 ], [ 55.3889277, 25.203988 ], [ 55.3889514, 25.2039912 ], [ 55.388964, 25.2039162 ], [ 55.3890727, 25.2039312 ], [ 55.3890608, 25.2040018 ], [ 55.3891121, 25.2040089 ], [ 55.389103, 25.2040632 ], [ 55.3891737, 25.2040729 ], [ 55.3891752, 25.2040644 ], [ 55.3892826, 25.2040793 ], [ 55.3892664, 25.2041751 ], [ 55.3891628, 25.2041608 ], [ 55.3891648, 25.2041489 ], [ 55.3890905, 25.2041386 ], [ 55.3890822, 25.2041874 ], [ 55.388896, 25.2041617 ], [ 55.3889015, 25.2041289 ], [ 55.3888773, 25.2041255 ] ] ] ] } },
{ "type": "Feature", "properties": { "osm_id": 334470460, "osm_type": "ways_poly", "opening_hours": null, "landuse": "residential", "denomination": null, "building": null, "leisure": null, "name": "الورقاء 3", "historic": null, "amenity": null, "religion": null }, "geometry": { "type": "MultiPolygon", "coordinates": [ [ [ [ 55.408828, 25.1912084 ], [ 55.4091607, 25.1902066 ], [ 55.4093028, 25.1897786 ], [ 55.4098922, 25.1879328 ], [ 55.4102665, 25.1866104 ], [ 55.4101171, 25.1855428 ], [ 55.4099312, 25.1842146 ], [ 55.4096698, 25.1823474 ], [ 55.4089576, 25.1783771 ], [ 55.4111179, 25.1780033 ], [ 55.4112356, 25.1779829 ], [ 55.4274755, 25.1751729 ], [ 55.4278832, 25.1783382 ], [ 55.4267889, 25.1817753 ], [ 55.4282909, 25.1921055 ], [ 55.4288917, 25.1944937 ], [ 55.4302221, 25.1963188 ], [ 55.4335695, 25.1986682 ], [ 55.4385477, 25.2028036 ], [ 55.4354149, 25.2045316 ], [ 55.4221218, 25.2082106 ], [ 55.4208765, 25.2079168 ], [ 55.4193945, 25.2038335 ], [ 55.4184963, 25.201049 ], [ 55.4161978, 25.1964411 ], [ 55.4162813, 25.1956832 ], [ 55.415342, 25.1951566 ], [ 55.4137104, 25.1935726 ], [ 55.4127065, 25.1929906 ], [ 55.4114631, 25.1924086 ], [ 55.408828, 25.1912084 ] ] ] ] } },
{ "type": "Feature", "properties": { "osm_id": 396540244, "osm_type": "ways_poly", "opening_hours": null, "landuse": "residential", "denomination": null, "building": null, "leisure": null, "name": "الورقاء 2", "historic": null, "amenity": null, "religion": null }, "geometry": { "type": "MultiPolygon", "coordinates": [ [ [ [ 55.3978416, 25.2002518 ], [ 55.398238, 25.199227 ], [ 55.404382, 25.1959093 ], [ 55.4057843, 25.1948595 ], [ 55.406647, 25.1941124 ], [ 55.4085116, 25.1916002 ], [ 55.4087352, 25.1915671 ], [ 55.4100606, 25.1921998 ], [ 55.4115567, 25.1928583 ], [ 55.4125394, 25.1933321 ], [ 55.4127974, 25.1934263 ], [ 55.414496, 25.1948338 ], [ 55.4152782, 25.1958208 ], [ 55.4154165, 25.1962328 ], [ 55.4158823, 25.1966584 ], [ 55.4171182, 25.1991378 ], [ 55.418285, 25.2016981 ], [ 55.4188361, 25.2031178 ], [ 55.4187936, 25.2035693 ], [ 55.4189918, 25.2039536 ], [ 55.4195581, 25.2053626 ], [ 55.420634, 25.2085648 ], [ 55.4204216, 25.2087697 ], [ 55.4175478, 25.2094614 ], [ 55.4127062, 25.2107678 ], [ 55.4094077, 25.211421 ], [ 55.4062082, 25.2115107 ], [ 55.4047218, 25.2107166 ], [ 55.4022443, 25.2093589 ], [ 55.4012675, 25.207681 ], [ 55.3995404, 25.2043635 ], [ 55.3978416, 25.2002518 ] ] ] ] } },
{ "type": "Feature", "properties": { "osm_id": 646935883, "osm_type": "ways_poly", "opening_hours": null, "landuse": "grass", "denomination": null, "building": null, "leisure": null, "name": null, "historic": null, "amenity": null, "religion": null }, "geometry": { "type": "MultiPolygon", "coordinates": [ [ [ [ 55.4188638, 25.21648 ], [ 55.4189071, 25.2164751 ], [ 55.4189504, 25.2164506 ], [ 55.4189991, 25.2164152 ], [ 55.4190112, 25.2163834 ], [ 55.4190112, 25.2162989 ], [ 55.4192188, 25.2162916 ], [ 55.4192249, 25.2164935 ], [ 55.4192222, 25.2165192 ], [ 55.4192087, 25.2165375 ], [ 55.4191816, 25.2165485 ], [ 55.4191613, 25.2165534 ], [ 55.4188652, 25.2165605 ], [ 55.4188638, 25.21648 ] ] ] ] } },
{ "type": "Feature", "properties": { "osm_id": 646935924, "osm_type": "ways_poly", "opening_hours": null, "landuse": null, "denomination": null, "building": "yes", "leisure": null, "name": null, "historic": null, "amenity": "place_of_worship", "religion": "muslim" }, "geometry": { "type": "MultiPolygon", "coordinates": [ [ [ [ 55.415303, 25.2130464 ], [ 55.4153199, 25.2129387 ], [ 55.4153405, 25.2129413 ], [ 55.4153495, 25.2128842 ], [ 55.4155558, 25.2129107 ], [ 55.415545, 25.2129791 ], [ 55.4155621, 25.2129813 ], [ 55.4155479, 25.2130715 ], [ 55.4155307, 25.2130693 ], [ 55.4155201, 25.213137 ], [ 55.4153136, 25.2131044 ], [ 55.4153203, 25.2130486 ], [ 55.415303, 25.2130464 ] ] ] ] } },
{ "type": "Feature", "properties": { "osm_id": 499916045, "osm_type": "ways_poly", "opening_hours": null, "landuse": null, "denomination": null, "building": "yes", "leisure": null, "name": null, "historic": null, "amenity": "place_of_worship", "religion": "muslim" }, "geometry": { "type": "MultiPolygon", "coordinates": [ [ [ [ 55.4147603, 25.1937768 ], [ 55.4148036, 25.1936058 ], [ 55.4149901, 25.1936444 ], [ 55.4149468, 25.1938155 ], [ 55.4147603, 25.1937768 ] ] ] ] } },
{ "type": "Feature", "properties": { "osm_id": 529153678, "osm_type": "ways_poly", "opening_hours": null, "landuse": null, "denomination": null, "building": "yes", "leisure": null, "name": null, "historic": null, "amenity": "place_of_worship", "religion": "muslim" }, "geometry": { "type": "MultiPolygon", "coordinates": [ [ [ [ 55.4178431, 25.1909816 ], [ 55.4179078, 25.1907182 ], [ 55.418215, 25.1907877 ], [ 55.4181342, 25.1910328 ], [ 55.4178431, 25.1909816 ] ] ] ] } },
{ "type": "Feature", "properties": { "osm_id": 183248404, "osm_type": "ways_poly", "opening_hours": null, "landuse": "residential", "denomination": null, "building": null, "leisure": null, "name": "منطقة 6", "historic": null, "amenity": null, "religion": null }, "geometry": { "type": "MultiPolygon", "coordinates": [ [ [ [ 55.4494195, 25.2634952 ], [ 55.4496873, 25.2630762 ], [ 55.4498182, 25.2625793 ], [ 55.4497423, 25.2619127 ], [ 55.4500937, 25.261748 ], [ 55.453477, 25.2612261 ], [ 55.4537097, 25.2613145 ], [ 55.453909, 25.2615808 ], [ 55.4543496, 25.2639108 ], [ 55.4541977, 25.2641131 ], [ 55.4521317, 25.2644406 ], [ 55.4513297, 25.2645275 ], [ 55.4508044, 25.2643494 ], [ 55.4494195, 25.2634952 ] ] ] ] } },
{ "type": "Feature", "properties": { "osm_id": 183247840, "osm_type": "ways_poly", "opening_hours": null, "landuse": "residential", "denomination": null, "building": null, "leisure": null, "name": "منطقة 5", "historic": null, "amenity": null, "religion": null }, "geometry": { "type": "MultiPolygon", "coordinates": [ [ [ [ 55.4438035, 25.2631909 ], [ 55.4440288, 25.2628804 ], [ 55.444651, 25.2620944 ], [ 55.4452518, 25.2617063 ], [ 55.4462925, 25.2616287 ], [ 55.4495549, 25.2617988 ], [ 55.4497423, 25.2619127 ], [ 55.4498182, 25.2625793 ], [ 55.4496873, 25.2630762 ], [ 55.4494195, 25.2634952 ], [ 55.4478259, 25.2655821 ], [ 55.4438035, 25.2631909 ] ] ] ] } },
{ "type": "Feature", "properties": { "osm_id": 183248403, "osm_type": "ways_poly", "opening_hours": null, "landuse": "residential", "denomination": null, "building": null, "leisure": null, "name": "منطقة 3", "historic": null, "amenity": null, "religion": null }, "geometry": { "type": "MultiPolygon", "coordinates": [ [ [ [ 55.4476012, 25.2702285 ], [ 55.4476706, 25.2699397 ], [ 55.4476322, 25.2690667 ], [ 55.4476969, 25.2687907 ], [ 55.4481316, 25.2681466 ], [ 55.4491915, 25.2667339 ], [ 55.4500793, 25.2672368 ], [ 55.4505743, 25.2673672 ], [ 55.4510095, 25.2674168 ], [ 55.4518066, 25.267295 ], [ 55.4527415, 25.2671788 ], [ 55.4528635, 25.2672837 ], [ 55.4529998, 25.267971 ], [ 55.4531355, 25.2688242 ], [ 55.4529844, 25.2695212 ], [ 55.4526052, 25.2708093 ], [ 55.4518005, 25.2712386 ], [ 55.4476012, 25.2702285 ] ] ] ] } },
{ "type": "Feature", "properties": { "osm_id": 245436306, "osm_type": "ways_poly", "opening_hours": null, "landuse": null, "denomination": null, "building": null, "leisure": "park", "name": null, "historic": null, "amenity": null, "religion": null }, "geometry": { "type": "MultiPolygon", "coordinates": [ [ [ [ 55.3794133, 25.2683266 ], [ 55.3794331, 25.2682635 ], [ 55.3801456, 25.2678687 ], [ 55.3802329, 25.267875 ], [ 55.3807254, 25.268611 ], [ 55.380694, 25.2687089 ], [ 55.3799745, 25.2691006 ], [ 55.3798976, 25.2690816 ], [ 55.3796592, 25.2687358 ], [ 55.3796484, 25.2686683 ], [ 55.379425, 25.2683812 ], [ 55.3794133, 25.2683266 ] ] ] ] } },
{ "type": "Feature", "properties": { "osm_id": 244497637, "osm_type": "ways_poly", "opening_hours": null, "landuse": null, "denomination": null, "building": "mosque", "leisure": null, "name": null, "historic": null, "amenity": "place_of_worship", "religion": "muslim" }, "geometry": { "type": "MultiPolygon", "coordinates": [ [ [ [ 55.370869, 25.2665471 ], [ 55.3709045, 25.266399 ], [ 55.3710587, 25.2664292 ], [ 55.3710233, 25.2665773 ], [ 55.370869, 25.2665471 ] ] ] ] } },
{ "type": "Feature", "properties": { "osm_id": 627289746, "osm_type": "ways_poly", "opening_hours": null, "landuse": "industrial", "denomination": null, "building": null, "leisure": null, "name": null, "historic": null, "amenity": null, "religion": null }, "geometry": { "type": "MultiPolygon", "coordinates": [ [ [ [ 55.362093, 25.265001 ], [ 55.3621339, 25.2649787 ], [ 55.3620995, 25.2649272 ], [ 55.3621068, 25.2648919 ], [ 55.3621768, 25.2648536 ], [ 55.3621937, 25.264879 ], [ 55.3622979, 25.264822 ], [ 55.3622754, 25.2647883 ], [ 55.3624587, 25.2646867 ], [ 55.3625275, 25.2647156 ], [ 55.3625509, 25.2647505 ], [ 55.3625867, 25.264731 ], [ 55.3628634, 25.2651447 ], [ 55.3623698, 25.2654147 ], [ 55.362093, 25.265001 ] ] ] ] } },
{ "type": "Feature", "properties": { "osm_id": 627289780, "osm_type": "ways_poly", "opening_hours": null, "landuse": "industrial", "denomination": null, "building": null, "leisure": null, "name": null, "historic": null, "amenity": null, "religion": null }, "geometry": { "type": "MultiPolygon", "coordinates": [ [ [ [ 55.3610797, 25.2652392 ], [ 55.3616738, 25.2649238 ], [ 55.3621562, 25.2656538 ], [ 55.3621513, 25.2656879 ], [ 55.3621695, 25.2657206 ], [ 55.3621821, 25.2657431 ], [ 55.3622221, 25.2657535 ], [ 55.3622894, 25.2658553 ], [ 55.3622928, 25.2658727 ], [ 55.3622918, 25.2658904 ], [ 55.3622867, 25.2659074 ], [ 55.3622752, 25.2659261 ], [ 55.3622588, 25.2659414 ], [ 55.3618321, 25.2661712 ], [ 55.361797, 25.2661747 ], [ 55.3617619, 25.2661717 ], [ 55.3617282, 25.2661624 ], [ 55.3616973, 25.266147 ], [ 55.3616705, 25.2661263 ], [ 55.3616489, 25.2661012 ], [ 55.3610797, 25.2652392 ] ] ] ] } },
{ "type": "Feature", "properties": { "osm_id": 1426585310, "osm_type": "ways_poly", "opening_hours": null, "landuse": "grass", "denomination": null, "building": null, "leisure": null, "name": null, "historic": null, "amenity": null, "religion": null }, "geometry": { "type": "MultiPolygon", "coordinates": [ [ [ [ 55.3865979, 25.2550253 ], [ 55.3866793, 25.2548812 ], [ 55.386683, 25.2548788 ], [ 55.3866876, 25.2548789 ], [ 55.386691, 25.254881 ], [ 55.3866927, 25.2548846 ], [ 55.3867096, 25.2551342 ], [ 55.3866906, 25.2551042 ], [ 55.3866672, 25.2550769 ], [ 55.3866398, 25.2550529 ], [ 55.3865979, 25.2550253 ] ] ] ] } },
{ "type": "Feature", "properties": { "osm_id": 1426637521, "osm_type": "ways_poly", "opening_hours": null, "landuse": "grass", "denomination": null, "building": null, "leisure": null, "name": null, "historic": null, "amenity": null, "religion": null }, "geometry": { "type": "MultiPolygon", "coordinates": [ [ [ [ 55.389691, 25.2319917 ], [ 55.3899879, 25.2318197 ], [ 55.3899836, 25.2319493 ], [ 55.3898693, 25.2320092 ], [ 55.3898542, 25.2320262 ], [ 55.389847, 25.2320405 ], [ 55.3898432, 25.2320559 ], [ 55.389849, 25.2320773 ], [ 55.3898437, 25.2320869 ], [ 55.3898362, 25.2320952 ], [ 55.3898223, 25.2321045 ], [ 55.3898059, 25.2321095 ], [ 55.3897886, 25.2321098 ], [ 55.3897687, 25.2321072 ], [ 55.389691, 25.2319917 ] ] ] ] } },
{ "type": "Feature", "properties": { "osm_id": 1426785875, "osm_type": "ways_poly", "opening_hours": null, "landuse": "grass", "denomination": null, "building": null, "leisure": null, "name": null, "historic": null, "amenity": null, "religion": null }, "geometry": { "type": "MultiPolygon", "coordinates": [ [ [ [ 55.389406, 25.2337972 ], [ 55.3894099, 25.2337837 ], [ 55.3895988, 25.2339754 ], [ 55.3895758, 25.2339873 ], [ 55.3895494, 25.23399 ], [ 55.3895238, 25.2339835 ], [ 55.3895028, 25.2339687 ], [ 55.3894588, 25.2339257 ], [ 55.3894485, 25.2339119 ], [ 55.3894414, 25.2338965 ], [ 55.389438, 25.2338809 ], [ 55.389438, 25.233865 ], [ 55.3894386, 25.2338534 ], [ 55.389436, 25.233842 ], [ 55.3894281, 25.2338286 ], [ 55.3894159, 25.2338183 ], [ 55.3894095, 25.2338107 ], [ 55.389406, 25.2337972 ] ] ] ] } },
{ "type": "Feature", "properties": { "osm_id": 694660963, "osm_type": "ways_poly", "opening_hours": null, "landuse": "grass", "denomination": null, "building": null, "leisure": null, "name": null, "historic": null, "amenity": null, "religion": null }, "geometry": { "type": "MultiPolygon", "coordinates": [ [ [ [ 55.3441302, 25.2021789 ], [ 55.3441307, 25.2021366 ], [ 55.344334, 25.2021386 ], [ 55.3444851, 25.2021746 ], [ 55.3446886, 25.2022675 ], [ 55.3449759, 25.2023937 ], [ 55.3452143, 25.2025236 ], [ 55.3453844, 25.2026258 ], [ 55.3453453, 25.2026699 ], [ 55.3451794, 25.2025703 ], [ 55.3449494, 25.2024429 ], [ 55.3446608, 25.2023091 ], [ 55.3444658, 25.2022211 ], [ 55.3443233, 25.2021872 ], [ 55.3441302, 25.2021789 ] ] ] ] } },
{ "type": "Feature", "properties": { "osm_id": 433292205, "osm_type": "ways_poly", "opening_hours": null, "landuse": null, "denomination": null, "building": null, "leisure": "park", "name": "Nadd Al Hamar Park 1", "historic": null, "amenity": null, "religion": null }, "geometry": { "type": "MultiPolygon", "coordinates": [ [ [ [ 55.3789416, 25.2002796 ], [ 55.3804214, 25.1999338 ], [ 55.3811288, 25.2023616 ], [ 55.3796165, 25.2027221 ], [ 55.3789416, 25.2002796 ] ] ] ] } },
{ "type": "Feature", "properties": { "osm_id": 502723054, "osm_type": "ways_poly", "opening_hours": null, "landuse": "commercial", "denomination": null, "building": null, "leisure": null, "name": "Volvo", "historic": null, "amenity": null, "religion": null }, "geometry": { "type": "MultiPolygon", "coordinates": [ [ [ [ 55.360191, 25.2329471 ], [ 55.3605817, 25.2327553 ], [ 55.3609063, 25.2332961 ], [ 55.361052, 25.2335389 ], [ 55.3606613, 25.2337308 ], [ 55.3602234, 25.2330011 ], [ 55.360191, 25.2329471 ] ] ] ] } },
{ "type": "Feature", "properties": { "osm_id": 1425240146, "osm_type": "ways_poly", "opening_hours": null, "landuse": "grass", "denomination": null, "building": null, "leisure": null, "name": null, "historic": null, "amenity": null, "religion": null }, "geometry": { "type": "MultiPolygon", "coordinates": [ [ [ [ 55.3608928, 25.2655526 ], [ 55.3610065, 25.2654893 ], [ 55.3610319, 25.2654853 ], [ 55.3610577, 25.265488 ], [ 55.3610817, 25.2654972 ], [ 55.3611018, 25.2655122 ], [ 55.3611164, 25.2655316 ], [ 55.3614684, 25.2660515 ], [ 55.3614385, 25.2660661 ], [ 55.3610825, 25.2655508 ], [ 55.3610661, 25.2655371 ], [ 55.3610459, 25.2655282 ], [ 55.3610244, 25.2655251 ], [ 55.3610029, 25.2655277 ], [ 55.360983, 25.2655356 ], [ 55.36091, 25.2655773 ], [ 55.3608928, 25.2655526 ] ] ] ] } },
{ "type": "Feature", "properties": { "osm_id": 1429721148, "osm_type": "ways_poly", "opening_hours": null, "landuse": "grass", "denomination": null, "building": null, "leisure": null, "name": null, "historic": null, "amenity": null, "religion": null }, "geometry": { "type": "MultiPolygon", "coordinates": [ [ [ [ 55.3504702, 25.247575 ], [ 55.3505018, 25.2475532 ], [ 55.350768, 25.247609 ], [ 55.3508491, 25.2475568 ], [ 55.3508695, 25.2474804 ], [ 55.3510145, 25.2475083 ], [ 55.3510007, 25.2475756 ], [ 55.3509286, 25.2476134 ], [ 55.3509013, 25.2475741 ], [ 55.3508076, 25.2476274 ], [ 55.3507177, 25.2476737 ], [ 55.3506241, 25.247727 ], [ 55.3505889, 25.2477448 ], [ 55.3504702, 25.247575 ] ] ] ] } },
{ "type": "Feature", "properties": { "osm_id": 1425240143, "osm_type": "ways_poly", "opening_hours": null, "landuse": "grass", "denomination": null, "building": null, "leisure": null, "name": null, "historic": null, "amenity": null, "religion": null }, "geometry": { "type": "MultiPolygon", "coordinates": [ [ [ [ 55.3564529, 25.2675314 ], [ 55.3564871, 25.2675581 ], [ 55.3565253, 25.2675799 ], [ 55.3565668, 25.2675962 ], [ 55.3566105, 25.2676066 ], [ 55.3566638, 25.2676109 ], [ 55.3567171, 25.2676066 ], [ 55.356689, 25.2676239 ], [ 55.3566575, 25.2676356 ], [ 55.3566239, 25.2676411 ], [ 55.3565899, 25.2676401 ], [ 55.3565568, 25.2676326 ], [ 55.3565259, 25.2676189 ], [ 55.3564989, 25.2675997 ], [ 55.3564771, 25.2675756 ], [ 55.3564529, 25.2675314 ] ] ] ] } },
{ "type": "Feature", "properties": { "osm_id": 1425240144, "osm_type": "ways_poly", "opening_hours": null, "landuse": "grass", "denomination": null, "building": null, "leisure": null, "name": null, "historic": null, "amenity": null, "religion": null }, "geometry": { "type": "MultiPolygon", "coordinates": [ [ [ [ 55.357991, 25.2667288 ], [ 55.3579948, 25.2667202 ], [ 55.358003, 25.2667147 ], [ 55.3580133, 25.266714 ], [ 55.3580223, 25.2667184 ], [ 55.358063, 25.2667805 ], [ 55.3580644, 25.2667895 ], [ 55.3580603, 25.2667978 ], [ 55.358052, 25.2668028 ], [ 55.358042, 25.266803 ], [ 55.3580334, 25.2667984 ], [ 55.357993, 25.2667379 ], [ 55.357991, 25.2667288 ] ] ] ] } },
{ "type": "Feature", "properties": { "osm_id": 1425253855, "osm_type": "ways_poly", "opening_hours": null, "landuse": "grass", "denomination": null, "building": null, "leisure": null, "name": null, "historic": null, "amenity": null, "religion": null }, "geometry": { "type": "MultiPolygon", "coordinates": [ [ [ [ 55.3598305, 25.2668892 ], [ 55.3598414, 25.266856 ], [ 55.3598598, 25.2668256 ], [ 55.3598847, 25.2667994 ], [ 55.3599152, 25.2667784 ], [ 55.3599498, 25.2667637 ], [ 55.3599826, 25.2667563 ], [ 55.3600162, 25.2667546 ], [ 55.3600207, 25.266895 ], [ 55.3600085, 25.2668955 ], [ 55.3600088, 25.2669165 ], [ 55.3599365, 25.2669187 ], [ 55.3599567, 25.2674529 ], [ 55.360029, 25.2674507 ], [ 55.3600591, 25.2674501 ], [ 55.3600621, 25.2674956 ], [ 55.3599131, 25.267502 ], [ 55.3598962, 25.2674628 ], [ 55.35987, 25.2673021 ], [ 55.3598642, 25.2672572 ], [ 55.359854, 25.2672082 ], [ 55.3598433, 25.2671735 ], [ 55.3598361, 25.2671356 ], [ 55.3598332, 25.2670948 ], [ 55.3598305, 25.2668892 ] ] ] ] } },
{ "type": "Feature", "properties": { "osm_id": 445161112, "osm_type": "ways_poly", "opening_hours": null, "landuse": null, "denomination": null, "building": "mosque", "leisure": null, "name": "Bilal Mosque", "historic": null, "amenity": "place_of_worship", "religion": "muslim" }, "geometry": { "type": "MultiPolygon", "coordinates": [ [ [ [ 55.4176259, 25.2313042 ], [ 55.4176774, 25.2310777 ], [ 55.4178446, 25.2311088 ], [ 55.4178395, 25.2311315 ], [ 55.4179091, 25.2311444 ], [ 55.4178677, 25.2313266 ], [ 55.4178018, 25.2313144 ], [ 55.4177969, 25.231336 ], [ 55.4176259, 25.2313042 ] ] ] ] } },
{ "type": "Feature", "properties": { "osm_id": 646914166, "osm_type": "ways_poly", "opening_hours": null, "landuse": "grass", "denomination": null, "building": null, "leisure": null, "name": null, "historic": null, "amenity": null, "religion": null }, "geometry": { "type": "MultiPolygon", "coordinates": [ [ [ [ 55.409818, 25.2183537 ], [ 55.4098616, 25.2183528 ], [ 55.4098626, 25.2183904 ], [ 55.409819, 25.2183913 ], [ 55.409818, 25.2183537 ] ] ] ] } },
{ "type": "Feature", "properties": { "osm_id": 646505816, "osm_type": "ways_poly", "opening_hours": null, "landuse": "construction", "denomination": null, "building": null, "leisure": null, "name": null, "historic": null, "amenity": null, "religion": null }, "geometry": { "type": "MultiPolygon", "coordinates": [ [ [ [ 55.4078448, 25.2195265 ], [ 55.4096418, 25.2194756 ], [ 55.4096901, 25.2195362 ], [ 55.4096982, 25.2197498 ], [ 55.4089925, 25.2197665 ], [ 55.4082685, 25.2197837 ], [ 55.4082766, 25.2200652 ], [ 55.4078555, 25.2200749 ], [ 55.4078448, 25.2195265 ] ] ] ] } },
{ "type": "Feature", "properties": { "osm_id": 646505831, "osm_type": "ways_poly", "opening_hours": null, "landuse": "construction", "denomination": null, "building": null, "leisure": null, "name": null, "historic": null, "amenity": null, "religion": null }, "geometry": { "type": "MultiPolygon", "coordinates": [ [ [ [ 55.4100717, 25.2191455 ], [ 55.4103802, 25.2191349 ], [ 55.4104178, 25.2203049 ], [ 55.4104246, 25.2205184 ], [ 55.4104317, 25.2207392 ], [ 55.4101259, 25.2207465 ], [ 55.4101185, 25.2205269 ], [ 55.4101112, 25.2203108 ], [ 55.4100717, 25.2191455 ] ] ] ] } },
{ "type": "Feature", "properties": { "osm_id": 462772441, "osm_type": "ways_poly", "opening_hours": null, "landuse": "forest", "denomination": null, "building": null, "leisure": null, "name": "Mushrif Park", "historic": null, "amenity": null, "religion": null }, "geometry": { "type": "MultiPolygon", "coordinates": [ [ [ [ 55.4503149, 25.2093478 ], [ 55.4513256, 25.2090917 ], [ 55.4521342, 25.2088296 ], [ 55.4531854, 25.2086589 ], [ 55.4543713, 25.2084699 ], [ 55.4552541, 25.2081041 ], [ 55.4559885, 25.2078236 ], [ 55.457626, 25.2074091 ], [ 55.4596677, 25.2070494 ], [ 55.4599035, 25.2077322 ], [ 55.4601731, 25.2090735 ], [ 55.4603146, 25.2100489 ], [ 55.4598968, 25.210055 ], [ 55.4592903, 25.2102318 ], [ 55.45832, 25.2105915 ], [ 55.4578955, 25.2109085 ], [ 55.4571071, 25.2110243 ], [ 55.4565007, 25.2112987 ], [ 55.4569723, 25.2111889 ], [ 55.4571071, 25.2112682 ], [ 55.4577136, 25.2111158 ], [ 55.4581313, 25.2108841 ], [ 55.4586165, 25.2109878 ], [ 55.4589534, 25.2107744 ], [ 55.4590712, 25.2107467 ], [ 55.4594453, 25.2106586 ], [ 55.4602539, 25.210372 ], [ 55.4604898, 25.2112804 ], [ 55.4605521, 25.2122501 ], [ 55.4600999, 25.212387 ], [ 55.4597963, 25.2125834 ], [ 55.4593308, 25.2127313 ], [ 55.45925, 25.2127642 ], [ 55.4592836, 25.2127862 ], [ 55.4594992, 25.2127252 ], [ 55.4597081, 25.212665 ], [ 55.4601081, 25.2124566 ], [ 55.4605382, 25.2123708 ], [ 55.4607184, 25.213384 ], [ 55.4613657, 25.2155235 ], [ 55.4617631, 25.2173567 ], [ 55.4619458, 25.2183818 ], [ 55.4620665, 25.2192787 ], [ 55.4622215, 25.2199797 ], [ 55.4623091, 25.2205711 ], [ 55.4621878, 25.2207966 ], [ 55.4623428, 25.2209124 ], [ 55.4624439, 25.2213392 ], [ 55.4625786, 25.2215037 ], [ 55.4620598, 25.2217842 ], [ 55.4602202, 25.2227412 ], [ 55.4573497, 25.2242286 ], [ 55.4561098, 25.2248565 ], [ 55.4521005, 25.2249113 ], [ 55.4521814, 25.2246675 ], [ 55.4524442, 25.2245944 ], [ 55.4525722, 25.2243383 ], [ 55.4527609, 25.2240518 ], [ 55.4530588, 25.2238741 ], [ 55.4541718, 25.2237169 ], [ 55.4544452, 25.2236862 ], [ 55.4564968, 25.2222281 ], [ 55.4581354, 25.2210985 ], [ 55.4593119, 25.2202623 ], [ 55.4604237, 25.2195072 ], [ 55.4608639, 25.2192178 ], [ 55.4609194, 25.2188576 ], [ 55.4609338, 25.2184109 ], [ 55.4609547, 25.2183277 ], [ 55.4610054, 25.2180575 ], [ 55.4609703, 25.2170289 ], [ 55.4609019, 25.216569 ], [ 55.4606948, 25.2164179 ], [ 55.4605497, 25.2163429 ], [ 55.4594887, 25.2156484 ], [ 55.4590275, 25.2147492 ], [ 55.45865, 25.2147731 ], [ 55.4580282, 25.2143909 ], [ 55.4573497, 25.2139819 ], [ 55.4560911, 25.2131305 ], [ 55.4552696, 25.2126142 ], [ 55.4548653, 25.2124762 ], [ 55.4545668, 25.2120973 ], [ 55.454021, 25.2121522 ], [ 55.4537335, 25.211939 ], [ 55.4533033, 25.2115601 ], [ 55.4530492, 25.211308 ], [ 55.4519253, 25.2118169 ], [ 55.451548, 25.2109634 ], [ 55.4529159, 25.2106342 ], [ 55.4528957, 25.2103842 ], [ 55.4506623, 25.2109321 ], [ 55.450544, 25.2101038 ], [ 55.4503149, 25.2093478 ] ] ] ] } },
{ "type": "Feature", "properties": { "osm_id": 1426785876, "osm_type": "ways_poly", "opening_hours": null, "landuse": "grass", "denomination": null, "building": null, "leisure": null, "name": null, "historic": null, "amenity": null, "religion": null }, "geometry": { "type": "MultiPolygon", "coordinates": [ [ [ [ 55.3882679, 25.2335693 ], [ 55.388273, 25.2335605 ], [ 55.3882942, 25.2335637 ], [ 55.3883137, 25.233572 ], [ 55.38833, 25.2335848 ], [ 55.3883407, 25.233599 ], [ 55.3883474, 25.2336151 ], [ 55.3883329, 25.2336233 ], [ 55.3883129, 25.2336258 ], [ 55.3882934, 25.2336207 ], [ 55.388278, 25.2336089 ], [ 55.3882693, 25.2335924 ], [ 55.388268, 25.23358 ], [ 55.3882679, 25.2335693 ] ] ] ] } },
{ "type": "Feature", "properties": { "osm_id": 489091228, "osm_type": "ways_poly", "opening_hours": null, "landuse": "grass", "denomination": null, "building": null, "leisure": null, "name": null, "historic": null, "amenity": null, "religion": null }, "geometry": { "type": "MultiPolygon", "coordinates": [ [ [ [ 55.3354585, 25.2376947 ], [ 55.3355402, 25.2375739 ], [ 55.3355964, 25.237605 ], [ 55.3355147, 25.2377258 ], [ 55.3354585, 25.2376947 ] ] ] ] } },
{ "type": "Feature", "properties": { "osm_id": 489091272, "osm_type": "ways_poly", "opening_hours": null, "landuse": "grass", "denomination": null, "building": null, "leisure": null, "name": null, "historic": null, "amenity": null, "religion": null }, "geometry": { "type": "MultiPolygon", "coordinates": [ [ [ [ 55.3383167, 25.2407133 ], [ 55.3384026, 25.2407052 ], [ 55.3384205, 25.2408604 ], [ 55.3383346, 25.2408685 ], [ 55.3383167, 25.2407133 ] ] ] ] } },
{ "type": "Feature", "properties": { "osm_id": 489091277, "osm_type": "ways_poly", "opening_hours": null, "landuse": "grass", "denomination": null, "building": null, "leisure": null, "name": null, "historic": null, "amenity": null, "religion": null }, "geometry": { "type": "MultiPolygon", "coordinates": [ [ [ [ 55.3372815, 25.2374635 ], [ 55.3372938, 25.2372627 ], [ 55.3373703, 25.2372665 ], [ 55.3373579, 25.2374674 ], [ 55.3372815, 25.2374635 ] ] ] ] } },
{ "type": "Feature", "properties": { "osm_id": 489091282, "osm_type": "ways_poly", "opening_hours": null, "landuse": "grass", "denomination": null, "building": null, "leisure": null, "name": null, "historic": null, "amenity": null, "religion": null }, "geometry": { "type": "MultiPolygon", "coordinates": [ [ [ [ 55.3365175, 25.237468 ], [ 55.3365256, 25.2374304 ], [ 55.3365443, 25.2374025 ], [ 55.3365725, 25.2373782 ], [ 55.3366141, 25.237354 ], [ 55.3366597, 25.2373467 ], [ 55.3367013, 25.237343 ], [ 55.3367522, 25.2373637 ], [ 55.3367656, 25.2373916 ], [ 55.3367629, 25.2374207 ], [ 55.3367522, 25.2374522 ], [ 55.3367334, 25.2375287 ], [ 55.3367294, 25.2375845 ], [ 55.3367187, 25.2376172 ], [ 55.3366905, 25.2376415 ], [ 55.3366476, 25.2376451 ], [ 55.3366007, 25.2376257 ], [ 55.3365229, 25.237502 ], [ 55.3365175, 25.237468 ] ] ] ] } },
{ "type": "Feature", "properties": { "osm_id": 489091293, "osm_type": "ways_poly", "opening_hours": null, "landuse": "grass", "denomination": null, "building": null, "leisure": null, "name": null, "historic": null, "amenity": null, "religion": null }, "geometry": { "type": "MultiPolygon", "coordinates": [ [ [ [ 55.333718, 25.2410676 ], [ 55.3337825, 25.2410081 ], [ 55.3338132, 25.2410353 ], [ 55.3337487, 25.2410948 ], [ 55.333718, 25.2410676 ] ] ] ] } },
{ "type": "Feature", "properties": { "osm_id": 488231347, "osm_type": "ways_poly", "opening_hours": null, "landuse": "grass", "denomination": null, "building": null, "leisure": null, "name": null, "historic": null, "amenity": null, "religion": null }, "geometry": { "type": "MultiPolygon", "coordinates": [ [ [ [ 55.3376961, 25.243207 ], [ 55.3377267, 25.2431284 ], [ 55.3377751, 25.2431438 ], [ 55.3377445, 25.2432224 ], [ 55.3376961, 25.243207 ] ] ] ] } },
{ "type": "Feature", "properties": { "osm_id": 488231351, "osm_type": "ways_poly", "opening_hours": null, "landuse": "grass", "denomination": null, "building": null, "leisure": null, "name": null, "historic": null, "amenity": null, "religion": null }, "geometry": { "type": "MultiPolygon", "coordinates": [ [ [ [ 55.3340435, 25.2457506 ], [ 55.3341266, 25.2456731 ], [ 55.3341749, 25.2457155 ], [ 55.3340918, 25.245793 ], [ 55.3340435, 25.2457506 ] ] ] ] } },
{ "type": "Feature", "properties": { "osm_id": 488231358, "osm_type": "ways_poly", "opening_hours": null, "landuse": "grass", "denomination": null, "building": null, "leisure": null, "name": null, "historic": null, "amenity": null, "religion": null }, "geometry": { "type": "MultiPolygon", "coordinates": [ [ [ [ 55.3316479, 25.2471261 ], [ 55.3316707, 25.2470994 ], [ 55.3317136, 25.2470812 ], [ 55.3317659, 25.24708 ], [ 55.3318262, 25.24708 ], [ 55.3318732, 25.2470945 ], [ 55.3319094, 25.2471236 ], [ 55.331951, 25.2471746 ], [ 55.3319644, 25.2472231 ], [ 55.3319536, 25.2472704 ], [ 55.3319255, 25.2473019 ], [ 55.3318893, 25.2473177 ], [ 55.3318423, 25.2473189 ], [ 55.3318115, 25.2473007 ], [ 55.3317847, 25.2472631 ], [ 55.3317525, 25.2472437 ], [ 55.3316908, 25.2472061 ], [ 55.3316559, 25.2471709 ], [ 55.3316479, 25.2471261 ] ] ] ] } },
{ "type": "Feature", "properties": { "osm_id": 488231399, "osm_type": "ways_poly", "opening_hours": null, "landuse": "grass", "denomination": null, "building": null, "leisure": null, "name": null, "historic": null, "amenity": null, "religion": null }, "geometry": { "type": "MultiPolygon", "coordinates": [ [ [ [ 55.3339967, 25.2411577 ], [ 55.3340778, 25.2411181 ], [ 55.3340982, 25.2411523 ], [ 55.3340171, 25.2411919 ], [ 55.3339967, 25.2411577 ] ] ] ] } },
{ "type": "Feature", "properties": { "osm_id": 1363059171, "osm_type": "ways_poly", "opening_hours": null, "landuse": "grass", "denomination": null, "building": null, "leisure": null, "name": null, "historic": null, "amenity": null, "religion": null }, "geometry": { "type": "MultiPolygon", "coordinates": [ [ [ [ 55.3753603, 25.2606432 ], [ 55.3753951, 25.2606168 ], [ 55.375422, 25.2606484 ], [ 55.3753603, 25.2606432 ] ] ] ] } },
{ "type": "Feature", "properties": { "osm_id": 1363059173, "osm_type": "ways_poly", "opening_hours": null, "landuse": "grass", "denomination": null, "building": null, "leisure": null, "name": null, "historic": null, "amenity": null, "religion": null }, "geometry": { "type": "MultiPolygon", "coordinates": [ [ [ [ 55.3753707, 25.2605684 ], [ 55.3754333, 25.2605737 ], [ 55.375398, 25.2606001 ], [ 55.3753707, 25.2605684 ] ] ] ] } },
{ "type": "Feature", "properties": { "osm_id": 1426381815, "osm_type": "ways_poly", "opening_hours": null, "landuse": "grass", "denomination": null, "building": null, "leisure": null, "name": null, "historic": null, "amenity": null, "religion": null }, "geometry": { "type": "MultiPolygon", "coordinates": [ [ [ [ 55.3717649, 25.2585395 ], [ 55.3717704, 25.2585269 ], [ 55.3717804, 25.2585165 ], [ 55.3717945, 25.2585111 ], [ 55.3718054, 25.258511 ], [ 55.371921, 25.2585478 ], [ 55.3719597, 25.258553 ], [ 55.3720749, 25.2585509 ], [ 55.3721862, 25.2585372 ], [ 55.3722968, 25.2585195 ], [ 55.3724065, 25.2584978 ], [ 55.3725618, 25.2584744 ], [ 55.3725664, 25.2585263 ], [ 55.3723317, 25.2585763 ], [ 55.3722425, 25.2585997 ], [ 55.3721509, 25.258614 ], [ 55.3720768, 25.2586187 ], [ 55.3720026, 25.2586168 ], [ 55.371929, 25.2586084 ], [ 55.3718566, 25.2585936 ], [ 55.3717829, 25.2585714 ], [ 55.371771, 25.2585623 ], [ 55.3717649, 25.2585493 ], [ 55.3717649, 25.2585395 ] ] ] ] } },
{ "type": "Feature", "properties": { "osm_id": 1426381819, "osm_type": "ways_poly", "opening_hours": null, "landuse": "grass", "denomination": null, "building": null, "leisure": null, "name": null, "historic": null, "amenity": null, "religion": null }, "geometry": { "type": "MultiPolygon", "coordinates": [ [ [ [ 55.3728965, 25.2587219 ], [ 55.372899, 25.258654 ], [ 55.3729035, 25.2586425 ], [ 55.3729126, 25.2586336 ], [ 55.3729239, 25.2586289 ], [ 55.3729363, 25.2586282 ], [ 55.3730307, 25.2586306 ], [ 55.3731979, 25.2586413 ], [ 55.3733645, 25.2586588 ], [ 55.3735158, 25.2586779 ], [ 55.3735285, 25.2586804 ], [ 55.3735382, 25.2586882 ], [ 55.3735425, 25.2586993 ], [ 55.3735402, 25.2587109 ], [ 55.3735319, 25.2587199 ], [ 55.3735174, 25.2587267 ], [ 55.3735014, 25.25873 ], [ 55.3734851, 25.2587294 ], [ 55.3731757, 25.2586962 ], [ 55.373174, 25.2587354 ], [ 55.3728965, 25.2587219 ] ] ] ] } },
{ "type": "Feature", "properties": { "osm_id": 317173868, "osm_type": "ways_poly", "opening_hours": null, "landuse": null, "denomination": null, "building": null, "leisure": "park", "name": "Port Saeed Plaza", "historic": null, "amenity": null, "religion": null }, "geometry": { "type": "MultiPolygon", "coordinates": [ [ [ [ 55.3321833, 25.254839 ], [ 55.3322069, 25.2547531 ], [ 55.3322732, 25.254665 ], [ 55.3330938, 25.2541203 ], [ 55.3331802, 25.2541189 ], [ 55.3334301, 25.2544013 ], [ 55.3335136, 25.2545634 ], [ 55.3336309, 25.2551013 ], [ 55.3341429, 25.255019 ], [ 55.33402, 25.2544238 ], [ 55.3341541, 25.2543985 ], [ 55.3343937, 25.2555403 ], [ 55.3335089, 25.255695 ], [ 55.3334581, 25.2554656 ], [ 55.3328082, 25.2552749 ], [ 55.3327264, 25.2552532 ], [ 55.3322953, 25.2553416 ], [ 55.3321833, 25.254839 ] ] ] ] } },
{ "type": "Feature", "properties": { "osm_id": 548174367, "osm_type": "ways_poly", "opening_hours": null, "landuse": "construction", "denomination": null, "building": null, "leisure": null, "name": null, "historic": null, "amenity": null, "religion": null }, "geometry": { "type": "MultiPolygon", "coordinates": [ [ [ [ 55.3261238, 25.2639766 ], [ 55.326561, 25.263745 ], [ 55.3267421, 25.2640276 ], [ 55.3264068, 25.2641986 ], [ 55.3263384, 25.2640882 ], [ 55.3262244, 25.2641379 ], [ 55.3261238, 25.2639766 ] ] ] ] } },
{ "type": "Feature", "properties": { "osm_id": 488231368, "osm_type": "ways_poly", "opening_hours": null, "landuse": "grass", "denomination": null, "building": null, "leisure": null, "name": null, "historic": null, "amenity": null, "religion": null }, "geometry": { "type": "MultiPolygon", "coordinates": [ [ [ [ 55.3290959, 25.2505089 ], [ 55.3292464, 25.2504096 ], [ 55.3292868, 25.2504596 ], [ 55.3291362, 25.2505589 ], [ 55.3290959, 25.2505089 ] ] ] ] } },
{ "type": "Feature", "properties": { "osm_id": 488231377, "osm_type": "ways_poly", "opening_hours": null, "landuse": "grass", "denomination": null, "building": null, "leisure": null, "name": null, "historic": null, "amenity": null, "religion": null }, "geometry": { "type": "MultiPolygon", "coordinates": [ [ [ [ 55.3351997, 25.2487418 ], [ 55.3352004, 25.2486798 ], [ 55.3352884, 25.2486807 ], [ 55.3352877, 25.2487426 ], [ 55.3351997, 25.2487418 ] ] ] ] } },
{ "type": "Feature", "properties": { "osm_id": 488231379, "osm_type": "ways_poly", "opening_hours": null, "landuse": "grass", "denomination": null, "building": null, "leisure": null, "name": null, "historic": null, "amenity": null, "religion": null }, "geometry": { "type": "MultiPolygon", "coordinates": [ [ [ [ 55.3355316, 25.2485894 ], [ 55.3355323, 25.2485275 ], [ 55.3356203, 25.2485283 ], [ 55.3356196, 25.2485902 ], [ 55.3355316, 25.2485894 ] ] ] ] } },
{ "type": "Feature", "properties": { "osm_id": 488231362, "osm_type": "ways_poly", "opening_hours": null, "landuse": "grass", "denomination": null, "building": null, "leisure": null, "name": null, "historic": null, "amenity": null, "religion": null }, "geometry": { "type": "MultiPolygon", "coordinates": [ [ [ [ 55.3287096, 25.2488519 ], [ 55.3289347, 25.2486661 ], [ 55.3290049, 25.2487356 ], [ 55.3288617, 25.2488538 ], [ 55.3287798, 25.2489214 ], [ 55.3287096, 25.2488519 ] ] ] ] } },
{ "type": "Feature", "properties": { "osm_id": 1419367482, "osm_type": "ways_poly", "opening_hours": null, "landuse": "grass", "denomination": null, "building": null, "leisure": null, "name": null, "historic": null, "amenity": null, "religion": null }, "geometry": { "type": "MultiPolygon", "coordinates": [ [ [ [ 55.3261872, 25.2587028 ], [ 55.3262089, 25.2586465 ], [ 55.3261966, 25.2585919 ], [ 55.3262296, 25.258528 ], [ 55.3262919, 25.2584981 ], [ 55.3263249, 25.2584521 ], [ 55.3263956, 25.2584265 ], [ 55.3264673, 25.2584418 ], [ 55.3265333, 25.2584342 ], [ 55.3265917, 25.2584589 ], [ 55.3266257, 25.2585075 ], [ 55.3266691, 25.2585374 ], [ 55.3266417, 25.2585527 ], [ 55.3265946, 25.2585374 ], [ 55.326554, 25.258458 ], [ 55.3264607, 25.2584853 ], [ 55.3263711, 25.2584546 ], [ 55.3263192, 25.2585305 ], [ 55.326224, 25.2585681 ], [ 55.326256, 25.2586482 ], [ 55.3262258, 25.258731 ], [ 55.3263164, 25.2587728 ], [ 55.3263579, 25.258847 ], [ 55.3264465, 25.2588171 ], [ 55.3265352, 25.2588615 ], [ 55.3265823, 25.2587796 ], [ 55.3266653, 25.2587514 ], [ 55.3266332, 25.2586687 ], [ 55.32667, 25.2586133 ], [ 55.3266993, 25.2586056 ], [ 55.3266861, 25.258667 ], [ 55.3266974, 25.2587386 ], [ 55.32667, 25.2587864 ], [ 55.3266191, 25.2588162 ], [ 55.3265731, 25.2588697 ], [ 55.3265147, 25.2588887 ], [ 55.3264409, 25.2588691 ], [ 55.326372, 25.2588836 ], [ 55.3263117, 25.2588606 ], [ 55.3262749, 25.2588052 ], [ 55.3262136, 25.2587702 ], [ 55.3261872, 25.2587028 ] ] ] ] } },
{ "type": "Feature", "properties": { "osm_id": 1427923647, "osm_type": "ways_poly", "opening_hours": null, "landuse": "grass", "denomination": null, "building": null, "leisure": null, "name": null, "historic": null, "amenity": null, "religion": null }, "geometry": { "type": "MultiPolygon", "coordinates": [ [ [ [ 55.3376325, 25.2562585 ], [ 55.3376345, 25.2562106 ], [ 55.3376478, 25.2561479 ], [ 55.3376629, 25.256149 ], [ 55.3376701, 25.2561911 ], [ 55.3376801, 25.2562276 ], [ 55.3377003, 25.2562756 ], [ 55.3377279, 25.2563231 ], [ 55.3377689, 25.2563821 ], [ 55.337804, 25.2564366 ], [ 55.3377677, 25.2564613 ], [ 55.3378097, 25.2565117 ], [ 55.3378459, 25.256487 ], [ 55.3378736, 25.256515 ], [ 55.3378991, 25.2565351 ], [ 55.337939, 25.2565585 ], [ 55.3379827, 25.2565756 ], [ 55.3380325, 25.2565835 ], [ 55.3381139, 25.2565844 ], [ 55.3381173, 25.2565903 ], [ 55.3380612, 25.2566172 ], [ 55.3380091, 25.2566501 ], [ 55.3379618, 25.2566885 ], [ 55.3379158, 25.2567367 ], [ 55.3378773, 25.25679 ], [ 55.3378471, 25.2568474 ], [ 55.3378256, 25.256908 ], [ 55.3378147, 25.2569637 ], [ 55.3378116, 25.2570202 ], [ 55.3378518, 25.257634 ], [ 55.337871, 25.2580288 ], [ 55.3378652, 25.2583672 ], [ 55.3378672, 25.2585273 ], [ 55.3378741, 25.2585555 ], [ 55.337886, 25.2585824 ], [ 55.3379092, 25.2586152 ], [ 55.3379396, 25.2586428 ], [ 55.3379758, 25.2586637 ], [ 55.3380107, 25.2586751 ], [ 55.3380475, 25.2586798 ], [ 55.3380845, 25.2586776 ], [ 55.3380892, 25.2587001 ], [ 55.3380238, 25.2587366 ], [ 55.3379624, 25.2587784 ], [ 55.3379054, 25.258825 ], [ 55.3378553, 25.2588742 ], [ 55.33781, 25.2589271 ], [ 55.3377701, 25.2589835 ], [ 55.3377358, 25.2590427 ], [ 55.337709, 25.2590997 ], [ 55.3376969, 25.2590985 ], [ 55.3377312, 25.2589228 ], [ 55.3377655, 25.2587469 ], [ 55.3377724, 25.2586962 ], [ 55.3377894, 25.2585697 ], [ 55.3378058, 25.2584155 ], [ 55.3378221, 25.258053 ], [ 55.3378221, 25.2578377 ], [ 55.3378129, 25.2576225 ], [ 55.3378011, 25.2574032 ], [ 55.3377775, 25.2571848 ], [ 55.3377539, 25.2569663 ], [ 55.3376374, 25.2563072 ], [ 55.3376325, 25.2562585 ] ] ] ] } },
{ "type": "Feature", "properties": { "osm_id": 1450343555, "osm_type": "ways_poly", "opening_hours": null, "landuse": "grass", "denomination": null, "building": null, "leisure": null, "name": null, "historic": null, "amenity": null, "religion": null }, "geometry": { "type": "MultiPolygon", "coordinates": [ [ [ [ 55.3274288, 25.2506417 ], [ 55.3274536, 25.2506118 ], [ 55.3274857, 25.250595 ], [ 55.32752, 25.2505862 ], [ 55.3275611, 25.2506013 ], [ 55.3275884, 25.2506297 ], [ 55.3276016, 25.2506699 ], [ 55.3275993, 25.2507065 ], [ 55.3275712, 25.2507345 ], [ 55.3274288, 25.2506417 ] ] ] ] } },
{ "type": "Feature", "properties": { "osm_id": 1264556842, "osm_type": "ways_poly", "opening_hours": null, "landuse": "construction", "denomination": null, "building": null, "leisure": null, "name": null, "historic": null, "amenity": null, "religion": null }, "geometry": { "type": "MultiPolygon", "coordinates": [ [ [ [ 55.3611904, 25.1977316 ], [ 55.3612216, 25.1972258 ], [ 55.3619525, 25.1971473 ], [ 55.36195, 25.1973558 ], [ 55.3619484, 25.1974873 ], [ 55.3612464, 25.1975135 ], [ 55.3611904, 25.1977316 ] ] ] ] } },
{ "type": "Feature", "properties": { "osm_id": 1363059194, "osm_type": "ways_poly", "opening_hours": null, "landuse": "grass", "denomination": null, "building": null, "leisure": null, "name": null, "historic": null, "amenity": null, "religion": null }, "geometry": { "type": "MultiPolygon", "coordinates": [ [ [ [ 55.3831436, 25.2564492 ], [ 55.383208, 25.2563446 ], [ 55.3832183, 25.2563155 ], [ 55.383223, 25.2562853 ], [ 55.3832218, 25.2562548 ], [ 55.3832134, 25.2562204 ], [ 55.3832061, 25.2561934 ], [ 55.3832033, 25.2561708 ], [ 55.3832068, 25.2561432 ], [ 55.3832178, 25.2561178 ], [ 55.3832337, 25.2561 ], [ 55.3832551, 25.2560821 ], [ 55.3832796, 25.2561206 ], [ 55.3851295, 25.2550859 ], [ 55.3851049, 25.2550466 ], [ 55.3850919, 25.2550259 ], [ 55.3852863, 25.2549129 ], [ 55.3853206, 25.254954 ], [ 55.3854234, 25.2548841 ], [ 55.3854597, 25.2549203 ], [ 55.3856615, 25.2548036 ], [ 55.3857168, 25.2547684 ], [ 55.385807, 25.2548782 ], [ 55.3854553, 25.2551214 ], [ 55.3853836, 25.2551654 ], [ 55.3853376, 25.2551906 ], [ 55.3852997, 25.25521 ], [ 55.3852672, 25.2552291 ], [ 55.385235, 25.2552482 ], [ 55.3851653, 25.2552924 ], [ 55.3851301, 25.2553115 ], [ 55.3850929, 25.2553273 ], [ 55.385035, 25.2553442 ], [ 55.3849789, 25.2553652 ], [ 55.3849319, 25.2553865 ], [ 55.3848867, 25.2554107 ], [ 55.3848666, 25.255384 ], [ 55.3846734, 25.2554999 ], [ 55.3846932, 25.2555335 ], [ 55.3846379, 25.2555763 ], [ 55.3846011, 25.2556095 ], [ 55.3845625, 25.2556409 ], [ 55.3844998, 25.2556851 ], [ 55.3831436, 25.2564492 ] ] ] ] } },
{ "type": "Feature", "properties": { "osm_id": 2967383, "osm_type": "relations", "opening_hours": null, "landuse": "industrial", "denomination": null, "building": null, "leisure": null, "name": null, "historic": null, "amenity": null, "religion": null }, "geometry": { "type": "MultiPolygon", "coordinates": [ [ [ [ 55.3723485, 25.188954 ], [ 55.3741246, 25.1885056 ], [ 55.3749454, 25.1913769 ], [ 55.3734219, 25.1917579 ], [ 55.3733134, 25.1916828 ], [ 55.3732154, 25.1914623 ], [ 55.3731381, 25.1911777 ], [ 55.3730581, 25.1909468 ], [ 55.3729895, 25.1907779 ], [ 55.3726333, 25.1900589 ], [ 55.3723485, 25.188954 ] ], [ [ 55.3726117, 25.1891545 ], [ 55.372823, 25.1898465 ], [ 55.373057, 25.1897901 ], [ 55.3728145, 25.1889806 ], [ 55.3727079, 25.1890065 ], [ 55.3726117, 25.1891545 ] ], [ [ 55.3728493, 25.1899537 ], [ 55.3730908, 25.1907513 ], [ 55.3733303, 25.1906919 ], [ 55.3730888, 25.1898943 ], [ 55.3728493, 25.1899537 ] ], [ [ 55.3729358, 25.1889549 ], [ 55.3731687, 25.1897484 ], [ 55.3736394, 25.1896353 ], [ 55.3734065, 25.1888418 ], [ 55.3729358, 25.1889549 ] ], [ [ 55.3731068, 25.1908545 ], [ 55.3733484, 25.1916528 ], [ 55.3735887, 25.1915933 ], [ 55.3733471, 25.1907949 ], [ 55.3731068, 25.1908545 ] ], [ [ 55.3732013, 25.1898665 ], [ 55.3734355, 25.1906644 ], [ 55.3739111, 25.1905501 ], [ 55.3736769, 25.1897522 ], [ 55.3732013, 25.1898665 ] ], [ [ 55.3734621, 25.1907663 ], [ 55.3736973, 25.1915677 ], [ 55.3741768, 25.1914524 ], [ 55.3739416, 25.190651 ], [ 55.3734621, 25.1907663 ] ], [ [ 55.3735197, 25.1888197 ], [ 55.3737555, 25.1896239 ], [ 55.3741191, 25.1895366 ], [ 55.3738833, 25.1887324 ], [ 55.3735197, 25.1888197 ] ], [ [ 55.3737964, 25.1897194 ], [ 55.3740333, 25.1905273 ], [ 55.3744011, 25.190439 ], [ 55.3741643, 25.1896311 ], [ 55.3737964, 25.1897194 ] ], [ [ 55.3740454, 25.1906186 ], [ 55.3742855, 25.1913985 ], [ 55.374635, 25.1913104 ], [ 55.374395, 25.1905305 ], [ 55.3740454, 25.1906186 ] ] ] ] } },
{ "type": "Feature", "properties": { "osm_id": 20366314, "osm_type": "relations", "opening_hours": null, "landuse": "grass", "denomination": null, "building": null, "leisure": null, "name": null, "historic": null, "amenity": null, "religion": null }, "geometry": { "type": "MultiPolygon", "coordinates": [ [ [ [ 55.3455872, 25.2356651 ], [ 55.3456017, 25.2356581 ], [ 55.3457957, 25.2356304 ], [ 55.3459206, 25.2355778 ], [ 55.3460125, 25.2355182 ], [ 55.3462316, 25.2353676 ], [ 55.3464436, 25.2352859 ], [ 55.3467491, 25.2352269 ], [ 55.3468944, 25.235163 ], [ 55.3470672, 25.23505 ], [ 55.3472753, 25.2348944 ], [ 55.3474065, 25.2348333 ], [ 55.3477285, 25.2347396 ], [ 55.3478942, 25.2346479 ], [ 55.3481117, 25.2344412 ], [ 55.3482437, 25.2343382 ], [ 55.3483725, 25.2342679 ], [ 55.3484589, 25.234233 ], [ 55.3486819, 25.2341279 ], [ 55.3487973, 25.234037 ], [ 55.3489026, 25.2339155 ], [ 55.3489723, 25.2338191 ], [ 55.3490698, 25.233722 ], [ 55.3491672, 25.2336404 ], [ 55.3492784, 25.2335718 ], [ 55.3494393, 25.2334901 ], [ 55.3495649, 25.2333955 ], [ 55.3496767, 25.2332576 ], [ 55.3497539, 25.233115 ], [ 55.3498808, 25.2329452 ], [ 55.3500201, 25.2328287 ], [ 55.3501352, 25.2327601 ], [ 55.3502405, 25.2326784 ], [ 55.3503229, 25.2325861 ], [ 55.3503896, 25.2324785 ], [ 55.3504295, 25.232372 ], [ 55.3504799, 25.2322548 ], [ 55.3505466, 25.2321602 ], [ 55.3506336, 25.2320708 ], [ 55.3508782, 25.2318922 ], [ 55.35099, 25.231765 ], [ 55.3510685, 25.2316188 ], [ 55.3511372, 25.2314437 ], [ 55.3512032, 25.2313508 ], [ 55.3512882, 25.2312656 ], [ 55.3514655, 25.2311307 ], [ 55.3516167, 25.2309834 ], [ 55.3517336, 25.2307989 ], [ 55.3518097, 25.2306131 ], [ 55.3519009, 25.2305012 ], [ 55.3520042, 25.2304053 ], [ 55.3521239, 25.2303265 ], [ 55.3522395, 25.2302724 ], [ 55.3522272, 25.2303069 ], [ 55.3521755, 25.2303622 ], [ 55.3521674, 25.23042 ], [ 55.3521239, 25.2304729 ], [ 55.3520953, 25.2305356 ], [ 55.3520409, 25.2305713 ], [ 55.3519879, 25.2306304 ], [ 55.3519892, 25.230698 ], [ 55.3518859, 25.2308616 ], [ 55.3518573, 25.2308825 ], [ 55.3517989, 25.230917 ], [ 55.351788, 25.2309982 ], [ 55.3517649, 25.2310301 ], [ 55.3516969, 25.2310929 ], [ 55.3516765, 25.2311519 ], [ 55.3516371, 25.231211 ], [ 55.3515718, 25.2312528 ], [ 55.3515269, 25.2313241 ], [ 55.3514915, 25.231382 ], [ 55.3514032, 25.231409 ], [ 55.3513583, 25.2314718 ], [ 55.3513474, 25.2315443 ], [ 55.3513284, 25.2315861 ], [ 55.3512073, 25.2316526 ], [ 55.3511883, 25.231735 ], [ 55.351104, 25.2318654 ], [ 55.3510496, 25.2319527 ], [ 55.3509803, 25.2319945 ], [ 55.3509449, 25.2320487 ], [ 55.3509177, 25.2321286 ], [ 55.3508932, 25.2321901 ], [ 55.3508307, 25.2322319 ], [ 55.3508062, 25.2322922 ], [ 55.3508048, 25.23235 ], [ 55.3507382, 25.2323906 ], [ 55.3507056, 25.2324386 ], [ 55.3507056, 25.2324976 ], [ 55.3506757, 25.2325407 ], [ 55.3506281, 25.2325788 ], [ 55.350609, 25.2326379 ], [ 55.3505709, 25.2327326 ], [ 55.3505179, 25.2327806 ], [ 55.3504635, 25.2328679 ], [ 55.3504254, 25.232954 ], [ 55.350367, 25.2329884 ], [ 55.3503357, 25.2330512 ], [ 55.3502854, 25.2330832 ], [ 55.3502718, 25.2331447 ], [ 55.3499998, 25.233446 ], [ 55.3499223, 25.2334928 ], [ 55.3498421, 25.2335432 ], [ 55.3498026, 25.2336268 ], [ 55.3496816, 25.2337634 ], [ 55.3496055, 25.2337831 ], [ 55.3495538, 25.2338396 ], [ 55.3495388, 25.2339135 ], [ 55.3490384, 25.2343587 ], [ 55.3489813, 25.2343723 ], [ 55.3489582, 25.2344264 ], [ 55.3488984, 25.2344633 ], [ 55.3488236, 25.2345113 ], [ 55.3487882, 25.2345617 ], [ 55.3487393, 25.2346158 ], [ 55.3486699, 25.2346293 ], [ 55.3486386, 25.2346933 ], [ 55.3485149, 25.2347819 ], [ 55.3484632, 25.2348323 ], [ 55.3484115, 25.2348741 ], [ 55.3483544, 25.2349209 ], [ 55.3482837, 25.2349406 ], [ 55.3482402, 25.2349934 ], [ 55.3482062, 25.2350426 ], [ 55.3481029, 25.2350746 ], [ 55.348077, 25.2351103 ], [ 55.3480009, 25.2351816 ], [ 55.3479125, 25.2351903 ], [ 55.3478731, 25.2352259 ], [ 55.347835, 25.235312 ], [ 55.3475671, 25.2354855 ], [ 55.347461, 25.2354965 ], [ 55.3473944, 25.2355679 ], [ 55.3473359, 25.2356368 ], [ 55.3472679, 25.2356675 ], [ 55.3471605, 25.23567 ], [ 55.3470966, 25.2356872 ], [ 55.3470463, 25.2357536 ], [ 55.3469701, 25.2357979 ], [ 55.346879, 25.2357868 ], [ 55.3468287, 25.2357967 ], [ 55.3467607, 25.2358311 ], [ 55.3466818, 25.2358557 ], [ 55.346603, 25.2358434 ], [ 55.3465472, 25.2358532 ], [ 55.346486, 25.2358668 ], [ 55.3463664, 25.2358508 ], [ 55.3463106, 25.2358028 ], [ 55.3462372, 25.2357782 ], [ 55.3462018, 25.2357868 ], [ 55.3461406, 25.2357991 ], [ 55.3460604, 25.2357917 ], [ 55.3460006, 25.2357585 ], [ 55.3459516, 25.2357462 ], [ 55.3458768, 25.2357524 ], [ 55.3458156, 25.2357438 ], [ 55.3457599, 25.2357007 ], [ 55.3457123, 25.2356921 ], [ 55.3456348, 25.2357007 ], [ 55.3455872, 25.2356651 ] ] ] ] } },
{ "type": "Feature", "properties": { "osm_id": 18471674, "osm_type": "relations", "opening_hours": null, "landuse": "industrial", "denomination": null, "building": null, "leisure": null, "name": null, "historic": null, "amenity": null, "religion": null }, "geometry": { "type": "MultiPolygon", "coordinates": [ [ [ [ 55.4566257, 25.2758169 ], [ 55.4590948, 25.2748917 ], [ 55.4593835, 25.2747894 ], [ 55.4597336, 25.2747095 ], [ 55.4600815, 25.2746567 ], [ 55.460376, 25.2745958 ], [ 55.4605418, 25.2745474 ], [ 55.4618535, 25.2740539 ], [ 55.4640563, 25.273201 ], [ 55.4831924, 25.2664522 ], [ 55.4833066, 25.2667302 ], [ 55.4817837, 25.2700896 ], [ 55.4773414, 25.2718432 ], [ 55.4696172, 25.2748047 ], [ 55.4642098, 25.2766868 ], [ 55.4606145, 25.278585 ], [ 55.4602279, 25.2782224 ], [ 55.4594382, 25.2774411 ], [ 55.4586872, 25.2766681 ], [ 55.4581749, 25.2761271 ], [ 55.4578583, 25.275957 ], [ 55.4575305, 25.2758243 ], [ 55.4566257, 25.2758169 ] ] ] ] } },
{ "type": "Feature", "properties": { "osm_id": 15052595, "osm_type": "relations", "opening_hours": null, "landuse": "residential", "denomination": null, "building": null, "leisure": null, "name": "Al Badia Hillside Village Buildings, Dubai Festival City", "historic": null, "amenity": null, "religion": null }, "geometry": { "type": "MultiPolygon", "coordinates": [ [ [ [ 55.3601996, 25.2217665 ], [ 55.3602031, 25.2216197 ], [ 55.3602039, 25.2215876 ], [ 55.360293, 25.2215894 ], [ 55.3602973, 25.2214105 ], [ 55.3604627, 25.2214138 ], [ 55.3604621, 25.2214386 ], [ 55.3605759, 25.2214408 ], [ 55.3605677, 25.2217738 ], [ 55.3601996, 25.2217665 ] ] ], [ [ [ 55.3606373, 25.2212155 ], [ 55.3609024, 25.2210688 ], [ 55.361061, 25.2213035 ], [ 55.3607193, 25.2214926 ], [ 55.3606406, 25.2213761 ], [ 55.3607173, 25.2213337 ], [ 55.3606373, 25.2212155 ] ] ], [ [ [ 55.3610185, 25.2210604 ], [ 55.361125, 25.2210343 ], [ 55.3611111, 25.2209879 ], [ 55.361259, 25.2209517 ], [ 55.3612736, 25.2210005 ], [ 55.3613768, 25.2209752 ], [ 55.3614695, 25.2212846 ], [ 55.3611119, 25.2213722 ], [ 55.3610185, 25.2210604 ] ] ], [ [ [ 55.3614701, 25.2210469 ], [ 55.3618216, 25.2209529 ], [ 55.3619336, 25.2212954 ], [ 55.361582, 25.2213895 ], [ 55.3614701, 25.2210469 ] ] ], [ [ [ 55.361857, 25.2209817 ], [ 55.3621922, 25.2208164 ], [ 55.3623611, 25.2210969 ], [ 55.362026, 25.2212621 ], [ 55.361857, 25.2209817 ] ] ], [ [ [ 55.3622515, 25.2206011 ], [ 55.3625943, 25.2205114 ], [ 55.3627037, 25.2208535 ], [ 55.3623609, 25.2209432 ], [ 55.3622515, 25.2206011 ] ] ], [ [ [ 55.3626926, 25.220435 ], [ 55.3629141, 25.2201782 ], [ 55.363191, 25.2203736 ], [ 55.3629666, 25.2206338 ], [ 55.3629135, 25.2205963 ], [ 55.3628764, 25.2206393 ], [ 55.3628173, 25.2205976 ], [ 55.3628573, 25.2205513 ], [ 55.3626926, 25.220435 ] ] ] ] } },
{ "type": "Feature", "properties": { "osm_id": 7033390, "osm_type": "relations", "opening_hours": null, "landuse": "commercial", "denomination": null, "building": null, "leisure": null, "name": "Mohammed Zainal Faraidooni LLC warehouse", "historic": null, "amenity": null, "religion": null }, "geometry": { "type": "MultiPolygon", "coordinates": [ [ [ [ 55.3748049, 25.2304675 ], [ 55.375335, 25.2302042 ], [ 55.3756315, 25.2307045 ], [ 55.3752985, 25.2308616 ], [ 55.375092, 25.230959 ], [ 55.3748049, 25.2304675 ] ] ] ] } }
]
}
